Time (s);EOG1;Sampling Rate
0.0000000000e+00;-8.8158428090e-11;250
3.9999999572e-03;1.0451594448e-02;
7.9999999143e-03;1.0025622511e-01;
1.1999999871e-02;3.1064268709e-01;
1.5999999829e-02;3.1915198368e-01;
1.9999999786e-02;-4.1694473470e-01;
2.3999999976e-02;-1.7329762472e+00;
2.7999999933e-02;-2.6633711655e+00;
3.1999999890e-02;-2.8523026696e+00;
3.5999999847e-02;-3.0389713920e+00;
3.9999999804e-02;-3.6079388202e+00;
4.3999999994e-02;-4.0555877353e+00;
4.7999999952e-02;-4.3446542789e+00;
5.1999999909e-02;-5.2735210024e+00;
5.5999999866e-02;-7.0813866025e+00;
5.9999999823e-02;-8.9266024968e+00;
6.3999999780e-02;-1.0055278439e+01;
6.7999999970e-02;-1.0489305393e+01;
7.1999999927e-02;-1.0303488720e+01;
7.5999999885e-02;-9.2626022151e+00;
7.9999999842e-02;-7.6364581677e+00;
8.3999999799e-02;-6.3702121600e+00;
8.7999999989e-02;-5.9822898992e+00;
9.1999999946e-02;-6.0022660401e+00;
9.5999999903e-02;-5.7904834776e+00;
9.9999999860e-02;-5.4146594042e+00;
1.0399999982e-01;-5.2234907802e+00;
1.0799999977e-01;-5.1149072668e+00;
1.1199999996e-01;-5.1238421782e+00;
1.1599999992e-01;-6.1437989722e+00;
1.1999999988e-01;-8.9082774446e+00;
1.2399999984e-01;-1.2528782263e+01;
1.2799999979e-01;-1.5019686769e+01;
1.3199999975e-01;-1.5284312022e+01;
1.3599999971e-01;-1.3919481096e+01;
1.3999999966e-01;-1.1813658091e+01;
1.4399999962e-01;-8.8624539934e+00;
1.4799999958e-01;-5.2870500427e+00;
1.5199999977e-01;-3.4133277712e+00;
1.5599999973e-01;-6.1035935671e+00;
1.5999999968e-01;-1.3615025265e+01;
1.6399999964e-01;-2.3639963572e+01;
1.6799999960e-01;-3.3707094484e+01;
1.7199999979e-01;-4.1690643418e+01;
1.7599999974e-01;-4.5157233076e+01;
1.7999999970e-01;-4.2891815124e+01;
1.8399999966e-01;-3.6942770072e+01;
1.8799999962e-01;-3.1337229873e+01;
1.9199999957e-01;-2.8565150353e+01;
1.9599999976e-01;-2.8267555651e+01;
1.9999999972e-01;-2.9054768675e+01;
2.0399999968e-01;-3.0126864676e+01;
2.0799999963e-01;-3.1082463438e+01;
2.1199999959e-01;-3.1680986255e+01;
2.1599999978e-01;-3.2186039275e+01;
2.1999999974e-01;-3.2898011392e+01;
2.2399999970e-01;-3.3256121778e+01;
2.2799999965e-01;-3.2425491854e+01;
2.3199999961e-01;-3.0673256380e+01;
2.3599999957e-01;-2.9279551172e+01;
2.3999999976e-01;-2.9205116535e+01;
2.4399999972e-01;-3.0228401003e+01;
2.4799999967e-01;-3.1237825045e+01;
2.5199999963e-01;-3.1184925877e+01;
2.5599999959e-01;-2.9666743069e+01;
2.5999999954e-01;-2.6929718140e+01;
2.6399999950e-01;-2.3941137951e+01;
2.6799999946e-01;-2.2146383317e+01;
2.7199999942e-01;-2.2348043856e+01;
2.7599999937e-01;-2.3963332595e+01;
2.7999999956e-01;-2.5859241760e+01;
2.8399999952e-01;-2.7507935638e+01;
2.8799999948e-01;-2.8690839163e+01;
2.9199999943e-01;-2.8788014303e+01;
2.9599999939e-01;-2.7523223775e+01;
2.9999999958e-01;-2.5835924500e+01;
3.0399999954e-01;-2.4947730018e+01;
3.0799999950e-01;-2.5009024157e+01;
3.1199999945e-01;-2.5362200912e+01;
3.1599999941e-01;-2.5691094273e+01;
3.1999999937e-01;-2.6025025739e+01;
3.2399999956e-01;-2.5656669385e+01;
3.2799999951e-01;-2.3494679939e+01;
3.3199999947e-01;-2.0116912571e+01;
3.3599999943e-01;-1.7758162920e+01;
3.3999999939e-01;-1.7359767315e+01;
3.4399999958e-01;-1.7377999913e+01;
3.4799999953e-01;-1.6373855973e+01;
3.5199999949e-01;-1.4966751185e+01;
3.5599999945e-01;-1.4297299740e+01;
3.5999999940e-01;-1.4214332781e+01;
3.6399999936e-01;-1.4033456783e+01;
3.6799999955e-01;-1.3994069113e+01;
3.7199999951e-01;-1.4802097301e+01;
3.7599999947e-01;-1.6298025759e+01;
3.7999999942e-01;-1.7712112605e+01;
3.8399999938e-01;-1.8855249854e+01;
3.8799999934e-01;-2.0211752618e+01;
3.9199999929e-01;-2.1944242753e+01;
3.9599999925e-01;-2.3453114749e+01;
3.9999999921e-01;-2.4302834058e+01;
4.0399999917e-01;-2.4708933810e+01;
4.0799999936e-01;-2.4651279586e+01;
4.1199999931e-01;-2.3712197064e+01;
4.1599999927e-01;-2.2031916774e+01;
4.1999999923e-01;-2.0248099619e+01;
4.2399999918e-01;-1.8403489260e+01;
4.2799999937e-01;-1.5948231549e+01;
4.3199999933e-01;-1.3027282404e+01;
4.3599999929e-01;-1.0954911817e+01;
4.3999999925e-01;-1.0891839578e+01;
4.4399999920e-01;-1.2376752144e+01;
4.4799999916e-01;-1.3803710826e+01;
4.5199999935e-01;-1.4284860406e+01;
4.5599999931e-01;-1.4319432018e+01;
4.5999999926e-01;-1.4674507324e+01;
4.6399999922e-01;-1.5437409947e+01;
4.6799999918e-01;-1.6279277996e+01;
4.7199999937e-01;-1.6833433553e+01;
4.7599999933e-01;-1.6513738129e+01;
4.7999999928e-01;-1.4920269085e+01;
4.8399999924e-01;-1.2810341777e+01;
4.8799999920e-01;-1.1754275338e+01;
4.9199999915e-01;-1.2661506062e+01;
4.9599999934e-01;-1.5261719011e+01;
4.9999999930e-01;-1.8698527311e+01;
5.0399999926e-01;-2.1751876909e+01;
5.0799999922e-01;-2.2943152438e+01;
5.1199999917e-01;-2.1676951283e+01;
5.1599999913e-01;-1.9112022070e+01;
5.1999999909e-01;-1.6946441233e+01;
5.2399999904e-01;-1.5588737369e+01;
5.2799999900e-01;-1.4426119557e+01;
5.3199999896e-01;-1.3520230429e+01;
5.3599999915e-01;-1.3711826190e+01;
5.3999999911e-01;-1.4982799823e+01;
5.4399999906e-01;-1.6099478758e+01;
5.4799999902e-01;-1.6450676171e+01;
5.5199999898e-01;-1.7047825341e+01;
5.5599999917e-01;-1.8877062896e+01;
5.5999999912e-01;-2.1286799612e+01;
5.6399999908e-01;-2.2977438151e+01;
5.6799999904e-01;-2.3697564389e+01;
5.7199999900e-01;-2.3913028319e+01;
5.7599999895e-01;-2.3498716189e+01;
5.7999999914e-01;-2.1804503263e+01;
5.8399999910e-01;-1.8867158515e+01;
5.8799999906e-01;-1.5773936339e+01;
5.9199999901e-01;-1.3674512491e+01;
5.9599999897e-01;-1.3024318172e+01;
5.9999999916e-01;-1.3659229385e+01;
6.0399999912e-01;-1.4767071647e+01;
6.0799999908e-01;-1.5067562363e+01;
6.1199999903e-01;-1.4132262233e+01;
6.1599999899e-01;-1.3198749549e+01;
6.1999999895e-01;-1.3604161113e+01;
6.2399999914e-01;-1.5004078903e+01;
6.2799999909e-01;-1.5908843702e+01;
6.3199999905e-01;-1.5244215781e+01;
6.3599999901e-01;-1.3083485530e+01;
6.3999999897e-01;-1.0532290195e+01;
6.4399999892e-01;-9.2019980112e+00;
6.4799999888e-01;-1.0447451778e+01;
6.5199999884e-01;-1.3954471967e+01;
6.5599999879e-01;-1.6498398801e+01;
6.5999999875e-01;-1.3706669060e+01;
6.6399999894e-01;-3.9500617164e+00;
6.6799999890e-01;1.0510427000e+01;
6.7199999886e-01;2.5790208828e+01;
6.7599999881e-01;3.8513984810e+01;
6.7999999877e-01;4.6415546213e+01;
6.8399999896e-01;4.8564676674e+01;
6.8799999892e-01;4.5936876967e+01;
6.9199999887e-01;4.1413979998e+01;
6.9599999883e-01;3.8113463772e+01;
6.9999999879e-01;3.7276206985e+01;
7.0399999875e-01;3.8265600963e+01;
7.0799999894e-01;4.0372748626e+01;
7.1199999889e-01;4.3464755946e+01;
7.1599999885e-01;4.6703337205e+01;
7.1999999881e-01;4.8175256581e+01;
7.2399999877e-01;4.7014514283e+01;
7.2799999896e-01;4.4743938315e+01;
7.3199999891e-01;4.3352883575e+01;
7.3599999887e-01;4.3158165888e+01;
7.3999999883e-01;4.3330295171e+01;
7.4399999878e-01;4.3393551565e+01;
7.4799999874e-01;4.3243978611e+01;
7.5199999893e-01;4.2492607304e+01;
7.5599999889e-01;4.0962002524e+01;
7.5999999885e-01;3.9312482103e+01;
7.6399999880e-01;3.8193659619e+01;
7.6799999876e-01;3.7446110207e+01;
7.7199999872e-01;3.6928201164e+01;
7.7599999867e-01;3.7152877401e+01;
7.7999999863e-01;3.8272565014e+01;
7.8399999859e-01;3.9174795252e+01;
7.8799999855e-01;3.8517030893e+01;
7.9199999874e-01;3.6473102885e+01;
7.9599999869e-01;3.4442528534e+01;
7.9999999865e-01;3.3045957858e+01;
8.0399999861e-01;3.1802557635e+01;
8.0799999856e-01;3.0973391999e+01;
8.1199999875e-01;3.1972684163e+01;
8.1599999871e-01;3.5332521436e+01;
8.1999999867e-01;3.9670720848e+01;
8.2399999863e-01;4.3183048202e+01;
8.2799999858e-01;4.5131429831e+01;
8.3199999854e-01;4.5474718387e+01;
8.3599999873e-01;4.3986543068e+01;
8.3999999869e-01;4.0839858707e+01;
8.4399999864e-01;3.7631160843e+01;
8.4799999860e-01;3.6235392355e+01;
8.5199999856e-01;3.6586420045e+01;
8.5599999875e-01;3.7026749015e+01;
8.5999999871e-01;3.6642603538e+01;
8.6399999866e-01;3.5709394320e+01;
8.6799999862e-01;3.4350684624e+01;
8.7199999858e-01;3.2496867352e+01;
8.7599999853e-01;3.0752789035e+01;
8.7999999872e-01;2.9833247783e+01;
8.8399999868e-01;2.9404671862e+01;
8.8799999864e-01;2.8590333699e+01;
8.9199999860e-01;2.7631694354e+01;
8.9599999855e-01;2.7993599998e+01;
8.9999999851e-01;3.0205119300e+01;
9.0399999847e-01;3.2673651892e+01;
9.0799999842e-01;3.3624961583e+01;
9.1199999838e-01;3.2960056581e+01;
9.1599999834e-01;3.1336269400e+01;
9.1999999853e-01;2.9303701661e+01;
9.2399999849e-01;2.8136906311e+01;
9.2799999844e-01;2.9384605053e+01;
9.3199999840e-01;3.2754277775e+01;
9.3599999836e-01;3.5847544973e+01;
9.3999999855e-01;3.6504215063e+01;
9.4399999850e-01;3.4720056076e+01;
9.4799999846e-01;3.2042714243e+01;
9.5199999842e-01;2.9605219105e+01;
9.5599999838e-01;2.7498794807e+01;
9.5999999833e-01;2.5985690770e+01;
9.6399999852e-01;2.6038762078e+01;
9.6799999848e-01;2.7987122467e+01;
9.7199999844e-01;3.0665471488e+01;
9.7599999839e-01;3.2722378462e+01;
9.7999999835e-01;3.3705349160e+01;
9.8399999854e-01;3.3465011318e+01;
9.8799999850e-01;3.2125004372e+01;
9.9199999846e-01;3.1065689812e+01;
9.9599999841e-01;3.2143268419e+01;
9.9999999837e-01;3.4837343420e+01;
1.0039999983e+00;3.5568048945e+01;
1.0079999985e+00;3.1162748549e+01;
1.0119999985e+00;2.1673636703e+01;
1.0159999984e+00;8.9394121745e+00;
1.0199999984e+00;-5.7513344354e+00;
1.0239999983e+00;-2.1146554238e+01;
1.0279999983e+00;-3.4537503875e+01;
1.0319999983e+00;-4.2971378962e+01;
1.0359999982e+00;-4.5749098823e+01;
1.0399999982e+00;-4.4364204823e+01;
1.0439999981e+00;-4.0552445158e+01;
1.0479999983e+00;-3.5653933051e+01;
1.0519999983e+00;-3.1243675230e+01;
1.0559999982e+00;-2.8473450266e+01;
1.0599999982e+00;-2.6940051751e+01;
1.0639999982e+00;-2.5804270105e+01;
1.0679999983e+00;-2.5404136926e+01;
1.0719999983e+00;-2.6410110141e+01;
1.0759999983e+00;-2.7935882882e+01;
1.0799999982e+00;-2.7650490962e+01;
1.0839999982e+00;-2.4132537271e+01;
1.0879999981e+00;-1.8763739033e+01;
1.0919999983e+00;-1.4741237704e+01;
1.0959999983e+00;-1.4248625716e+01;
1.0999999982e+00;-1.6907411038e+01;
1.1039999982e+00;-2.0533698586e+01;
1.1079999981e+00;-2.2999988929e+01;
1.1119999983e+00;-2.3652383662e+01;
1.1159999983e+00;-2.2989858210e+01;
1.1199999982e+00;-2.1506602205e+01;
1.1239999982e+00;-1.9541021844e+01;
1.1279999982e+00;-1.7596064442e+01;
1.1319999981e+00;-1.6387220798e+01;
1.1359999983e+00;-1.6689965115e+01;
1.1399999983e+00;-1.8611226905e+01;
1.1439999982e+00;-2.1103462816e+01;
1.1479999982e+00;-2.2706808668e+01;
1.1519999981e+00;-2.2639453332e+01;
1.1559999981e+00;-2.1042707762e+01;
1.1599999981e+00;-1.8354005401e+01;
1.1639999980e+00;-1.5189861813e+01;
1.1679999980e+00;-1.2937809422e+01;
1.1719999979e+00;-1.2869154942e+01;
1.1759999981e+00;-1.4371770655e+01;
1.1799999981e+00;-1.5567441347e+01;
1.1839999980e+00;-1.5838544527e+01;
1.1879999980e+00;-1.6448072921e+01;
1.1919999979e+00;-1.8111118738e+01;
1.1959999981e+00;-1.9379770082e+01;
1.1999999981e+00;-1.8669899463e+01;
1.2039999980e+00;-1.6465820937e+01;
1.2079999980e+00;-1.4235714665e+01;
1.2119999980e+00;-1.2584058673e+01;
1.2159999979e+00;-1.1659168577e+01;
1.2199999981e+00;-1.2097590260e+01;
1.2239999981e+00;-1.4034422699e+01;
1.2279999980e+00;-1.5916776999e+01;
1.2319999980e+00;-1.5937002396e+01;
1.2359999979e+00;-1.4186277976e+01;
1.2399999981e+00;-1.2154187955e+01;
1.2439999981e+00;-1.0745694329e+01;
1.2479999980e+00;-9.8370507184e+00;
1.2519999980e+00;-9.3987584225e+00;
1.2559999980e+00;-9.8392950378e+00;
1.2599999979e+00;-1.0787370699e+01;
1.2639999981e+00;-1.0946744497e+01;
1.2679999981e+00;-9.9587548248e+00;
1.2719999980e+00;-8.6558794071e+00;
1.2759999980e+00;-7.2729331781e+00;
1.2799999979e+00;-5.4995922378e+00;
1.2839999979e+00;-3.8926908393e+00;
1.2879999978e+00;-3.4414822206e+00;
1.2919999978e+00;-4.0752854808e+00;
1.2959999978e+00;-4.7221966510e+00;
1.2999999977e+00;-4.8858209769e+00;
1.3039999979e+00;-5.2470718237e+00;
1.3079999979e+00;-6.3011119092e+00;
1.3119999978e+00;-7.3070071680e+00;
1.3159999978e+00;-7.2704162170e+00;
1.3199999977e+00;-6.4129833591e+00;
1.3239999979e+00;-5.7362788892e+00;
1.3279999979e+00;-5.4391277123e+00;
1.3319999978e+00;-5.1118550568e+00;
1.3359999978e+00;-5.1193904504e+00;
1.3399999978e+00;-6.0896891103e+00;
1.3439999977e+00;-7.3532218451e+00;
1.3479999979e+00;-7.3795660423e+00;
1.3519999979e+00;-5.7622088318e+00;
1.3559999978e+00;-3.7740333673e+00;
1.3599999978e+00;-2.7081905869e+00;
1.3639999977e+00;-2.8509163224e+00;
1.3679999979e+00;-4.2535053961e+00;
1.3719999979e+00;-6.8594696092e+00;
1.3759999978e+00;-9.7648571777e+00;
1.3799999978e+00;-1.1615133134e+01;
1.3839999977e+00;-1.2082879503e+01;
1.3879999977e+00;-1.2193918814e+01;
1.3919999979e+00;-1.2412706817e+01;
1.3959999979e+00;-1.1329722563e+01;
1.3999999978e+00;-7.5255690673e+00;
1.4039999978e+00;-2.1095000989e+00;
1.4079999977e+00;1.9252811934e+00;
1.4119999977e+00;2.7594404422e+00;
1.4159999976e+00;8.6667821440e-01;
1.4199999976e+00;-2.6369015620e+00;
1.4239999976e+00;-6.9379488344e+00;
1.4279999975e+00;-1.0880802308e+01;
1.4319999977e+00;-1.3071259117e+01;
1.4359999977e+00;-1.3084877131e+01;
1.4399999976e+00;-1.1779305817e+01;
1.4439999976e+00;-1.0177094551e+01;
1.4479999975e+00;-8.7427260451e+00;
1.4519999977e+00;-7.8123880182e+00;
1.4559999977e+00;-7.6081332616e+00;
1.4599999976e+00;-7.6947680719e+00;
1.4639999976e+00;-7.5221345566e+00;
1.4679999975e+00;-7.3139778120e+00;
1.4719999975e+00;-7.5441521456e+00;
1.4759999977e+00;-7.8571198691e+00;
1.4799999977e+00;-7.3059467686e+00;
1.4839999976e+00;-5.7770783380e+00;
1.4879999976e+00;-4.4230995618e+00;
1.4919999975e+00;-4.2467276189e+00;
1.4959999977e+00;-4.8572116152e+00;
1.4999999977e+00;-5.0839753326e+00;
1.5039999976e+00;-4.4594566039e+00;
1.5079999976e+00;-3.5279311939e+00;
1.5119999975e+00;-2.9875454236e+00;
1.5159999975e+00;-3.3878566793e+00;
1.5199999977e+00;-5.0862718776e+00;
1.5239999976e+00;-7.3994353785e+00;
1.5279999976e+00;-8.7732405580e+00;
1.5319999976e+00;-8.7874383743e+00;
1.5359999975e+00;-8.6875998244e+00;
1.5399999975e+00;-9.1980025294e+00;
1.5439999974e+00;-9.2645681347e+00;
1.5479999974e+00;-7.6479400912e+00;
1.5519999973e+00;-4.7989989202e+00;
1.5559999973e+00;-2.5889301262e+00;
1.5599999975e+00;-2.5017087234e+00;
1.5639999975e+00;-4.6824746790e+00;
1.5679999974e+00;-8.6292353926e+00;
1.5719999974e+00;-1.3712171950e+01;
1.5759999973e+00;-1.8357108089e+01;
1.5799999975e+00;-1.9467778817e+01;
1.5839999975e+00;-1.4218004323e+01;
1.5879999974e+00;-2.7434072536e+00;
1.5919999974e+00;1.1842215380e+01;
1.5959999973e+00;2.5572261602e+01;
1.5999999973e+00;3.5063363185e+01;
1.6039999975e+00;3.8336715359e+01;
1.6079999974e+00;3.5820612945e+01;
1.6119999974e+00;3.0519525940e+01;
1.6159999974e+00;2.6357705319e+01;
1.6199999973e+00;2.5702903642e+01;
1.6239999975e+00;2.8278703756e+01;
1.6279999975e+00;3.2136792848e+01;
1.6319999974e+00;3.5196218446e+01;
1.6359999974e+00;3.6072736233e+01;
1.6399999973e+00;3.4579692665e+01;
1.6439999973e+00;3.2008029703e+01;
1.6479999975e+00;3.0295191966e+01;
1.6519999974e+00;3.0458990908e+01;
1.6559999974e+00;3.1908934255e+01;
1.6599999974e+00;3.3528024096e+01;
1.6639999973e+00;3.5091890964e+01;
1.6679999973e+00;3.6735490260e+01;
1.6719999972e+00;3.7668988084e+01;
1.6759999972e+00;3.6739160143e+01;
1.6799999971e+00;3.3859788656e+01;
1.6839999971e+00;3.0100924743e+01;
1.6879999973e+00;2.6638456352e+01;
1.6919999972e+00;2.4192081692e+01;
1.6959999972e+00;2.3409504899e+01;
1.6999999972e+00;2.4859653372e+01;
1.7039999971e+00;2.8183204671e+01;
1.7079999973e+00;3.2036492332e+01;
1.7119999973e+00;3.5115958211e+01;
1.7159999972e+00;3.6574494482e+01;
1.7199999972e+00;3.5882383382e+01;
1.7239999971e+00;3.3308973576e+01;
1.7279999971e+00;3.0179921257e+01;
1.7319999973e+00;2.7818546838e+01;
1.7359999972e+00;2.6541501338e+01;
1.7399999972e+00;2.5992580541e+01;
1.7439999972e+00;2.5780259475e+01;
1.7479999971e+00;2.5581094897e+01;
1.7519999973e+00;2.5059349510e+01;
1.7559999973e+00;2.4133053031e+01;
1.7599999972e+00;2.3561680449e+01;
1.7639999972e+00;2.4438992670e+01;
1.7679999971e+00;2.6599643965e+01;
1.7719999971e+00;2.8538267539e+01;
1.7759999973e+00;2.9231988179e+01;
1.7799999972e+00;2.9215495024e+01;
1.7839999972e+00;2.9497405761e+01;
1.7879999971e+00;3.0070574902e+01;
1.7919999971e+00;3.0300845616e+01;
1.7959999971e+00;3.0212408307e+01;
1.7999999970e+00;3.0244833947e+01;
1.8039999970e+00;3.0154529396e+01;
1.8079999969e+00;2.9367214122e+01;
1.8119999969e+00;2.8403359273e+01;
1.8159999971e+00;2.8769761354e+01;
1.8199999970e+00;3.0897490265e+01;
1.8239999970e+00;3.3106263234e+01;
1.8279999970e+00;3.3359392650e+01;
1.8319999969e+00;3.1385757445e+01;
1.8359999971e+00;2.8310672528e+01;
1.8399999971e+00;2.4998318402e+01;
1.8439999970e+00;2.2071981799e+01;
1.8479999970e+00;2.0927194312e+01;
1.8519999969e+00;2.2767758139e+01;
1.8559999969e+00;2.6569404357e+01;
1.8599999971e+00;2.9712486866e+01;
1.8639999970e+00;3.0621791395e+01;
1.8679999970e+00;2.9550689868e+01;
1.8719999969e+00;2.7470972816e+01;
1.8759999969e+00;2.5464144467e+01;
1.8799999971e+00;2.4610013205e+01;
1.8839999971e+00;2.5156216721e+01;
1.8879999970e+00;2.5865653530e+01;
1.8919999970e+00;2.5264834346e+01;
1.8959999969e+00;2.3301951184e+01;
1.8999999969e+00;2.0854830944e+01;
1.9039999971e+00;1.8374582477e+01;
1.9079999970e+00;1.5958353304e+01;
1.9119999970e+00;1.4159191121e+01;
1.9159999969e+00;1.4105678138e+01;
1.9199999969e+00;1.6937550251e+01;
1.9239999969e+00;2.3127538767e+01;
1.9279999968e+00;3.2052857374e+01;
1.9319999968e+00;4.1984941708e+01;
1.9359999967e+00;5.0372152134e+01;
1.9399999967e+00;5.4632812184e+01;
1.9439999969e+00;5.3744114171e+01;
1.9479999968e+00;4.9092397979e+01;
1.9519999968e+00;4.3188425791e+01;
1.9559999967e+00;3.8033176834e+01;
1.9599999967e+00;3.4930812482e+01;
1.9639999969e+00;3.4543432498e+01;
1.9679999969e+00;3.6334098595e+01;
1.9719999968e+00;3.8754692952e+01;
1.9759999968e+00;4.0588262782e+01;
1.9799999967e+00;4.1738601546e+01;
1.9839999967e+00;4.2339125622e+01;
1.9879999969e+00;4.1792351604e+01;
1.9919999968e+00;3.9680221775e+01;
1.9959999968e+00;3.7015430839e+01;
1.9999999967e+00;3.5241260578e+01;
2.0039999967e+00;3.4375182959e+01;
2.0079999969e+00;3.3613057068e+01;
2.0119999968e+00;3.3169098278e+01;
2.0159999968e+00;3.3739514292e+01;
2.0199999968e+00;3.4889528144e+01;
2.0239999967e+00;3.5490070119e+01;
2.0279999967e+00;3.5178173527e+01;
2.0319999969e+00;3.4644289376e+01;
2.0359999968e+00;3.4660959257e+01;
2.0399999968e+00;3.5006724143e+01;
2.0439999967e+00;3.4811137726e+01;
2.0479999967e+00;3.4061022637e+01;
2.0519999966e+00;3.3762832892e+01;
2.0559999966e+00;3.4448199628e+01;
2.0599999966e+00;3.5639964750e+01;
2.0639999965e+00;3.6747217744e+01;
2.0679999965e+00;3.7260978240e+01;
2.0719999967e+00;3.6285197852e+01;
2.0759999966e+00;3.3234534862e+01;
2.0799999966e+00;2.9041231685e+01;
2.0839999965e+00;2.5728804688e+01;
2.0879999965e+00;2.4717101313e+01;
2.0919999967e+00;2.5977465490e+01;
2.0959999966e+00;2.8461608086e+01;
2.0999999966e+00;3.0938604973e+01;
2.1039999966e+00;3.2682922068e+01;
2.1079999965e+00;3.3573117148e+01;
2.1119999965e+00;3.3714434615e+01;
2.1159999967e+00;3.3123345698e+01;
2.1199999966e+00;3.1866984287e+01;
2.1239999966e+00;3.0625092180e+01;
2.1279999965e+00;3.0583876517e+01;
2.1319999965e+00;3.2137617420e+01;
2.1359999967e+00;3.4068638160e+01;
2.1399999966e+00;3.4581501393e+01;
2.1439999966e+00;3.3054263113e+01;
2.1479999966e+00;3.0561581774e+01;
2.1519999965e+00;2.8762470909e+01;
2.1559999965e+00;2.8362062079e+01;
2.1599999967e+00;2.8769474877e+01;
2.1639999966e+00;2.9206708387e+01;
2.1679999966e+00;2.9419270858e+01;
2.1719999965e+00;2.9180291552e+01;
2.1759999965e+00;2.8215027784e+01;
2.1799999964e+00;2.6819545950e+01;
2.1839999964e+00;2.5805797459e+01;
2.1879999964e+00;2.5864573829e+01;
2.1919999963e+00;2.6900326433e+01;
2.1959999963e+00;2.7317184097e+01;
2.1999999965e+00;2.4359414757e+01;
2.2039999964e+00;1.6137718113e+01;
2.2079999964e+00;3.3915591995e+00;
2.2119999963e+00;-1.0883000667e+01;
2.2159999963e+00;-2.3640498990e+01;
2.2199999965e+00;-3.3599926918e+01;
2.2239999964e+00;-4.0509965002e+01;
2.2279999964e+00;-4.3612570169e+01;
2.2319999964e+00;-4.2430601024e+01;
2.2359999963e+00;-3.8595511439e+01;
2.2399999963e+00;-3.5391911280e+01;
2.2439999965e+00;-3.5024396661e+01;
2.2479999964e+00;-3.6861666749e+01;
2.2519999964e+00;-3.8704639221e+01;
2.2559999963e+00;-3.9146932979e+01;
2.2599999963e+00;-3.8190764425e+01;
2.2639999965e+00;-3.6335826520e+01;
2.2679999964e+00;-3.4257863928e+01;
2.2719999964e+00;-3.3070837625e+01;
2.2759999963e+00;-3.3438012888e+01;
2.2799999963e+00;-3.4590754847e+01;
2.2839999963e+00;-3.5447118240e+01;
2.2879999964e+00;-3.6052306161e+01;
2.2919999964e+00;-3.6992918378e+01;
2.2959999964e+00;-3.8113650105e+01;
2.2999999963e+00;-3.8441349664e+01;
2.3039999963e+00;-3.7301507254e+01;
2.3079999962e+00;-3.5100838588e+01;
2.3119999962e+00;-3.2758565880e+01;
2.3159999961e+00;-3.1099235244e+01;
2.3199999961e+00;-3.0957859889e+01;
2.3239999961e+00;-3.2719422582e+01;
2.3279999963e+00;-3.5539791880e+01;
2.3319999962e+00;-3.7953635013e+01;
2.3359999962e+00;-3.9368402445e+01;
2.3399999961e+00;-4.0152336186e+01;
2.3439999961e+00;-4.0409927968e+01;
2.3479999963e+00;-3.9819971474e+01;
2.3519999962e+00;-3.8507753341e+01;
2.3559999962e+00;-3.7313961021e+01;
2.3599999961e+00;-3.7226832451e+01;
2.3639999961e+00;-3.8386384481e+01;
2.3679999961e+00;-3.9796075624e+01;
2.3719999962e+00;-4.0305358014e+01;
2.3759999962e+00;-3.9416655064e+01;
2.3799999962e+00;-3.7074947743e+01;
2.3839999961e+00;-3.3515774125e+01;
2.3879999961e+00;-2.9804243155e+01;
2.3919999963e+00;-2.7522103955e+01;
2.3959999962e+00;-2.7100320193e+01;
2.3999999962e+00;-2.7619181228e+01;
2.4039999961e+00;-2.8631984759e+01;
2.4079999961e+00;-3.0379188138e+01;
2.4119999961e+00;-3.2060475289e+01;
2.4159999962e+00;-3.2096153566e+01;
2.4199999962e+00;-3.0539411325e+01;
2.4239999962e+00;-2.9488400085e+01;
2.4279999961e+00;-3.0425861496e+01;
2.4319999961e+00;-3.2359111977e+01;
2.4359999960e+00;-3.3577575158e+01;
2.4399999960e+00;-3.3976591974e+01;
2.4439999959e+00;-3.4104729957e+01;
2.4479999959e+00;-3.3457069627e+01;
2.4519999959e+00;-3.1450145626e+01;
2.4559999960e+00;-2.8722589583e+01;
2.4599999960e+00;-2.6371514145e+01;
2.4639999960e+00;-2.4960932281e+01;
2.4679999959e+00;-2.4761333193e+01;
2.4719999959e+00;-2.5927736016e+01;
2.4759999961e+00;-2.7664352180e+01;
2.4799999960e+00;-2.8088680101e+01;
2.4839999960e+00;-2.6294457562e+01;
2.4879999959e+00;-2.3911616788e+01;
2.4919999959e+00;-2.3098531731e+01;
2.4959999959e+00;-2.3663268061e+01;
2.4999999960e+00;-2.3570842634e+01;
2.5039999960e+00;-2.1634526837e+01;
2.5079999960e+00;-1.8561410572e+01;
2.5119999959e+00;-1.5864502513e+01;
2.5159999959e+00;-1.4649855059e+01;
2.5199999961e+00;-1.5189779194e+01;
2.5239999960e+00;-1.7032944158e+01;
2.5279999960e+00;-1.9509666613e+01;
2.5319999959e+00;-2.2452844315e+01;
2.5359999959e+00;-2.6623865023e+01;
2.5399999958e+00;-3.3020645795e+01;
2.5439999960e+00;-4.1104491866e+01;
2.5479999960e+00;-4.8057838713e+01;
2.5519999960e+00;-5.0770354913e+01;
2.5559999959e+00;-4.8659926456e+01;
2.5599999959e+00;-4.3861933756e+01;
2.5639999958e+00;-3.8833506634e+01;
2.5679999958e+00;-3.4890519880e+01;
2.5719999957e+00;-3.2844756304e+01;
2.5759999957e+00;-3.3118407135e+01;
2.5799999957e+00;-3.4533958104e+01;
2.5839999958e+00;-3.4589387069e+01;
2.5879999958e+00;-3.1971837351e+01;
2.5919999958e+00;-2.8072261578e+01;
2.5959999957e+00;-2.5524213677e+01;
2.5999999957e+00;-2.5630716714e+01;
2.6039999959e+00;-2.7432945220e+01;
2.6079999958e+00;-2.9063168188e+01;
2.6119999958e+00;-2.9443282433e+01;
2.6159999957e+00;-2.8551874492e+01;
2.6199999957e+00;-2.6983583159e+01;
2.6239999956e+00;-2.5574497202e+01;
2.6279999958e+00;-2.4762148418e+01;
2.6319999958e+00;-2.4272088173e+01;
2.6359999957e+00;-2.3747236981e+01;
2.6399999957e+00;-2.3362301354e+01;
2.6439999957e+00;-2.3328004122e+01;
2.6479999959e+00;-2.3152657698e+01;
2.6519999958e+00;-2.2211275774e+01;
2.6559999958e+00;-2.0730590087e+01;
2.6599999957e+00;-1.9368846850e+01;
2.6639999957e+00;-1.8356217022e+01;
2.6679999956e+00;-1.7868995938e+01;
2.6719999958e+00;-1.8333643740e+01;
2.6759999958e+00;-1.9570289889e+01;
2.6799999957e+00;-2.0572155582e+01;
2.6839999957e+00;-2.0571695490e+01;
2.6879999957e+00;-1.9753531532e+01;
2.6919999956e+00;-1.8906707103e+01;
2.6959999956e+00;-1.8611059445e+01;
2.6999999955e+00;-1.8703022616e+01;
2.7039999955e+00;-1.8677803656e+01;
2.7079999954e+00;-1.8574513176e+01;
2.7119999956e+00;-1.8818391748e+01;
2.7159999956e+00;-1.9203330771e+01;
2.7199999955e+00;-1.9054005412e+01;
2.7239999955e+00;-1.8345206436e+01;
2.7279999955e+00;-1.7512569757e+01;
2.7319999957e+00;-1.6450195327e+01;
2.7359999956e+00;-1.4794199430e+01;
2.7399999956e+00;-1.2884126141e+01;
2.7439999955e+00;-1.1631841016e+01;
2.7479999955e+00;-1.1470751245e+01;
2.7519999954e+00;-1.1919895839e+01;
2.7559999956e+00;-1.2370401332e+01;
2.7599999956e+00;-1.2962680459e+01;
2.7639999955e+00;-1.4254584948e+01;
2.7679999955e+00;-1.6036300877e+01;
2.7719999955e+00;-1.7209393762e+01;
2.7759999956e+00;-1.6957243691e+01;
2.7799999956e+00;-1.5088531373e+01;
2.7839999956e+00;-1.1624176013e+01;
2.7879999955e+00;-7.2805399736e+00;
2.7919999955e+00;-3.9132748136e+00;
2.7959999954e+00;-3.2286190934e+00;
2.7999999956e+00;-5.1116992377e+00;
2.8039999956e+00;-8.0749851753e+00;
2.8079999955e+00;-1.0858558863e+01;
2.8119999955e+00;-1.2643467047e+01;
2.8159999955e+00;-1.2639258583e+01;
2.8199999954e+00;-1.0927414713e+01;
2.8239999954e+00;-9.2211959900e+00;
2.8279999953e+00;-9.3362869468e+00;
2.8319999953e+00;-1.0988756069e+01;
2.8359999952e+00;-1.2273844459e+01;
2.8399999954e+00;-1.2135307861e+01;
2.8439999954e+00;-1.1338810764e+01;
2.8479999953e+00;-1.1258834365e+01;
2.8519999953e+00;-1.2402099425e+01;
2.8559999953e+00;-1.4025982266e+01;
2.8599999954e+00;-1.4808676839e+01;
2.8639999954e+00;-1.3609943537e+01;
2.8679999954e+00;-1.0162970714e+01;
2.8719999953e+00;-5.8393749596e+00;
2.8759999953e+00;-3.0078510810e+00;
2.8799999952e+00;-2.9688409879e+00;
2.8839999954e+00;-5.1382689518e+00;
2.8879999954e+00;-8.1654091050e+00;
2.8919999953e+00;-1.0998048968e+01;
2.8959999953e+00;-1.3009162829e+01;
2.8999999953e+00;-1.4190324877e+01;
2.9039999954e+00;-1.5530728166e+01;
2.9079999954e+00;-1.7909612210e+01;
2.9119999954e+00;-1.9792259325e+01;
2.9159999953e+00;-1.7417685500e+01;
2.9199999953e+00;-8.4977734637e+00;
2.9239999952e+00;5.3932467982e+00;
2.9279999954e+00;2.0947514335e+01;
2.9319999954e+00;3.6180719051e+01;
2.9359999953e+00;5.0176047084e+01;
2.9399999953e+00;6.1036759009e+01;
2.9439999952e+00;6.6319533341e+01;
2.9479999952e+00;6.5789886850e+01;
2.9519999952e+00;6.2003898510e+01;
2.9559999951e+00;5.7617179868e+01;
2.9599999951e+00;5.3587445735e+01;
2.9639999950e+00;5.0157306126e+01;
2.9679999952e+00;4.7741441670e+01;
2.9719999952e+00;4.6425109962e+01;
2.9759999951e+00;4.5897841063e+01;
2.9799999951e+00;4.6119609881e+01;
2.9839999950e+00;4.7324559754e+01;
2.9879999952e+00;4.9398203852e+01;
2.9919999952e+00;5.1686518401e+01;
2.9959999952e+00;5.3517383737e+01;
2.9999999951e+00;5.4775330751e+01;
3.0039999951e+00;5.5425457633e+01;
3.0079999950e+00;5.4730364778e+01;
3.0119999952e+00;5.2328576780e+01;
3.0159999952e+00;4.9497287501e+01;
3.0199999951e+00;4.7698760541e+01;
3.0239999951e+00;4.6807830533e+01;
3.0279999950e+00;4.6018369517e+01;
3.0319999952e+00;4.5455347659e+01;
3.0359999952e+00;4.5653881511e+01;
3.0399999951e+00;4.6100504269e+01;
3.0439999951e+00;4.5720174300e+01;
3.0479999951e+00;4.4571234497e+01;
3.0519999950e+00;4.3759964089e+01;
3.0559999952e+00;4.3759321548e+01;
3.0599999952e+00;4.3794846851e+01;
3.0639999951e+00;4.2999281039e+01;
3.0679999951e+00;4.1452384068e+01;
3.0719999950e+00;3.9675094217e+01;
3.0759999950e+00;3.7781117849e+01;
3.0799999950e+00;3.5809153567e+01;
3.0839999949e+00;3.4190920586e+01;
3.0879999949e+00;3.2971494796e+01;
3.0919999948e+00;3.1272450378e+01;
3.0959999950e+00;2.8736412270e+01;
3.0999999950e+00;2.6759405099e+01;
3.1039999949e+00;2.6907872595e+01;
3.1079999949e+00;2.8913796388e+01;
3.1119999948e+00;3.1433115202e+01;
3.1159999950e+00;3.3703032332e+01;
3.1199999950e+00;3.5434030877e+01;
3.1239999949e+00;3.6188822555e+01;
3.1279999949e+00;3.5925125840e+01;
3.1319999949e+00;3.5607846820e+01;
3.1359999948e+00;3.6162846949e+01;
3.1399999950e+00;3.7025184889e+01;
3.1439999950e+00;3.7006207281e+01;
3.1479999949e+00;3.6192615975e+01;
3.1519999949e+00;3.5681818298e+01;
3.1559999948e+00;3.5895521393e+01;
3.1599999950e+00;3.5812355306e+01;
3.1639999950e+00;3.3687920094e+01;
3.1679999949e+00;2.8485123303e+01;
3.1719999949e+00;2.0354733224e+01;
3.1759999949e+00;1.0416080715e+01;
3.1799999948e+00;1.2594463917e+00;
3.1839999950e+00;-3.6775691614e+00;
3.1879999950e+00;-3.1255902635e+00;
3.1919999949e+00;2.9505058614e-01;
3.1959999949e+00;2.5519572521e+00;
3.1999999948e+00;2.1276562594e+00;
3.2039999948e+00;7.6592559594e-01;
3.2079999947e+00;5.9314958379e-01;
3.2119999947e+00;1.8944422805e+00;
3.2159999947e+00;3.9744279753e+00;
3.2199999946e+00;6.3098580372e+00;
3.2239999948e+00;8.1493101344e+00;
3.2279999948e+00;8.5012263676e+00;
3.2319999947e+00;7.1231380780e+00;
3.2359999947e+00;4.8075966971e+00;
3.2399999946e+00;2.5705085450e+00;
3.2439999948e+00;1.0557208492e+00;
3.2479999948e+00;6.8341167580e-01;
3.2519999947e+00;1.6713412007e+00;
3.2559999947e+00;3.6632313247e+00;
3.2599999947e+00;5.7364651684e+00;
3.2639999946e+00;7.0184504405e+00;
3.2679999948e+00;7.0864460371e+00;
3.2719999948e+00;5.6308343175e+00;
3.2759999947e+00;2.4717158818e+00;
3.2799999947e+00;-1.4127227598e+00;
3.2839999946e+00;-3.8939003359e+00;
3.2879999948e+00;-3.7985218991e+00;
3.2919999948e+00;-2.1288345164e+00;
3.2959999947e+00;-5.0985704287e-01;
3.2999999947e+00;6.1343094011e-01;
3.3039999946e+00;1.6556135405e+00;
3.3079999946e+00;2.4896115358e+00;
3.3119999948e+00;2.2832296845e+00;
3.3159999948e+00;7.4048075499e-01;
3.3199999947e+00;-1.1981784728e+00;
3.3239999947e+00;-2.2291983962e+00;
3.3279999946e+00;-2.1816155130e+00;
3.3319999946e+00;-2.2857661820e+00;
3.3359999945e+00;-3.5752652307e+00;
3.3399999945e+00;-5.5336533253e+00;
3.3439999945e+00;-6.7528365738e+00;
3.3479999944e+00;-6.3026703239e+00;
3.3519999946e+00;-4.3950417562e+00;
3.3559999946e+00;-2.2762520022e+00;
3.3599999945e+00;-1.1597843442e+00;
3.3639999945e+00;-1.0055054040e+00;
3.3679999944e+00;-8.7224575915e-01;
3.3719999946e+00;-3.2685833395e-01;
3.3759999946e+00;2.1166467771e-01;
3.3799999945e+00;4.2888371705e-01;
3.3839999945e+00;6.2675482684e-01;
3.3879999944e+00;9.3114527984e-01;
3.3919999944e+00;8.8736623497e-01;
3.3959999946e+00;4.6563151217e-01;
3.3999999946e+00;5.2617423880e-01;
3.4039999945e+00;1.6965689048e+00;
3.4079999945e+00;3.3360681843e+00;
3.4119999944e+00;4.2077945537e+00;
3.4159999946e+00;3.9727100716e+00;
3.4199999946e+00;3.1733909642e+00;
3.4239999945e+00;2.0820609718e+00;
3.4279999945e+00;7.3065450107e-01;
3.4319999944e+00;-1.9199437025e-01;
3.4359999944e+00;4.4312703572e-01;
3.4399999946e+00;2.7363935131e+00;
3.4439999945e+00;5.1127537189e+00;
3.4479999945e+00;5.8931891077e+00;
3.4519999945e+00;4.9356476988e+00;
3.4559999944e+00;3.0151459696e+00;
3.4599999944e+00;4.7384624058e-01;
3.4639999943e+00;-2.4127297970e+00;
3.4679999943e+00;-4.1199457275e+00;
3.4719999942e+00;-2.7090041185e+00;
3.4759999942e+00;1.5869898284e+00;
3.4799999944e+00;6.2661163052e+00;
3.4839999944e+00;9.1275816369e+00;
3.4879999943e+00;9.6265345000e+00;
3.4919999943e+00;8.2537334814e+00;
3.4959999942e+00;6.0192981891e+00;
3.4999999944e+00;4.1838417700e+00;
3.5039999944e+00;3.3000136333e+00;
3.5079999943e+00;2.6914805632e+00;
3.5119999943e+00;1.5849315502e+00;
3.5159999942e+00;3.9400313630e-01;
3.5199999942e+00;1.6116863381e-01;
3.5239999944e+00;1.0477755960e+00;
3.5279999943e+00;2.2038331103e+00;
3.5319999943e+00;3.0041618609e+00;
3.5359999943e+00;3.5692311401e+00;
3.5399999942e+00;3.8581483539e+00;
3.5439999944e+00;3.1368937139e+00;
3.5479999944e+00;1.0039961323e+00;
3.5519999943e+00;-1.6932299163e+00;
3.5559999943e+00;-3.6031913800e+00;
3.5599999942e+00;-4.2185731659e+00;
3.5639999942e+00;-4.0384403240e+00;
3.5679999944e+00;-3.6743297513e+00;
3.5719999943e+00;-3.4278389607e+00;
3.5759999943e+00;-3.3013977724e+00;
3.5799999943e+00;-2.6811853270e+00;
3.5839999942e+00;-7.8669098050e-01;
3.5879999942e+00;1.8712282057e+00;
3.5919999941e+00;3.3514598442e+00;
3.5959999941e+00;2.3412938856e+00;
3.5999999940e+00;-8.6991761767e-02;
3.6039999940e+00;-1.4812152527e+00;
3.6079999942e+00;-5.5102351002e-01;
3.6119999941e+00;2.0023109618e+00;
3.6159999941e+00;4.7347761149e+00;
3.6199999941e+00;6.3901956018e+00;
3.6239999940e+00;5.8145910659e+00;
3.6279999942e+00;2.6310675449e+00;
3.6319999942e+00;-1.4756279844e+00;
3.6359999941e+00;-3.7538466146e+00;
3.6399999941e+00;-3.2461739496e+00;
3.6439999940e+00;-1.2936063298e+00;
3.6479999940e+00;8.4584231158e-01;
3.6519999942e+00;3.2489727252e+00;
3.6559999941e+00;6.1698839066e+00;
3.6599999941e+00;9.0227970430e+00;
3.6639999941e+00;1.0819081988e+01;
3.6679999940e+00;1.1140807267e+01;
3.6719999942e+00;1.0238399201e+01;
3.6759999942e+00;8.2185878421e+00;
3.6799999941e+00;4.9418872272e+00;
3.6839999941e+00;7.7686935927e-01;
3.6879999940e+00;-3.3964599189e+00;
3.6919999940e+00;-6.9094890704e+00;
3.6959999942e+00;-9.2436344756e+00;
3.6999999941e+00;-9.6238838054e+00;
3.7039999941e+00;-7.8690633181e+00;
3.7079999940e+00;-5.2830306748e+00;
3.7119999940e+00;-3.7325780644e+00;
3.7159999940e+00;-4.3652034155e+00;
3.7199999939e+00;-7.4897236794e+00;
3.7239999939e+00;-1.2793197036e+01;
3.7279999938e+00;-1.9414306973e+01;
3.7319999938e+00;-2.6047626432e+01;
3.7359999940e+00;-3.0925373974e+01;
3.7399999939e+00;-3.2280152446e+01;
3.7439999939e+00;-2.9683733994e+01;
3.7479999939e+00;-2.4464298407e+01;
3.7519999938e+00;-1.8493442200e+01;
3.7559999940e+00;-1.3571558350e+01;
3.7599999940e+00;-1.1375988246e+01;
3.7639999939e+00;-1.2352911598e+01;
3.7679999939e+00;-1.5261664790e+01;
3.7719999938e+00;-1.8667857915e+01;
3.7759999938e+00;-2.1877841473e+01;
3.7799999940e+00;-2.4034528617e+01;
3.7839999939e+00;-2.3964453248e+01;
3.7879999939e+00;-2.1843858871e+01;
3.7919999938e+00;-1.9596428244e+01;
3.7959999938e+00;-1.8726541272e+01;
3.7999999940e+00;-1.8830789267e+01;
3.8039999940e+00;-1.8649336967e+01;
3.8079999939e+00;-1.7733801659e+01;
3.8119999939e+00;-1.6753314662e+01;
3.8159999938e+00;-1.6422849005e+01;
3.8199999938e+00;-1.6754194654e+01;
3.8239999940e+00;-1.7600927936e+01;
3.8279999939e+00;-1.8992496690e+01;
3.8319999939e+00;-2.0325771536e+01;
3.8359999938e+00;-2.0255018729e+01;
3.8399999938e+00;-1.8385485310e+01;
3.8439999938e+00;-1.6089322348e+01;
3.8479999937e+00;-1.4585763140e+01;
3.8519999937e+00;-1.3540643955e+01;
3.8559999936e+00;-1.2516851685e+01;
3.8599999936e+00;-1.2235664131e+01;
3.8639999938e+00;-1.3425625669e+01;
3.8679999937e+00;-1.5528050762e+01;
3.8719999937e+00;-1.7402450287e+01;
3.8759999936e+00;-1.8644927018e+01;
3.8799999936e+00;-1.9425855735e+01;
3.8839999938e+00;-1.9642509518e+01;
3.8879999937e+00;-1.8960869500e+01;
3.8919999937e+00;-1.7367440470e+01;
3.8959999937e+00;-1.5498176136e+01;
3.8999999936e+00;-1.4310541586e+01;
3.9039999936e+00;-1.4315175246e+01;
3.9079999938e+00;-1.5378029134e+01;
3.9119999937e+00;-1.6822666402e+01;
3.9159999937e+00;-1.7520613940e+01;
3.9199999936e+00;-1.6755235467e+01;
3.9239999936e+00;-1.5125330645e+01;
3.9279999938e+00;-1.3873802512e+01;
3.9319999937e+00;-1.3379807756e+01;
3.9359999937e+00;-1.2937353934e+01;
3.9399999937e+00;-1.1979131044e+01;
3.9439999936e+00;-1.0927563728e+01;
3.9479999936e+00;-1.0558301988e+01;
3.9519999938e+00;-1.0932225533e+01;
3.9559999937e+00;-1.1495611675e+01;
3.9599999937e+00;-1.1975169586e+01;
3.9639999936e+00;-1.2364025800e+01;
3.9679999936e+00;-1.2282788766e+01;
3.9719999935e+00;-1.1493976467e+01;
3.9759999935e+00;-1.0748378551e+01;
3.9799999935e+00;-1.1012430651e+01;
3.9839999934e+00;-1.2104375992e+01;
3.9879999934e+00;-1.2822020212e+01;
3.9919999936e+00;-1.2310660457e+01;
3.9959999935e+00;-1.0801228278e+01;
3.9999999935e+00;-8.9375034200e+00;
4.0039999934e+00;-7.1746977424e+00;
4.0079999934e+00;-6.2958439168e+00;
4.0119999936e+00;-7.3085324979e+00;
4.0159999935e+00;-9.8690618647e+00;
4.0199999935e+00;-1.1979783276e+01;
4.0239999935e+00;-1.2236634113e+01;
4.0279999934e+00;-1.1236158670e+01;
4.0319999934e+00;-1.0114507371e+01;
4.0359999936e+00;-9.2189712272e+00;
4.0399999935e+00;-8.7098508105e+00;
4.0439999935e+00;-8.9628965614e+00;
4.0479999934e+00;-9.8472616410e+00;
4.0519999934e+00;-1.0335061499e+01;
4.0559999936e+00;-9.4534865673e+00;
4.0599999935e+00;-7.5506609387e+00;
4.0639999935e+00;-5.9625262094e+00;
4.0679999935e+00;-5.5862856604e+00;
4.0719999934e+00;-6.4584973871e+00;
4.0759999934e+00;-8.2707875750e+00;
4.0799999936e+00;-1.0461300443e+01;
4.0839999935e+00;-1.2055134362e+01;
4.0879999935e+00;-1.1975478373e+01;
4.0919999934e+00;-9.7187206108e+00;
4.0959999934e+00;-6.0442671638e+00;
4.0999999933e+00;-2.8541736717e+00;
4.1039999933e+00;-2.0203373281e+00;
4.1079999933e+00;-4.3254223326e+00;
4.1119999932e+00;-8.8777414543e+00;
4.1159999932e+00;-1.3189236904e+01;
4.1199999934e+00;-1.4942072447e+01;
4.1239999933e+00;-1.4069309098e+01;
4.1279999933e+00;-1.2250947163e+01;
4.1319999932e+00;-1.0719872993e+01;
4.1359999932e+00;-9.6494696451e+00;
4.1399999934e+00;-9.1203166965e+00;
4.1439999933e+00;-9.3018691410e+00;
4.1479999933e+00;-9.5986194632e+00;
4.1519999932e+00;-8.6959421228e+00;
4.1559999932e+00;-6.0178649750e+00;
4.1599999932e+00;-2.8688718243e+00;
4.1639999934e+00;-2.0297115876e+00;
4.1679999933e+00;-6.0797268300e+00;
4.1719999933e+00;-1.5681105781e+01;
4.1759999932e+00;-2.8893164360e+01;
4.1799999932e+00;-4.1646879192e+01;
4.1839999934e+00;-4.9420003285e+01;
4.1879999933e+00;-4.9853889126e+01;
4.1919999933e+00;-4.4609201674e+01;
4.1959999932e+00;-3.8184227107e+01;
4.1999999932e+00;-3.4292147495e+01;
4.2039999932e+00;-3.3524631208e+01;
4.2079999933e+00;-3.4302941729e+01;
4.2119999933e+00;-3.5246690592e+01;
4.2159999933e+00;-3.6102274036e+01;
4.2199999932e+00;-3.6979933003e+01;
4.2239999932e+00;-3.7929742576e+01;
4.2279999931e+00;-3.9211930729e+01;
4.2319999931e+00;-4.0858715698e+01;
4.2359999930e+00;-4.2083513378e+01;
4.2399999930e+00;-4.2059408004e+01;
4.2439999930e+00;-4.0862801331e+01;
4.2479999932e+00;-3.8901553595e+01;
4.2519999931e+00;-3.6291881303e+01;
4.2559999931e+00;-3.3461778799e+01;
4.2599999930e+00;-3.1302071707e+01;
4.2639999930e+00;-3.0185800152e+01;
4.2679999932e+00;-2.9602564075e+01;
4.2719999931e+00;-2.9165579589e+01;
4.2759999931e+00;-2.9495250979e+01;
4.2799999930e+00;-3.1268241856e+01;
4.2839999930e+00;-3.3697556972e+01;
4.2879999930e+00;-3.5193217628e+01;
4.2919999931e+00;-3.5224893780e+01;
4.2959999931e+00;-3.4525668566e+01;
4.2999999931e+00;-3.3832221961e+01;
4.3039999930e+00;-3.3178470503e+01;
4.3079999930e+00;-3.2398691738e+01;
4.3119999932e+00;-3.1651488683e+01;
4.3159999931e+00;-3.0964744163e+01;
4.3199999931e+00;-2.9850433195e+01;
4.3239999930e+00;-2.8203832661e+01;
4.3279999930e+00;-2.7050561837e+01;
4.3319999930e+00;-2.7351191365e+01;
4.3359999931e+00;-2.8608187676e+01;
4.3399999931e+00;-2.9737131305e+01;
4.3439999931e+00;-3.0671496830e+01;
4.3479999930e+00;-3.1923553201e+01;
4.3519999930e+00;-3.3009988139e+01;
4.3559999929e+00;-3.2711950040e+01;
4.3599999929e+00;-3.0923233328e+01;
4.3639999928e+00;-2.8773281981e+01;
4.3679999928e+00;-2.6907621157e+01;
4.3719999928e+00;-2.5247970793e+01;
4.3759999929e+00;-2.4339445390e+01;
4.3799999929e+00;-2.5393780774e+01;
4.3839999929e+00;-2.8570301261e+01;
4.3879999928e+00;-3.2030934555e+01;
4.3919999928e+00;-3.3587980740e+01;
4.3959999930e+00;-3.3003475100e+01;
4.3999999929e+00;-3.1932904747e+01;
4.4039999929e+00;-3.1772794968e+01;
4.4079999928e+00;-3.1646837534e+01;
4.4119999928e+00;-2.8561533547e+01;
4.4159999928e+00;-1.9981211159e+01;
4.4199999929e+00;-6.1289302955e+00;
4.4239999929e+00;1.0200715110e+01;
4.4279999929e+00;2.5498045901e+01;
4.4319999928e+00;3.7248387829e+01;
4.4359999928e+00;4.4530679901e+01;
4.4399999930e+00;4.7559033294e+01;
4.4439999929e+00;4.7018847871e+01;
4.4479999929e+00;4.4089023900e+01;
4.4519999928e+00;4.0774361276e+01;
4.4559999928e+00;3.8995646179e+01;
4.4599999927e+00;3.8744921256e+01;
4.4639999929e+00;3.8411054924e+01;
4.4679999929e+00;3.7382523023e+01;
4.4719999928e+00;3.6672183776e+01;
4.4759999928e+00;3.6838450013e+01;
4.4799999928e+00;3.7170033384e+01;
4.4839999927e+00;3.7206824367e+01;
4.4879999927e+00;3.7414170766e+01;
4.4919999926e+00;3.7898462261e+01;
4.4959999926e+00;3.8016114790e+01;
4.4999999925e+00;3.7757667892e+01;
4.5039999927e+00;3.7948568932e+01;
4.5079999927e+00;3.8557820358e+01;
4.5119999927e+00;3.8151691064e+01;
4.5159999926e+00;3.5710027114e+01;
4.5199999926e+00;3.2159085327e+01;
4.5239999928e+00;2.9328757093e+01;
4.5279999927e+00;2.7879530312e+01;
4.5319999927e+00;2.7181123931e+01;
4.5359999926e+00;2.6976141941e+01;
4.5399999926e+00;2.7888015079e+01;
4.5439999925e+00;3.0119561391e+01;
4.5479999927e+00;3.2835541093e+01;
4.5519999927e+00;3.4992835120e+01;
4.5559999926e+00;3.5866535957e+01;
4.5599999926e+00;3.4976768473e+01;
4.5639999926e+00;3.2491300998e+01;
4.5679999928e+00;2.9626987211e+01;
4.5719999927e+00;2.8035127488e+01;
4.5759999927e+00;2.8578395641e+01;
4.5799999926e+00;3.0712376159e+01;
4.5839999926e+00;3.3309694225e+01;
4.5879999925e+00;3.5849120628e+01;
4.5919999927e+00;3.8084855494e+01;
4.5959999927e+00;3.9239662008e+01;
4.5999999926e+00;3.8864584814e+01;
4.6039999926e+00;3.8054469855e+01;
4.6079999926e+00;3.8613152630e+01;
4.6119999925e+00;4.0983960849e+01;
4.6159999925e+00;4.3719865231e+01;
4.6199999924e+00;4.5197687718e+01;
4.6239999924e+00;4.5192823504e+01;
4.6279999923e+00;4.4724408858e+01;
4.6319999925e+00;4.5107106810e+01;
4.6359999925e+00;4.6723863598e+01;
4.6399999924e+00;4.8253519127e+01;
4.6439999924e+00;4.8044658994e+01;
4.6479999924e+00;4.6331757809e+01;
4.6519999926e+00;4.5109689495e+01;
4.6559999925e+00;4.5666892461e+01;
4.6599999925e+00;4.6640923068e+01;
4.6639999924e+00;4.4910116041e+01;
4.6679999924e+00;3.8793901746e+01;
4.6719999923e+00;3.0081792609e+01;
4.6759999925e+00;2.2443835477e+01;
4.6799999925e+00;1.8555351533e+01;
4.6839999924e+00;1.9085645407e+01;
4.6879999924e+00;2.2835290736e+01;
4.6919999924e+00;2.6871433610e+01;
4.6959999925e+00;2.8043021687e+01;
4.6999999925e+00;2.5624273754e+01;
4.7039999925e+00;2.1791757406e+01;
4.7079999924e+00;1.9037706908e+01;
4.7119999924e+00;1.7698156644e+01;
4.7159999923e+00;1.6418369592e+01;
4.7199999925e+00;1.4498369120e+01;
4.7239999925e+00;1.2677618273e+01;
4.7279999924e+00;1.1641547685e+01;
4.7319999924e+00;1.1066081885e+01;
4.7359999924e+00;1.0503079953e+01;
4.7399999923e+00;1.0126398769e+01;
4.7439999923e+00;1.0050443779e+01;
4.7479999922e+00;9.7320925733e+00;
4.7519999922e+00;8.7671527619e+00;
4.7559999921e+00;7.6861410605e+00;
4.7599999923e+00;7.2806084409e+00;
4.7639999923e+00;7.7136798769e+00;
4.7679999922e+00;8.7655180039e+00;
4.7719999922e+00;1.0253088175e+01;
4.7759999922e+00;1.1727505234e+01;
4.7799999923e+00;1.2456472217e+01;
4.7839999923e+00;1.2425989569e+01;
4.7879999923e+00;1.2720675700e+01;
4.7919999922e+00;1.4092096890e+01;
4.7959999922e+00;1.5932350705e+01;
4.7999999921e+00;1.7434673086e+01;
4.8039999923e+00;1.8769216592e+01;
4.8079999923e+00;2.0138206780e+01;
4.8119999922e+00;2.0488587879e+01;
4.8159999922e+00;1.8358917987e+01;
4.8199999921e+00;1.3897752363e+01;
4.8239999923e+00;9.1530579428e+00;
4.8279999923e+00;5.9594628068e+00;
4.8319999923e+00;4.4465692956e+00;
4.8359999922e+00;4.1847871735e+00;
4.8399999922e+00;5.3411126386e+00;
4.8439999921e+00;7.8953204399e+00;
4.8479999923e+00;1.0909851701e+01;
4.8519999923e+00;1.3333218930e+01;
4.8559999922e+00;1.4929978328e+01;
4.8599999922e+00;1.5783925097e+01;
4.8639999921e+00;1.5465625979e+01;
4.8679999921e+00;1.3702821404e+01;
4.8719999921e+00;1.1330626339e+01;
4.8759999920e+00;9.3502120531e+00;
4.8799999920e+00;7.7075915745e+00;
4.8839999919e+00;6.2997318814e+00;
4.8879999921e+00;6.0651255923e+00;
4.8919999921e+00;7.4572756134e+00;
4.8959999920e+00;9.0443052434e+00;
4.8999999920e+00;9.1809267627e+00;
4.9039999919e+00;8.1171813293e+00;
4.9079999921e+00;7.4530153800e+00;
4.9119999921e+00;8.3000308554e+00;
4.9159999921e+00;1.0680088883e+01;
4.9199999920e+00;1.4189183205e+01;
4.9239999920e+00;1.8265136480e+01;
4.9279999919e+00;2.1647829781e+01;
4.9319999921e+00;2.2827128587e+01;
4.9359999921e+00;2.1748410169e+01;
4.9399999920e+00;1.9958566705e+01;
4.9439999920e+00;1.8522477988e+01;
4.9479999919e+00;1.6933556007e+01;
4.9519999921e+00;1.4625459066e+01;
4.9559999921e+00;1.2406807487e+01;
4.9599999920e+00;1.1566977533e+01;
4.9639999920e+00;1.2588421208e+01;
4.9679999920e+00;1.5399390847e+01;
4.9719999919e+00;1.9385210198e+01;
4.9759999921e+00;2.2066520076e+01;
4.9799999921e+00;1.9591851032e+01;
4.9839999920e+00;1.0452630814e+01;
4.9879999920e+00;-2.6160844763e+00;
4.9919999919e+00;-1.5664259003e+01;
4.9959999919e+00;-2.6559697254e+01;
4.9999999919e+00;-3.4245343468e+01;
5.0039999918e+00;-3.7592098879e+01;
5.0079999918e+00;-3.6567332281e+01;
5.0119999917e+00;-3.3162921063e+01;
5.0159999919e+00;-2.9825543518e+01;
5.0199999919e+00;-2.7366657974e+01;
5.0239999918e+00;-2.5276157043e+01;
5.0279999918e+00;-2.3637435536e+01;
5.0319999917e+00;-2.3353014836e+01;
5.0359999919e+00;-2.4544195942e+01;
5.0399999919e+00;-2.6114586790e+01;
5.0439999918e+00;-2.7074243391e+01;
5.0479999918e+00;-2.7403802837e+01;
5.0519999918e+00;-2.7388481549e+01;
5.0559999917e+00;-2.6821422373e+01;
5.0599999919e+00;-2.5532084786e+01;
5.0639999919e+00;-2.4033921401e+01;
5.0679999918e+00;-2.2894663723e+01;
5.0719999918e+00;-2.2211378133e+01;
5.0759999917e+00;-2.2140040256e+01;
5.0799999919e+00;-2.3132467469e+01;
5.0839999919e+00;-2.5178533755e+01;
5.0879999918e+00;-2.7257803044e+01;
5.0919999918e+00;-2.8195126192e+01;
5.0959999918e+00;-2.7931074108e+01;
5.0999999917e+00;-2.7098125923e+01;
5.1039999919e+00;-2.5568599389e+01;
5.1079999919e+00;-2.2743036139e+01;
5.1119999918e+00;-1.9209105184e+01;
5.1159999918e+00;-1.6773434424e+01;
5.1199999917e+00;-1.6686038769e+01;
5.1239999917e+00;-1.8710738069e+01;
5.1279999916e+00;-2.1941247489e+01;
5.1319999916e+00;-2.5652601664e+01;
5.1359999916e+00;-2.9114772147e+01;
5.1399999915e+00;-3.1243699776e+01;
5.1439999917e+00;-3.1132847678e+01;
5.1479999917e+00;-2.9005708709e+01;
5.1519999916e+00;-2.6090429175e+01;
5.1559999916e+00;-2.3445057917e+01;
5.1599999915e+00;-2.1445162497e+01;
5.1639999917e+00;-1.9975285407e+01;
5.1679999917e+00;-1.8312842669e+01;
5.1719999916e+00;-1.5762015685e+01;
5.1759999916e+00;-1.3268365508e+01;
5.1799999916e+00;-1.3169671328e+01;
5.1839999915e+00;-1.6492792642e+01;
5.1879999917e+00;-2.1504287912e+01;
5.1919999917e+00;-2.5487851072e+01;
5.1959999916e+00;-2.7118895110e+01;
5.1999999916e+00;-2.6725915525e+01;
5.2039999915e+00;-2.5117182545e+01;
5.2079999917e+00;-2.2894645208e+01;
5.2119999917e+00;-2.0588937783e+01;
5.2159999916e+00;-1.8800273471e+01;
5.2199999916e+00;-1.7814697242e+01;
5.2239999915e+00;-1.7195161146e+01;
5.2279999915e+00;-1.6420131282e+01;
5.2319999917e+00;-1.5787012222e+01;
5.2359999917e+00;-1.5744210993e+01;
5.2399999916e+00;-1.6010717044e+01;
5.2439999916e+00;-1.6373396333e+01;
5.2479999915e+00;-1.7170380303e+01;
5.2519999915e+00;-1.8272440138e+01;
5.2559999914e+00;-1.8858899281e+01;
5.2599999914e+00;-1.8736472278e+01;
5.2639999914e+00;-1.8837188498e+01;
5.2679999913e+00;-1.9834815645e+01;
5.2719999915e+00;-2.1234073826e+01;
5.2759999915e+00;-2.2373734080e+01;
5.2799999914e+00;-2.3280262490e+01;
5.2839999914e+00;-2.3889480683e+01;
5.2879999913e+00;-2.3350322343e+01;
5.2919999915e+00;-2.1117613304e+01;
5.2959999915e+00;-1.8233800467e+01;
5.2999999914e+00;-1.6402591295e+01;
5.3039999914e+00;-1.6130968860e+01;
5.3079999913e+00;-1.6794179573e+01;
5.3119999913e+00;-1.8008674147e+01;
5.3159999915e+00;-1.9703891855e+01;
5.3199999915e+00;-2.1264142089e+01;
5.3239999914e+00;-2.2004325134e+01;
5.3279999914e+00;-2.2277989588e+01;
5.3319999913e+00;-2.2924307527e+01;
5.3359999915e+00;-2.3843710066e+01;
5.3399999915e+00;-2.4159670433e+01;
5.3439999914e+00;-2.3594270798e+01;
5.3479999914e+00;-2.2626094892e+01;
5.3519999913e+00;-2.1421788149e+01;
5.3559999913e+00;-1.9693120580e+01;
5.3599999915e+00;-1.7773527046e+01;
5.3639999914e+00;-1.6968968078e+01;
5.3679999914e+00;-1.8033417800e+01;
5.3719999914e+00;-1.9752296408e+01;
5.3759999913e+00;-2.0227775437e+01;
5.3799999913e+00;-1.9222320340e+01;
5.3839999912e+00;-1.8123002937e+01;
5.3879999912e+00;-1.7867006740e+01;
5.3919999911e+00;-1.7813121849e+01;
5.3959999911e+00;-1.6957286300e+01;
5.3999999913e+00;-1.5476265972e+01;
5.4039999912e+00;-1.4197816627e+01;
5.4079999912e+00;-1.3380782174e+01;
5.4119999912e+00;-1.2907600194e+01;
5.4159999911e+00;-1.2695976652e+01;
5.4199999913e+00;-1.2373351496e+01;
5.4239999913e+00;-1.1510721897e+01;
5.4279999912e+00;-1.0398674142e+01;
5.4319999912e+00;-9.8188659510e+00;
5.4359999911e+00;-9.8930890878e+00;
5.4399999911e+00;-9.9117238354e+00;
5.4439999913e+00;-9.6393305969e+00;
5.4479999912e+00;-9.8183793660e+00;
5.4519999912e+00;-1.0960966956e+01;
5.4559999912e+00;-1.2476377228e+01;
5.4599999911e+00;-1.3033488983e+01;
5.4639999913e+00;-1.1567652211e+01;
5.4679999913e+00;-8.2877405059e+00;
5.4719999912e+00;-4.7475869212e+00;
5.4759999912e+00;-2.9703328399e+00;
5.4799999911e+00;-4.1655107584e+00;
5.4839999911e+00;-7.6209443800e+00;
5.4879999913e+00;-1.1022512710e+01;
5.4919999912e+00;-1.2417447241e+01;
5.4959999912e+00;-1.1731109195e+01;
5.4999999912e+00;-1.0009767742e+01;
5.5039999911e+00;-7.8161407755e+00;
5.5079999911e+00;-5.2406438168e+00;
5.5119999910e+00;-3.0354567015e+00;
5.5159999910e+00;-2.5861642437e+00;
5.5199999909e+00;-4.3652940757e+00;
5.5239999909e+00;-7.0857609032e+00;
5.5279999911e+00;-9.0315138592e+00;
5.5319999910e+00;-9.6558434924e+00;
5.5359999910e+00;-9.2694605860e+00;
5.5399999910e+00;-8.1331524930e+00;
5.5439999909e+00;-6.7664494617e+00;
5.5479999911e+00;-6.2542908993e+00;
5.5519999911e+00;-7.2455431567e+00;
5.5559999910e+00;-9.0970835959e+00;
5.5599999910e+00;-1.0611811543e+01;
5.5639999909e+00;-1.1253784740e+01;
5.5679999909e+00;-1.1176821747e+01;
5.5719999911e+00;-1.0367736650e+01;
5.5759999910e+00;-8.5947545835e+00;
5.5799999910e+00;-6.2892353287e+00;
5.5839999910e+00;-4.5011030670e+00;
5.5879999909e+00;-3.7391309248e+00;
5.5919999911e+00;-3.5972801083e+00;
5.5959999911e+00;-3.6578175015e+00;
5.5999999910e+00;-4.0732280332e+00;
5.6039999910e+00;-5.0420207961e+00;
5.6079999909e+00;-6.3964911530e+00;
5.6119999909e+00;-7.9383572461e+00;
5.6159999911e+00;-9.4937546499e+00;
5.6199999910e+00;-1.0320587780e+01;
5.6239999910e+00;-9.4260566386e+00;
5.6279999909e+00;-7.2132094750e+00;
5.6319999909e+00;-5.5224081949e+00;
5.6359999909e+00;-5.2721276228e+00;
5.6399999908e+00;-5.7208905377e+00;
5.6439999908e+00;-6.3068506315e+00;
5.6479999907e+00;-7.2001416841e+00;
5.6519999907e+00;-8.0028284751e+00;
5.6559999909e+00;-7.6684466422e+00;
5.6599999908e+00;-6.0103869858e+00;
5.6639999908e+00;-4.2780993305e+00;
5.6679999908e+00;-3.7800700634e+00;
5.6719999907e+00;-4.4346329128e+00;
5.6759999909e+00;-5.1206611756e+00;
5.6799999909e+00;-5.0481413138e+00;
5.6839999908e+00;-4.1567717306e+00;
5.6879999908e+00;-2.5578730704e+00;
5.6919999907e+00;-4.6047929084e-01;
5.6959999907e+00;1.4669623634e+00;
5.6999999909e+00;2.3822601359e+00;
5.7039999908e+00;2.0906723554e+00;
5.7079999908e+00;1.1235231635e+00;
5.7119999907e+00;-1.0652655046e-01;
5.7159999907e+00;-1.5766032543e+00;
5.7199999909e+00;-2.8587502957e+00;
5.7239999908e+00;-2.9144036651e+00;
5.7279999908e+00;-1.5118003532e+00;
5.7319999908e+00;-9.3675728567e-02;
5.7359999907e+00;-5.8292318499e-02;
5.7399999907e+00;-9.9849722353e-01;
5.7439999909e+00;-1.7097344704e+00;
5.7479999908e+00;-1.8639178251e+00;
5.7519999908e+00;-1.6017145440e+00;
5.7559999907e+00;-5.2942638053e-01;
5.7599999907e+00;1.5475957280e+00;
5.7639999907e+00;3.5229954328e+00;
5.7679999906e+00;3.8753125206e+00;
5.7719999906e+00;2.3995805815e+00;
5.7759999905e+00;1.9581626610e-01;
5.7799999905e+00;-1.7843778193e+00;
5.7839999907e+00;-3.3667782576e+00;
5.7879999906e+00;-4.5401419320e+00;
5.7919999906e+00;-5.0090520257e+00;
5.7959999905e+00;-4.4352133232e+00;
5.7999999905e+00;-2.9195889567e+00;
5.8039999907e+00;-1.1953822545e+00;
5.8079999906e+00;-1.6586486541e-01;
5.8119999906e+00;-3.1144908565e-01;
5.8159999906e+00;-1.5162760160e+00;
5.8199999905e+00;-3.1155072468e+00;
5.8239999905e+00;-4.1904411974e+00;
5.8279999907e+00;-4.1875894148e+00;
5.8319999906e+00;-3.3299414146e+00;
5.8359999906e+00;-2.2157945799e+00;
5.8399999905e+00;-9.9166570319e-01;
5.8439999905e+00;6.5900490177e-01;
5.8479999907e+00;2.8855179744e+00;
5.8519999906e+00;5.9841191258e+00;
5.8559999906e+00;1.0971077017e+01;
5.8599999906e+00;1.8270037858e+01;
5.8639999905e+00;2.5920044355e+01;
5.8679999905e+00;3.0662457858e+01;
5.8719999907e+00;3.1139611524e+01;
5.8759999906e+00;2.8914877239e+01;
5.8799999906e+00;2.6291802663e+01;
5.8839999905e+00;2.4442741436e+01;
5.8879999905e+00;2.3498961011e+01;
5.8919999904e+00;2.2869372845e+01;
5.8959999904e+00;2.1389598794e+01;
5.8999999904e+00;1.8523333631e+01;
5.9039999903e+00;1.5536369362e+01;
5.9079999903e+00;1.4331174390e+01;
5.9119999905e+00;1.5204728793e+01;
5.9159999904e+00;1.6661307585e+01;
5.9199999904e+00;1.7191303409e+01;
5.9239999903e+00;1.6607323442e+01;
5.9279999903e+00;1.5712483621e+01;
5.9319999905e+00;1.5163433783e+01;
5.9359999904e+00;1.5118606895e+01;
5.9399999904e+00;1.5648181021e+01;
5.9439999904e+00;1.6615097510e+01;
5.9479999903e+00;1.7244120209e+01;
5.9519999903e+00;1.6615369296e+01;
5.9559999905e+00;1.4750161925e+01;
5.9599999904e+00;1.2705380848e+01;
5.9639999904e+00;1.1350173731e+01;
5.9679999903e+00;1.0607836577e+01;
5.9719999903e+00;1.0329730269e+01;
5.9759999905e+00;1.0989659632e+01;
5.9799999904e+00;1.2621465813e+01;
5.9839999904e+00;1.4090759579e+01;
5.9879999903e+00;1.4431136669e+01;
5.9919999903e+00;1.4001138423e+01;
5.9959999903e+00;1.3604152871e+01;
5.9999999905e+00;1.3307231098e+01;
6.0039999904e+00;1.2777378285e+01;
6.0079999904e+00;1.2086179752e+01;
6.0119999903e+00;1.1501927727e+01;
6.0159999903e+00;1.1055662053e+01;
6.0199999902e+00;1.0855654237e+01;
6.0239999902e+00;1.1373635559e+01;
6.0279999902e+00;1.2974906893e+01;
6.0319999901e+00;1.5271729678e+01;
6.0359999901e+00;1.7349633623e+01;
6.0399999903e+00;1.8651344632e+01;
6.0439999902e+00;1.9038199187e+01;
6.0479999902e+00;1.8256127488e+01;
6.0519999901e+00;1.6342853458e+01;
6.0559999901e+00;1.4070930091e+01;
6.0599999903e+00;1.1822883162e+01;
6.0639999902e+00;8.8857439099e+00;
6.0679999902e+00;5.1911354897e+00;
6.0719999901e+00;2.6216385463e+00;
6.0759999901e+00;3.1738890402e+00;
6.0799999901e+00;6.5862325868e+00;
6.0839999903e+00;1.0735451570e+01;
6.0879999902e+00;1.3786619658e+01;
6.0919999902e+00;1.5072882613e+01;
6.0959999901e+00;1.4455356838e+01;
6.0999999901e+00;1.2184555406e+01;
6.1039999903e+00;9.3708510312e+00;
6.1079999902e+00;7.5423556129e+00;
6.1119999902e+00;7.4376799226e+00;
6.1159999901e+00;8.5608859077e+00;
6.1199999901e+00;1.0048626874e+01;
6.1239999901e+00;1.1635614425e+01;
6.1279999902e+00;1.3351127096e+01;
6.1319999902e+00;1.4693916567e+01;
6.1359999902e+00;1.5053071345e+01;
6.1399999901e+00;1.4872017727e+01;
6.1439999901e+00;1.5314395960e+01;
6.1479999900e+00;1.6551137652e+01;
6.1519999900e+00;1.7453978768e+01;
6.1559999899e+00;1.7262702740e+01;
6.1599999899e+00;1.6482078626e+01;
6.1639999899e+00;1.6030988109e+01;
6.1679999901e+00;1.6548765215e+01;
6.1719999900e+00;1.8483618705e+01;
6.1759999900e+00;2.1772154524e+01;
6.1799999899e+00;2.5144250420e+01;
6.1839999899e+00;2.6680237811e+01;
6.1879999901e+00;2.5660454766e+01;
6.1919999900e+00;2.3202998830e+01;
6.1959999900e+00;2.0699379308e+01;
6.1999999899e+00;1.8492953382e+01;
6.2039999899e+00;1.6706262911e+01;
6.2079999899e+00;1.6365910970e+01;
6.2119999900e+00;1.8100689461e+01;
6.2159999900e+00;1.9843429483e+01;
6.2199999900e+00;1.7648060740e+01;
6.2239999899e+00;9.5536634258e+00;
6.2279999899e+00;-2.3476174867e+00;
6.2319999901e+00;-1.3725786786e+01;
6.2359999900e+00;-2.0601204148e+01;
6.2399999900e+00;-2.0933150392e+01;
6.2439999899e+00;-1.6020289457e+01;
6.2479999899e+00;-1.0099458751e+01;
6.2519999899e+00;-6.9148113095e+00;
6.2559999900e+00;-6.8543178161e+00;
6.2599999900e+00;-7.9262407492e+00;
6.2639999900e+00;-8.6054725485e+00;
6.2679999899e+00;-8.8733646618e+00;
6.2719999899e+00;-9.1965989810e+00;
6.2759999898e+00;-9.6899886443e+00;
6.2799999898e+00;-1.0233015899e+01;
6.2839999897e+00;-1.0563912068e+01;
6.2879999897e+00;-1.0066826474e+01;
6.2919999897e+00;-8.2122803711e+00;
6.2959999898e+00;-5.4236514160e+00;
6.2999999898e+00;-2.8104571661e+00;
6.3039999898e+00;-1.0984551749e+00;
6.3079999897e+00;-3.8940694579e-01;
6.3119999897e+00;-7.9963410393e-01;
6.3159999899e+00;-2.6124117314e+00;
6.3199999898e+00;-5.3423304584e+00;
6.3239999898e+00;-7.2065166764e+00;
6.3279999897e+00;-6.5793156499e+00;
6.3319999897e+00;-4.0016692963e+00;
6.3359999896e+00;-1.7304154652e+00;
6.3399999898e+00;-1.2026877017e+00;
6.3439999898e+00;-1.9713864325e+00;
6.3479999898e+00;-3.0242705710e+00;
6.3519999897e+00;-3.8072857807e+00;
6.3559999897e+00;-3.8382318695e+00;
6.3599999899e+00;-2.7608557807e+00;
6.3639999898e+00;-1.0496199566e+00;
6.3679999898e+00;3.3976366580e-01;
6.3719999897e+00;9.5503758424e-01;
6.3759999897e+00;9.3932707424e-01;
6.3799999896e+00;3.7295237952e-01;
6.3839999898e+00;-8.9565788713e-01;
6.3879999898e+00;-2.6734966755e+00;
6.3919999897e+00;-4.2289629381e+00;
6.3959999897e+00;-5.0655885642e+00;
6.3999999897e+00;-5.5091125919e+00;
6.4039999896e+00;-6.0715288236e+00;
6.4079999896e+00;-6.7244979365e+00;
6.4119999895e+00;-7.1851193579e+00;
6.4159999895e+00;-7.2785224046e+00;
6.4199999894e+00;-6.5022671215e+00;
6.4239999896e+00;-3.8443882747e+00;
6.4279999896e+00;8.7590523221e-01;
6.4319999896e+00;5.7344196064e+00;
6.4359999895e+00;8.0063724279e+00;
6.4399999895e+00;6.8463695172e+00;
6.4439999897e+00;3.8442690264e+00;
6.4479999896e+00;9.9966783149e-01;
6.4519999896e+00;-9.1483445073e-01;
6.4559999895e+00;-2.0765464502e+00;
6.4599999895e+00;-2.8301556816e+00;
6.4639999894e+00;-3.4907461962e+00;
6.4679999896e+00;-4.2316899626e+00;
6.4719999896e+00;-4.7116758554e+00;
6.4759999895e+00;-4.3133869893e+00;
6.4799999895e+00;-3.1452827085e+00;
6.4839999895e+00;-2.1024751704e+00;
6.4879999897e+00;-1.6556881273e+00;
6.4919999896e+00;-1.3595905131e+00;
6.4959999896e+00;-8.8253426540e-01;
6.4999999895e+00;-7.7874889117e-01;
6.5039999895e+00;-1.4837041187e+00;
6.5079999894e+00;-2.2315590246e+00;
6.5119999896e+00;-2.0146388733e+00;
6.5159999896e+00;-9.4784472452e-01;
6.5199999895e+00;2.8123262938e-01;
6.5239999895e+00;1.5356038050e+00;
6.5279999895e+00;2.8588460825e+00;
6.5319999894e+00;3.7512720094e+00;
6.5359999894e+00;3.7319634834e+00;
6.5399999893e+00;3.1371089360e+00;
6.5439999893e+00;2.7602474572e+00;
6.5479999892e+00;2.9211231259e+00;
6.5519999894e+00;3.1421101922e+00;
6.5559999894e+00;2.7093197867e+00;
6.5599999893e+00;1.3206886021e+00;
6.5639999893e+00;-9.2422302958e-01;
6.5679999893e+00;-3.5413467471e+00;
6.5719999894e+00;-5.2904281076e+00;
6.5759999894e+00;-4.6817970595e+00;
6.5799999894e+00;-1.5994240789e+00;
6.5839999893e+00;2.3051718786e+00;
6.5879999893e+00;5.4078732884e+00;
6.5919999892e+00;7.3321945243e+00;
6.5959999894e+00;8.0521457440e+00;
6.5999999894e+00;7.0970726189e+00;
6.6039999893e+00;4.4821901397e+00;
6.6079999893e+00;1.6569374825e+00;
6.6119999893e+00;3.0370867008e-01;
6.6159999894e+00;5.6042005756e-01;
6.6199999894e+00;1.5734367913e+00;
6.6239999894e+00;3.0311663734e+00;
6.6279999893e+00;4.8414398369e+00;
6.6319999893e+00;6.2122445681e+00;
6.6359999892e+00;6.2968269326e+00;
6.6399999894e+00;5.1144964919e+00;
6.6439999894e+00;3.3345002766e+00;
6.6479999893e+00;1.7228483685e+00;
6.6519999893e+00;1.0335366813e+00;
6.6559999892e+00;2.0233758654e+00;
6.6599999892e+00;4.7559145720e+00;
6.6639999892e+00;7.7748432992e+00;
6.6679999891e+00;9.1559496145e+00;
6.6719999891e+00;8.6697839695e+00;
6.6759999890e+00;7.6706323677e+00;
6.6799999892e+00;6.9504709731e+00;
6.6839999892e+00;6.0214664974e+00;
6.6879999891e+00;4.3664171578e+00;
6.6919999891e+00;2.4821430972e+00;
6.6959999891e+00;1.4588975906e+00;
6.6999999892e+00;1.8382684110e+00;
6.7039999892e+00;3.3259130352e+00;
6.7079999892e+00;5.3129698463e+00;
6.7119999891e+00;7.1461540033e+00;
6.7159999891e+00;8.1844546184e+00;
6.7199999890e+00;8.0114687443e+00;
6.7239999892e+00;6.7530474650e+00;
6.7279999892e+00;5.0294947296e+00;
6.7319999891e+00;3.2949049148e+00;
6.7359999891e+00;1.7325439150e+00;
6.7399999890e+00;9.9237663165e-01;
6.7439999892e+00;1.8522313768e+00;
6.7479999892e+00;3.8814377938e+00;
6.7519999892e+00;5.6404857557e+00;
6.7559999891e+00;6.3836309847e+00;
6.7599999891e+00;6.6068378762e+00;
6.7639999890e+00;6.8682224201e+00;
6.7679999892e+00;7.0244250665e+00;
6.7719999892e+00;6.8053434040e+00;
6.7759999891e+00;6.3118486207e+00;
6.7799999891e+00;5.7591932957e+00;
6.7839999890e+00;5.2411632609e+00;
6.7879999890e+00;4.8959376370e+00;
6.7919999890e+00;5.0339725016e+00;
6.7959999889e+00;5.7029209539e+00;
6.7999999889e+00;6.3402543848e+00;
6.8039999888e+00;6.3861042523e+00;
6.8079999890e+00;5.8752017068e+00;
6.8119999890e+00;5.0003075328e+00;
6.8159999889e+00;3.4999472930e+00;
6.8199999889e+00;1.0500052275e+00;
6.8239999888e+00;-1.7233251488e+00;
6.8279999890e+00;-3.4352949958e+00;
6.8319999890e+00;-3.5022695600e+00;
6.8359999890e+00;-2.4745701911e+00;
6.8399999889e+00;-7.4765243442e-01;
6.8439999889e+00;1.3400595783e+00;
6.8479999888e+00;2.3864032866e+00;
6.8519999890e+00;1.3663084524e+00;
6.8559999890e+00;2.3285043595e-01;
6.8599999889e+00;2.9135348482e+00;
6.8639999889e+00;1.1367763347e+01;
6.8679999888e+00;2.3993146231e+01;
6.8719999890e+00;3.8058103299e+01;
6.8759999890e+00;5.2198113489e+01;
6.8799999889e+00;6.5713503511e+01;
6.8839999889e+00;7.6714518087e+01;
6.8879999889e+00;8.2859155302e+01;
6.8919999888e+00;8.3869674282e+01;
6.8959999890e+00;8.1712245593e+01;
6.8999999890e+00;7.8375183853e+01;
6.9039999889e+00;7.4939265452e+01;
6.9079999889e+00;7.2296403785e+01;
6.9119999888e+00;7.1036822395e+01;
6.9159999888e+00;7.0605611481e+01;
6.9199999887e+00;6.9892826826e+01;
6.9239999887e+00;6.8949547797e+01;
6.9279999887e+00;6.8985837399e+01;
6.9319999886e+00;7.0436504963e+01;
6.9359999888e+00;7.2184336501e+01;
6.9399999888e+00;7.3018532921e+01;
6.9439999887e+00;7.2886527301e+01;
6.9479999887e+00;7.2237132238e+01;
6.9519999886e+00;7.1125556541e+01;
6.9559999888e+00;6.9728670275e+01;
6.9599999888e+00;6.8697574154e+01;
6.9639999887e+00;6.8217601331e+01;
6.9679999887e+00;6.7692873014e+01;
6.9719999887e+00;6.6845517841e+01;
6.9759999886e+00;6.6222455785e+01;
6.9799999888e+00;6.6148078216e+01;
6.9839999888e+00;6.5925108215e+01;
6.9879999887e+00;6.4759927361e+01;
6.9919999887e+00;6.2968116129e+01;
6.9959999886e+00;6.1434663737e+01;
6.9999999888e+00;6.0320789639e+01;
7.0039999888e+00;5.9401848430e+01;
7.0079999887e+00;5.9248451168e+01;
7.0119999887e+00;6.0681854073e+01;
7.0159999887e+00;6.3236376212e+01;
7.0199999886e+00;6.5344080940e+01;
7.0239999888e+00;6.5941059038e+01;
7.0279999888e+00;6.4976851260e+01;
7.0319999887e+00;6.2675504263e+01;
7.0359999887e+00;5.9543946769e+01;
7.0399999886e+00;5.7244304508e+01;
7.0439999886e+00;5.7939916825e+01;
7.0479999885e+00;6.1318482642e+01;
7.0519999885e+00;6.3128286705e+01;
7.0559999885e+00;5.8646038606e+01;
7.0599999884e+00;4.7237410013e+01;
7.0639999886e+00;3.2139690667e+01;
7.0679999886e+00;1.6923182727e+01;
7.0719999885e+00;3.9569381577e+00;
7.0759999885e+00;-4.7946059569e+00;
7.0799999884e+00;-8.2006536573e+00;
7.0839999886e+00;-7.5344574349e+00;
7.0879999886e+00;-5.6774945557e+00;
7.0919999885e+00;-4.4432295053e+00;
7.0959999885e+00;-4.0429656328e+00;
7.0999999885e+00;-4.5924441489e+00;
7.1039999884e+00;-6.2112959203e+00;
7.1079999886e+00;-8.0765052476e+00;
7.1119999886e+00;-9.0505640418e+00;
7.1159999885e+00;-9.0052536687e+00;
7.1199999885e+00;-8.6036855019e+00;
7.1239999884e+00;-8.1436516774e+00;
7.1279999886e+00;-7.4800363279e+00;
7.1319999886e+00;-7.0174413945e+00;
7.1359999885e+00;-7.7552512670e+00;
7.1399999885e+00;-9.7318619088e+00;
7.1439999884e+00;-1.1282108018e+01;
7.1479999884e+00;-1.0905436391e+01;
7.1519999886e+00;-9.1412882565e+00;
7.1559999886e+00;-7.5682578048e+00;
7.1599999885e+00;-6.7990307439e+00;
7.1639999885e+00;-6.4050577949e+00;
7.1679999884e+00;-6.0966078109e+00;
7.1719999884e+00;-6.1166995278e+00;
7.1759999883e+00;-6.7959349986e+00;
7.1799999883e+00;-8.2179642314e+00;
7.1839999883e+00;-1.0128612568e+01;
7.1879999882e+00;-1.1811596664e+01;
7.1919999884e+00;-1.2264144731e+01;
7.1959999884e+00;-1.1100904347e+01;
7.1999999883e+00;-9.0664239040e+00;
7.2039999883e+00;-6.9928560149e+00;
7.2079999882e+00;-4.7657174924e+00;
7.2119999884e+00;-2.0971442220e+00;
7.2159999884e+00;2.7136722092e-01;
7.2199999883e+00;1.0579233787e+00;
7.2239999883e+00;8.3763466093e-02;
7.2279999882e+00;-1.3864347771e+00;
7.2319999882e+00;-2.4061950624e+00;
7.2359999884e+00;-3.1997606653e+00;
7.2399999883e+00;-3.7048083871e+00;
7.2439999883e+00;-3.2062757353e+00;
7.2479999883e+00;-1.8568689077e+00;
7.2519999882e+00;-1.0607123717e+00;
7.2559999884e+00;-2.2492996978e+00;
7.2599999884e+00;-5.6165079540e+00;
7.2639999883e+00;-9.6444575665e+00;
7.2679999883e+00;-1.1811171113e+01;
7.2719999882e+00;-1.0115234767e+01;
7.2759999882e+00;-4.5797713145e+00;
7.2799999884e+00;2.0415392846e+00;
7.2839999883e+00;5.4975217843e+00;
7.2879999883e+00;2.9322158206e+00;
7.2919999883e+00;-4.9387529952e+00;
7.2959999882e+00;-1.3977827391e+01;
7.2999999882e+00;-1.9077112274e+01;
7.3039999881e+00;-1.7501598871e+01;
7.3079999881e+00;-1.0558247006e+01;
7.3119999880e+00;-2.4897278369e+00;
7.3159999880e+00;2.2274409806e+00;
7.3199999882e+00;1.7274486749e+00;
7.3239999881e+00;-1.9073595463e+00;
7.3279999881e+00;-4.7335768685e+00;
7.3319999881e+00;-4.9932518053e+00;
7.3359999880e+00;-4.1367364531e+00;
7.3399999882e+00;-3.8420478087e+00;
7.3439999882e+00;-3.9305174070e+00;
7.3479999881e+00;-3.7510398500e+00;
7.3519999881e+00;-3.7492544655e+00;
7.3559999880e+00;-4.5607256350e+00;
7.3599999880e+00;-5.6067823398e+00;
7.3639999882e+00;-5.6265227307e+00;
7.3679999881e+00;-4.3957905666e+00;
7.3719999881e+00;-3.0170864970e+00;
7.3759999881e+00;-2.4037159935e+00;
7.3799999880e+00;-2.7439585666e+00;
7.3839999882e+00;-4.2916880129e+00;
7.3879999882e+00;-7.0202585699e+00;
7.3919999881e+00;-9.8159906796e+00;
7.3959999881e+00;-1.1403922811e+01;
7.3999999880e+00;-1.1782524566e+01;
7.4039999880e+00;-1.1868902235e+01;
7.4079999882e+00;-1.2136161806e+01;
7.4119999881e+00;-1.2385304660e+01;
7.4159999881e+00;-1.2536219912e+01;
7.4199999881e+00;-1.2811548199e+01;
7.4239999880e+00;-1.3128434157e+01;
7.4279999880e+00;-1.2981609309e+01;
7.4319999879e+00;-1.2184534605e+01;
7.4359999879e+00;-1.1281459025e+01;
7.4399999878e+00;-1.0758835770e+01;
7.4439999878e+00;-1.0186455021e+01;
7.4479999880e+00;-8.8961177983e+00;
7.4519999879e+00;-7.1970730157e+00;
7.4559999879e+00;-6.0300956903e+00;
7.4599999879e+00;-5.8160993674e+00;
7.4639999878e+00;-6.4620619001e+00;
7.4679999880e+00;-7.8378770830e+00;
7.4719999880e+00;-9.4051915491e+00;
7.4759999879e+00;-1.0106547541e+01;
7.4799999879e+00;-9.4436185847e+00;
7.4839999878e+00;-8.1895134986e+00;
7.4879999878e+00;-7.4475123939e+00;
7.4919999880e+00;-7.5053785979e+00;
7.4959999879e+00;-8.1669023105e+00;
7.4999999879e+00;-9.3928568910e+00;
7.5039999878e+00;-1.0888503623e+01;
7.5079999878e+00;-1.1807254716e+01;
7.5119999880e+00;-1.1561867922e+01;
7.5159999880e+00;-1.0577771196e+01;
7.5199999879e+00;-9.8136873563e+00;
7.5239999879e+00;-9.8243481081e+00;
7.5279999878e+00;-1.0502439537e+01;
7.5319999878e+00;-1.1323237252e+01;
7.5359999880e+00;-1.1568003218e+01;
7.5399999879e+00;-1.0546445500e+01;
7.5439999879e+00;-8.1802374224e+00;
7.5479999878e+00;-5.6089459356e+00;
7.5519999878e+00;-4.5109861783e+00;
7.5559999878e+00;-5.3466284655e+00;
7.5599999877e+00;-6.9099477150e+00;
7.5639999877e+00;-7.9230063210e+00;
7.5679999876e+00;-8.2800531810e+00;
7.5719999876e+00;-8.2502215038e+00;
7.5759999878e+00;-7.4359689672e+00;
7.5799999877e+00;-5.5052177491e+00;
7.5839999877e+00;-3.2758049208e+00;
7.5879999876e+00;-2.0966409287e+00;
7.5919999876e+00;-2.3133229281e+00;
7.5959999878e+00;-3.1156793734e+00;
7.5999999878e+00;-3.9866988050e+00;
7.6039999877e+00;-5.2325973698e+00;
7.6079999877e+00;-6.7350275481e+00;
7.6119999876e+00;-7.4523587199e+00;
7.6159999876e+00;-6.9145235489e+00;
7.6199999878e+00;-6.0919144432e+00;
7.6239999877e+00;-5.7702922284e+00;
7.6279999877e+00;-5.2826996748e+00;
7.6319999876e+00;-4.0505574674e+00;
7.6359999876e+00;-2.9863921822e+00;
7.6399999878e+00;-3.2243466999e+00;
7.6439999877e+00;-4.7346595419e+00;
7.6479999877e+00;-6.8174288256e+00;
7.6519999877e+00;-9.0367910845e+00;
7.6559999876e+00;-1.1219992673e+01;
7.6599999876e+00;-1.2800772500e+01;
7.6639999878e+00;-1.3027690512e+01;
7.6679999877e+00;-1.1990895724e+01;
7.6719999877e+00;-1.0461248519e+01;
7.6759999876e+00;-9.0283814234e+00;
7.6799999876e+00;-8.0983451377e+00;
7.6839999876e+00;-7.9921730430e+00;
7.6879999875e+00;-8.6243349237e+00;
7.6919999875e+00;-9.3495710187e+00;
7.6959999874e+00;-9.3869631482e+00;
7.6999999874e+00;-8.6693611103e+00;
7.7039999876e+00;-7.8442120654e+00;
7.7079999875e+00;-7.1752818342e+00;
7.7119999875e+00;-6.1983765074e+00;
7.7159999874e+00;-4.7302478163e+00;
7.7199999874e+00;-3.4249901423e+00;
7.7239999876e+00;-2.7071549133e+00;
7.7279999875e+00;-1.8973602672e+00;
7.7319999875e+00;-3.7626664870e-01;
7.7359999875e+00;1.0975667085e+00;
7.7399999874e+00;1.2253450677e+00;
7.7439999874e+00;-1.6073511523e-01;
7.7479999876e+00;-2.0655882980e+00;
7.7519999875e+00;-3.6788324160e+00;
7.7559999875e+00;-4.7861673170e+00;
7.7599999874e+00;-4.9127367631e+00;
7.7639999874e+00;-3.4304236601e+00;
7.7679999876e+00;-9.3700738810e-01;
7.7719999875e+00;6.2861933571e-01;
7.7759999875e+00;-8.6099303036e-02;
7.7799999875e+00;-2.4204645101e+00;
7.7839999874e+00;-4.6708489620e+00;
7.7879999874e+00;-5.7537909074e+00;
7.7919999876e+00;-5.3980298457e+00;
7.7959999875e+00;-3.6921426733e+00;
7.7999999875e+00;-1.1236498301e+00;
7.8039999874e+00;1.5996147511e+00;
7.8079999874e+00;3.8297612945e+00;
7.8119999873e+00;4.4959084946e+00;
7.8159999873e+00;1.9707889802e+00;
7.8199999873e+00;-4.4700546614e+00;
7.8239999872e+00;-1.2977467950e+01;
7.8279999872e+00;-1.9708358118e+01;
7.8319999874e+00;-2.1864191734e+01;
7.8359999873e+00;-2.0114786889e+01;
7.8399999873e+00;-1.7489328867e+01;
7.8439999872e+00;-1.6131024519e+01;
7.8479999872e+00;-1.5980377518e+01;
7.8519999874e+00;-1.6188710294e+01;
7.8559999873e+00;-1.6290502052e+01;
7.8599999873e+00;-1.5914482813e+01;
7.8639999873e+00;-1.4805340065e+01;
7.8679999872e+00;-1.3437945168e+01;
7.8719999872e+00;-1.2426211465e+01;
7.8759999874e+00;-1.1424475898e+01;
7.8799999873e+00;-9.8630668537e+00;
7.8839999873e+00;-8.5005397443e+00;
7.8879999872e+00;-8.9073101099e+00;
7.8919999872e+00;-1.1314978911e+01;
7.8959999874e+00;-1.4205597529e+01;
7.8999999873e+00;-1.6239738743e+01;
7.9039999873e+00;-1.7264776823e+01;
7.9079999872e+00;-1.7226199509e+01;
7.9119999872e+00;-1.5725617862e+01;
7.9159999872e+00;-1.3241505761e+01;
7.9199999874e+00;-1.1225260093e+01;
7.9239999873e+00;-1.0256258424e+01;
7.9279999873e+00;-9.4462296879e+00;
7.9319999872e+00;-8.2937075807e+00;
7.9359999872e+00;-7.8294002255e+00;
7.9399999871e+00;-9.0771133839e+00;
7.9439999871e+00;-1.1283648769e+01;
7.9479999871e+00;-1.2644831839e+01;
7.9519999870e+00;-1.2397486175e+01;
7.9559999870e+00;-1.1221976134e+01;
7.9599999872e+00;-9.9063285481e+00;
7.9639999871e+00;-8.8684717452e+00;
7.9679999871e+00;-8.5925340576e+00;
7.9719999870e+00;-9.1362237674e+00;
7.9759999870e+00;-9.4973913213e+00;
7.9799999872e+00;-8.5712834238e+00;
7.9839999871e+00;-6.7140792237e+00;
7.9879999871e+00;-5.5389403212e+00;
7.9919999870e+00;-5.8522176436e+00;
7.9959999870e+00;-6.7525418224e+00;
7.9999999870e+00;-7.2265467475e+00;
8.0039999872e+00;-7.3554307555e+00;
8.0079999871e+00;-7.4979240922e+00;
8.0119999871e+00;-7.5050535476e+00;
8.0159999870e+00;-7.1300877823e+00;
8.0199999870e+00;-6.4772236848e+00;
8.0239999872e+00;-5.9044264839e+00;
8.0279999871e+00;-5.6915911537e+00;
8.0319999871e+00;-5.8417423735e+00;
8.0359999870e+00;-6.3930243030e+00;
8.0399999870e+00;-7.4875261676e+00;
8.0439999870e+00;-8.7344442100e+00;
8.0479999871e+00;-9.3848273836e+00;
8.0519999871e+00;-9.5636179312e+00;
8.0559999871e+00;-1.0355353769e+01;
8.0599999870e+00;-1.2107590793e+01;
8.0639999870e+00;-1.3614843762e+01;
8.0679999869e+00;-1.3686480292e+01;
8.0719999869e+00;-1.2475756561e+01;
8.0759999868e+00;-1.0814027522e+01;
8.0799999868e+00;-9.4493209077e+00;
8.0839999868e+00;-9.1712171830e+00;
8.0879999870e+00;-1.0380507040e+01;
8.0919999869e+00;-1.2156140220e+01;
8.0959999869e+00;-1.2933526315e+01;
8.0999999868e+00;-1.2409668649e+01;
8.1039999868e+00;-1.1757528643e+01;
8.1079999870e+00;-1.1914214526e+01;
8.1119999869e+00;-1.2491642910e+01;
8.1159999869e+00;-1.2568313487e+01;
8.1199999868e+00;-1.1945223043e+01;
8.1239999868e+00;-1.0976497369e+01;
8.1279999868e+00;-9.6300703767e+00;
8.1319999869e+00;-7.7209125672e+00;
8.1359999869e+00;-5.9285789661e+00;
8.1399999869e+00;-5.5429284444e+00;
8.1439999868e+00;-6.8370194641e+00;
8.1479999868e+00;-8.5914145353e+00;
8.1519999870e+00;-9.5827938267e+00;
8.1559999869e+00;-9.4416616189e+00;
8.1599999869e+00;-8.1642683273e+00;
8.1639999868e+00;-6.2591728971e+00;
8.1679999868e+00;-5.0577927153e+00;
8.1719999867e+00;-5.5068235759e+00;
8.1759999869e+00;-6.8025731789e+00;
8.1799999869e+00;-7.1170756466e+00;
8.1839999869e+00;-5.7258148992e+00;
8.1879999868e+00;-3.7173728836e+00;
8.1919999868e+00;-2.4310582300e+00;
8.1959999867e+00;-2.1407896160e+00;
8.1999999867e+00;-2.6098742919e+00;
8.2039999866e+00;-3.8600911542e+00;
8.2079999866e+00;-5.7956974126e+00;
8.2119999866e+00;-7.8351051321e+00;
8.2159999867e+00;-9.5593264074e+00;
8.2199999867e+00;-1.1026953354e+01;
8.2239999867e+00;-1.1903802709e+01;
8.2279999866e+00;-1.1308262932e+01;
8.2319999866e+00;-9.3204374520e+00;
8.2359999868e+00;-7.7296631293e+00;
8.2399999867e+00;-8.2183678087e+00;
8.2439999867e+00;-1.0414927370e+01;
8.2479999866e+00;-1.2701326755e+01;
8.2519999866e+00;-1.4248147277e+01;
8.2559999865e+00;-1.5237524303e+01;
8.2599999867e+00;-1.5609400255e+01;
8.2639999867e+00;-1.4899309198e+01;
8.2679999867e+00;-1.3526519366e+01;
8.2719999866e+00;-1.3029192942e+01;
8.2759999866e+00;-1.4301299109e+01;
8.2799999868e+00;-1.6410309045e+01;
8.2839999867e+00;-1.7765356674e+01;
8.2879999867e+00;-1.7736229517e+01;
8.2919999866e+00;-1.6754413200e+01;
8.2959999866e+00;-1.5666301788e+01;
8.2999999865e+00;-1.5310920867e+01;
8.3039999867e+00;-1.5982108803e+01;
8.3079999867e+00;-1.7111222064e+01;
8.3119999866e+00;-1.7892575844e+01;
8.3159999866e+00;-1.7905379138e+01;
8.3199999866e+00;-1.6710690907e+01;
8.3239999865e+00;-1.3462075748e+01;
8.3279999865e+00;-7.7237949662e+00;
8.3319999864e+00;-6.3590333622e-01;
8.3359999864e+00;5.3447073087e+00;
8.3399999863e+00;8.3281144539e+00;
8.3439999865e+00;8.5433770696e+00;
8.3479999865e+00;7.6573834797e+00;
8.3519999865e+00;6.7161211531e+00;
8.3559999864e+00;5.6001898376e+00;
8.3599999864e+00;4.3947911808e+00;
8.3639999866e+00;3.8561469829e+00;
8.3679999865e+00;4.1932525757e+00;
8.3719999865e+00;4.6555089002e+00;
8.3759999864e+00;4.9414602825e+00;
8.3799999864e+00;5.9036051587e+00;
8.3839999863e+00;8.0198816850e+00;
8.3879999865e+00;1.0397802423e+01;
8.3919999865e+00;1.2080986541e+01;
8.3959999864e+00;1.2932914973e+01;
8.3999999864e+00;1.2789396667e+01;
8.4039999864e+00;1.1371345688e+01;
8.4079999865e+00;9.3789194491e+00;
8.4119999865e+00;8.2876757522e+00;
8.4159999865e+00;8.6835737777e+00;
8.4199999864e+00;9.4798343189e+00;
8.4239999864e+00;9.1273640607e+00;
8.4279999863e+00;7.3977368473e+00;
8.4319999865e+00;5.5126457999e+00;
8.4359999865e+00;4.5216356230e+00;
8.4399999864e+00;4.2948432667e+00;
8.4439999864e+00;4.3790190471e+00;
8.4479999864e+00;4.8077101748e+00;
8.4519999863e+00;5.5103340693e+00;
8.4559999863e+00;6.0671314520e+00;
8.4599999862e+00;6.5941987175e+00;
8.4639999862e+00;7.6502965823e+00;
8.4679999861e+00;8.7198839340e+00;
8.4719999863e+00;8.1883287034e+00;
8.4759999863e+00;5.7473616938e+00;
8.4799999862e+00;3.3223802338e+00;
8.4839999862e+00;2.5026809375e+00;
8.4879999862e+00;2.6448162415e+00;
8.4919999863e+00;2.4966393285e+00;
8.4959999863e+00;2.2204285534e+00;
8.4999999863e+00;2.7936018478e+00;
8.5039999862e+00;4.4185473197e+00;
8.5079999862e+00;6.5371929127e+00;
8.5119999861e+00;8.4730216215e+00;
8.5159999863e+00;8.9527713627e+00;
8.5199999863e+00;6.1967568377e+00;
8.5239999862e+00;2.6665548328e-02;
8.5279999862e+00;-6.8004488595e+00;
8.5319999862e+00;-1.0685249739e+01;
8.5359999863e+00;-1.0580637859e+01;
8.5399999863e+00;-8.4482885088e+00;
8.5439999863e+00;-6.3804520377e+00;
8.5479999862e+00;-4.7036266327e+00;
8.5519999862e+00;-3.2227941150e+00;
8.5559999861e+00;-2.5051659574e+00;
8.5599999863e+00;-3.1654077324e+00;
8.5639999863e+00;-5.0489804479e+00;
8.5679999862e+00;-7.6950725508e+00;
8.5719999862e+00;-1.0860192743e+01;
8.5759999861e+00;-1.3916808854e+01;
8.5799999861e+00;-1.5460498860e+01;
8.5839999861e+00;-1.4755903721e+01;
8.5879999860e+00;-1.3015756687e+01;
8.5919999860e+00;-1.1856009860e+01;
8.5959999859e+00;-1.1163423797e+01;
8.5999999861e+00;-9.8862019733e+00;
8.6039999861e+00;-7.9797060129e+00;
8.6079999860e+00;-6.1299789990e+00;
8.6119999860e+00;-4.5713710239e+00;
8.6159999860e+00;-3.5372039960e+00;
8.6199999861e+00;-3.9332772327e+00;
8.6239999861e+00;-6.0755949036e+00;
8.6279999861e+00;-8.3700100280e+00;
8.6319999860e+00;-8.7988786532e+00;
8.6359999860e+00;-7.3242469628e+00;
8.6399999859e+00;-5.4485402930e+00;
8.6439999861e+00;-3.8865149952e+00;
8.6479999861e+00;-2.2345588629e+00;
8.6519999860e+00;-7.7600604866e-01;
8.6559999860e+00;-6.1898978043e-01;
8.6599999859e+00;-1.5550132490e+00;
8.6639999861e+00;-1.8297361230e+00;
8.6679999861e+00;-8.1346629118e-01;
8.6719999861e+00;1.6816622112e-02;
8.6759999860e+00;-4.2803173768e-01;
8.6799999860e+00;-1.1754896488e+00;
8.6839999859e+00;-9.1635520640e-01;
8.6879999861e+00;7.8633277910e-02;
8.6919999861e+00;6.6203711892e-01;
8.6959999860e+00;4.0395410021e-01;
8.6999999860e+00;-3.0249250727e-01;
8.7039999859e+00;-1.0813154795e+00;
8.7079999859e+00;-1.7664547870e+00;
8.7119999859e+00;-2.0786449153e+00;
8.7159999858e+00;-1.7568572613e+00;
8.7199999858e+00;-8.6496550275e-01;
8.7239999857e+00;4.3682937650e-01;
8.7279999859e+00;2.2214045563e+00;
8.7319999859e+00;4.3795578614e+00;
8.7359999858e+00;5.7758589670e+00;
8.7399999858e+00;4.7409280970e+00;
8.7439999857e+00;1.3591719032e+00;
8.7479999859e+00;-1.7773871692e+00;
8.7519999859e+00;-2.4167618923e+00;
8.7559999858e+00;-9.5281856263e-01;
8.7599999858e+00;1.3267720258e+00;
8.7639999858e+00;4.4030341975e+00;
8.7679999857e+00;8.2187686772e+00;
8.7719999859e+00;1.1007258018e+01;
8.7759999859e+00;1.0925507574e+01;
8.7799999858e+00;8.2417809702e+00;
8.7839999858e+00;4.6690437262e+00;
8.7879999857e+00;1.4470844505e+00;
8.7919999859e+00;-1.1344808644e+00;
8.7959999859e+00;-3.0052317388e+00;
8.7999999858e+00;-4.0223997199e+00;
8.8039999858e+00;-4.3418206234e+00;
8.8079999858e+00;-4.2144763994e+00;
8.8119999857e+00;-3.3109490727e+00;
8.8159999859e+00;-1.2024677721e+00;
8.8199999859e+00;1.4277050119e+00;
8.8239999858e+00;3.1470182992e+00;
8.8279999858e+00;3.7077103823e+00;
8.8319999857e+00;4.4103215395e+00;
8.8359999857e+00;5.9014103488e+00;
8.8399999856e+00;7.1481410331e+00;
8.8439999856e+00;7.2410003069e+00;
8.8479999856e+00;6.5119777066e+00;
8.8519999855e+00;5.3356443547e+00;
8.8559999857e+00;3.4271044788e+00;
8.8599999857e+00;9.5738851465e-01;
8.8639999856e+00;-7.7691555594e-01;
8.8679999856e+00;-6.1281341861e-01;
8.8719999855e+00;1.0818515712e+00;
8.8759999857e+00;3.0637095533e+00;
8.8799999857e+00;4.6699910851e+00;
8.8839999856e+00;5.7657790016e+00;
8.8879999856e+00;6.0640807403e+00;
8.8919999856e+00;5.4326051289e+00;
8.8959999855e+00;4.3073151641e+00;
8.8999999857e+00;3.1080019580e+00;
8.9039999857e+00;1.7489598246e+00;
8.9079999856e+00;2.0010231645e-01;
8.9119999856e+00;-1.0020867025e+00;
8.9159999855e+00;-1.1166966141e+00;
8.9199999857e+00;9.2375031789e-02;
8.9239999857e+00;2.1436950470e+00;
8.9279999856e+00;4.4823382375e+00;
8.9319999856e+00;6.8302021318e+00;
8.9359999856e+00;8.5032631290e+00;
8.9399999855e+00;8.3765266893e+00;
8.9439999857e+00;6.1447863969e+00;
8.9479999857e+00;2.8622467614e+00;
8.9519999856e+00;-1.6685685457e-01;
8.9559999856e+00;-2.4884111967e+00;
8.9599999855e+00;-4.1046200781e+00;
8.9639999855e+00;-4.6275724176e+00;
8.9679999854e+00;-3.6586329570e+00;
8.9719999854e+00;-1.6597679149e+00;
8.9759999854e+00;2.2403979662e-01;
8.9799999853e+00;1.2027038762e+00;
8.9839999855e+00;1.4634013667e+00;
8.9879999855e+00;1.5500446388e+00;
8.9919999854e+00;1.5415978732e+00;
8.9959999854e+00;1.3874922573e+00;
8.9999999853e+00;1.2566644205e+00;
9.0039999855e+00;1.0627610310e+00;
9.0079999855e+00;6.9920055405e-01;
9.0119999854e+00;8.0301206966e-01;
9.0159999854e+00;2.1217856058e+00;
9.0199999854e+00;4.2083323845e+00;
9.0239999853e+00;5.7049794090e+00;
9.0279999855e+00;5.9364835612e+00;
9.0319999855e+00;5.4442049920e+00;
9.0359999854e+00;4.8339262841e+00;
9.0399999854e+00;4.0645707875e+00;
9.0439999853e+00;3.2055039236e+00;
9.0479999855e+00;2.7286229157e+00;
9.0519999855e+00;2.6431245453e+00;
9.0559999854e+00;2.3576000598e+00;
9.0599999854e+00;1.6769994650e+00;
9.0639999853e+00;1.2582268770e+00;
9.0679999853e+00;1.6512737155e+00;
9.0719999855e+00;2.3742059111e+00;
9.0759999854e+00;2.7146674310e+00;
9.0799999854e+00;2.8970050127e+00;
9.0839999854e+00;3.5038043071e+00;
9.0879999853e+00;4.3517688466e+00;
9.0919999853e+00;4.9028751162e+00;
9.0959999852e+00;5.3530398750e+00;
9.0999999852e+00;6.3425969440e+00;
9.1039999851e+00;7.7215469893e+00;
9.1079999851e+00;8.5413921117e+00;
9.1119999853e+00;8.2565741090e+00;
9.1159999853e+00;7.2944416611e+00;
9.1199999852e+00;6.4574851948e+00;
9.1239999852e+00;5.9985749167e+00;
9.1279999851e+00;5.6785999669e+00;
9.1319999853e+00;5.6657561976e+00;
9.1359999853e+00;6.3104288838e+00;
9.1399999852e+00;7.1377836239e+00;
9.1439999852e+00;7.2896003861e+00;
9.1479999851e+00;6.6299178150e+00;
9.1519999851e+00;5.4383019954e+00;
9.1559999853e+00;3.7487569918e+00;
9.1599999852e+00;1.9129742946e+00;
9.1639999852e+00;8.2956671307e-01;
9.1679999852e+00;6.9362843118e-01;
9.1719999851e+00;5.1170862513e-01;
9.1759999853e+00;-3.9358199900e-01;
9.1799999853e+00;-1.3981891893e+00;
9.1839999852e+00;-1.6527932191e+00;
9.1879999852e+00;-1.0610825329e+00;
9.1919999851e+00;1.8978905003e-01;
9.1959999851e+00;1.9885186130e+00;
9.1999999853e+00;3.7290295843e+00;
9.2039999852e+00;4.0194065458e+00;
9.2079999852e+00;1.7777091721e+00;
9.2119999852e+00;-2.3043673183e+00;
9.2159999851e+00;-6.1157446941e+00;
9.2199999851e+00;-8.0335742279e+00;
9.2239999850e+00;-7.8663932687e+00;
9.2279999850e+00;-6.1082258988e+00;
9.2319999849e+00;-3.3574863796e+00;
9.2359999849e+00;-6.4266125497e-01;
9.2399999851e+00;8.8798998191e-01;
9.2439999850e+00;1.1114907307e+00;
9.2479999850e+00;1.0133534863e+00;
9.2519999850e+00;1.3011898063e+00;
9.2559999849e+00;1.7253039532e+00;
9.2599999851e+00;2.1363885786e+00;
9.2639999851e+00;2.9503894218e+00;
9.2679999850e+00;3.8856030331e+00;
9.2719999850e+00;3.7657732025e+00;
9.2759999849e+00;2.2778848659e+00;
9.2799999849e+00;4.8477417079e-01;
9.2839999851e+00;-7.7798767283e-01;
9.2879999850e+00;-1.8883633966e+00;
9.2919999850e+00;-3.3882979449e+00;
9.2959999850e+00;-4.6580252900e+00;
9.2999999849e+00;-4.6547414850e+00;
9.3039999851e+00;-3.4957555934e+00;
9.3079999851e+00;-1.9867655933e+00;
9.3119999850e+00;-1.5446213889e-01;
9.3159999850e+00;2.3654951992e+00;
9.3199999849e+00;4.9622127000e+00;
9.3239999849e+00;6.3462238719e+00;
9.3279999851e+00;6.0517604500e+00;
9.3319999850e+00;4.8104111201e+00;
9.3359999850e+00;3.3453815619e+00;
9.3399999849e+00;1.5081066848e+00;
9.3439999849e+00;-6.7958394776e-01;
9.3479999849e+00;-1.9976268617e+00;
9.3519999848e+00;-1.4077199184e+00;
9.3559999848e+00;4.2256674101e-01;
9.3599999847e+00;2.2353918800e+00;
9.3639999847e+00;3.7249295281e+00;
9.3679999849e+00;4.9747668094e+00;
9.3719999848e+00;5.3773820422e+00;
9.3759999848e+00;4.0463429100e+00;
9.3799999848e+00;1.1568931921e+00;
9.3839999847e+00;-1.7317264115e+00;
9.3879999849e+00;-3.0403585755e+00;
9.3919999849e+00;-2.3204772907e+00;
9.3959999848e+00;-5.4013737710e-02;
9.3999999848e+00;2.5108095317e+00;
9.4039999847e+00;3.4339987467e+00;
9.4079999847e+00;1.5783290848e+00;
9.4119999849e+00;-1.6546855983e+00;
9.4159999848e+00;-3.2777662167e+00;
9.4199999848e+00;-1.8291983062e+00;
9.4239999847e+00;1.3340910218e+00;
9.4279999847e+00;3.9788792692e+00;
9.4319999849e+00;5.1215184060e+00;
9.4359999849e+00;5.0345034426e+00;
9.4399999848e+00;4.3732780097e+00;
9.4439999848e+00;3.9130342940e+00;
9.4479999847e+00;4.3117189341e+00;
9.4519999847e+00;5.3893194904e+00;
9.4559999849e+00;6.2427197843e+00;
9.4599999848e+00;6.7376160346e+00;
9.4639999848e+00;8.0160171876e+00;
9.4679999847e+00;1.0474515269e+01;
9.4719999847e+00;1.2246194651e+01;
9.4759999847e+00;1.1335146237e+01;
9.4799999846e+00;8.4903089266e+00;
9.4839999846e+00;6.3895909049e+00;
9.4879999845e+00;6.7267651103e+00;
9.4919999845e+00;9.2692687640e+00;
9.4959999847e+00;1.2879080092e+01;
9.4999999846e+00;1.6025865812e+01;
9.5039999846e+00;1.6747967253e+01;
9.5079999845e+00;1.3973756651e+01;
9.5119999845e+00;9.2081942686e+00;
9.5159999847e+00;5.4798361271e+00;
9.5199999847e+00;4.3237819077e+00;
9.5239999846e+00;4.7722785292e+00;
9.5279999846e+00;5.2712161641e+00;
9.5319999845e+00;5.3921723232e+00;
9.5359999845e+00;5.4130730525e+00;
9.5399999847e+00;5.4859548541e+00;
9.5439999846e+00;5.7781913136e+00;
9.5479999846e+00;6.5927495196e+00;
9.5519999845e+00;7.9367643483e+00;
9.5559999845e+00;9.3213898666e+00;
9.5599999847e+00;1.0173395259e+01;
9.5639999846e+00;1.0409664328e+01;
9.5679999846e+00;1.0510643795e+01;
9.5719999846e+00;1.0902862872e+01;
9.5759999845e+00;1.1576926134e+01;
9.5799999845e+00;1.2797048189e+01;
9.5839999847e+00;1.5458519286e+01;
9.5879999846e+00;1.9795119363e+01;
9.5919999846e+00;2.4496468533e+01;
9.5959999845e+00;2.7862992844e+01;
9.5999999845e+00;2.9285058872e+01;
9.6039999845e+00;2.9366201609e+01;
9.6079999844e+00;2.9234170198e+01;
9.6119999844e+00;2.9891740729e+01;
9.6159999843e+00;3.1533182155e+01;
9.6199999843e+00;3.3198646631e+01;
9.6239999845e+00;3.3398712597e+01;
9.6279999844e+00;3.1364053205e+01;
9.6319999844e+00;2.7824808093e+01;
9.6359999843e+00;2.4304330283e+01;
9.6399999843e+00;2.1775573501e+01;
9.6439999845e+00;2.0484223683e+01;
9.6479999844e+00;2.0418211843e+01;
9.6519999844e+00;2.0908270889e+01;
9.6559999844e+00;2.0439814575e+01;
9.6599999843e+00;1.8272618218e+01;
9.6639999843e+00;1.5586234706e+01;
9.6679999845e+00;1.3809899569e+01;
9.6719999844e+00;1.2807825470e+01;
9.6759999844e+00;1.1584581611e+01;
9.6799999843e+00;9.9683404504e+00;
9.6839999843e+00;8.8641836286e+00;
9.6879999845e+00;8.9083668063e+00;
9.6919999844e+00;9.7254374134e+00;
9.6959999844e+00;1.0929546148e+01;
9.6999999844e+00;1.2655858038e+01;
9.7039999843e+00;1.4465666438e+01;
9.7079999843e+00;1.5061159349e+01;
9.7119999845e+00;1.3905245799e+01;
9.7159999844e+00;1.2042734534e+01;
9.7199999844e+00;1.0660672691e+01;
9.7239999843e+00;9.8705813524e+00;
9.7279999843e+00;9.4257653613e+00;
9.7319999842e+00;9.5497267050e+00;
9.7359999842e+00;1.0319898424e+01;
9.7399999842e+00;1.1038258416e+01;
9.7439999841e+00;1.1101718636e+01;
9.7479999841e+00;1.0918098565e+01;
9.7519999843e+00;1.0946756474e+01;
9.7559999842e+00;1.0434271447e+01;
9.7599999842e+00;8.4786128108e+00;
9.7639999841e+00;5.7682618645e+00;
9.7679999841e+00;3.9135339580e+00;
9.7719999843e+00;3.7912678439e+00;
9.7759999842e+00;5.4151213826e+00;
9.7799999842e+00;8.5665307057e+00;
9.7839999842e+00;1.2700152574e+01;
9.7879999841e+00;1.6319055586e+01;
9.7919999841e+00;1.7473997555e+01;
9.7959999843e+00;1.5781766516e+01;
9.7999999842e+00;1.3083586805e+01;
9.8039999842e+00;1.1235587135e+01;
9.8079999841e+00;1.0419148815e+01;
9.8119999841e+00;1.0163810861e+01;
9.8159999843e+00;1.0287626431e+01;
9.8199999842e+00;1.0345344929e+01;
9.8239999842e+00;9.7191022449e+00;
9.8279999841e+00;8.6253961211e+00;
9.8319999841e+00;8.0871841245e+00;
9.8359999841e+00;8.5696776162e+00;
9.8399999843e+00;9.2294668584e+00;
9.8439999842e+00;8.9962782790e+00;
9.8479999842e+00;7.8758565215e+00;
9.8519999841e+00;6.5458840164e+00;
9.8559999841e+00;5.1376748232e+00;
9.8599999840e+00;3.2874437008e+00;
9.8639999840e+00;1.3113141566e+00;
9.8679999840e+00;3.8569024566e-01;
9.8719999839e+00;1.1447241978e+00;
9.8759999839e+00;2.9402885734e+00;
9.8799999841e+00;5.0233512353e+00;
9.8839999840e+00;7.3392817288e+00;
9.8879999840e+00;9.5266305717e+00;
9.8919999839e+00;1.0621047322e+01;
9.8959999839e+00;1.0388636264e+01;
9.8999999841e+00;9.5134999107e+00;
9.9039999840e+00;8.4119807564e+00;
9.9079999840e+00;7.1317083513e+00;
9.9119999839e+00;6.1547409710e+00;
9.9159999839e+00;6.3556465900e+00;
9.9199999839e+00;7.9407628569e+00;
9.9239999841e+00;9.8576587016e+00;
9.9279999840e+00;1.0831794567e+01;
9.9319999840e+00;1.0580272121e+01;
9.9359999839e+00;9.3916276698e+00;
9.9399999839e+00;7.2726438435e+00;
9.9439999841e+00;4.4662131144e+00;
9.9479999840e+00;2.1234243211e+00;
9.9519999840e+00;1.2654305517e+00;
9.9559999839e+00;1.5986167116e+00;
9.9599999839e+00;2.3845943543e+00;
9.9639999839e+00;3.7403395727e+00;
9.9679999840e+00;5.9602530306e+00;
9.9719999840e+00;8.0975184970e+00;
9.9759999840e+00;8.4696307218e+00;
9.9799999839e+00;6.6657786361e+00;
9.9839999839e+00;4.0681551791e+00;
9.9879999838e+00;2.1274466518e+00;
9.9919999838e+00;1.1877156770e+00;
9.9959999837e+00;1.3392317377e+00;
9.9999999837e+00;2.9273475843e+00;
1.0003999984e+01;5.5395856459e+00;
1.0007999984e+01;7.7511159981e+00;
1.0011999984e+01;8.5002916257e+00;
1.0015999984e+01;8.1349549186e+00;
1.0019999984e+01;7.7094249065e+00;
1.0023999984e+01;7.5550897118e+00;
1.0027999984e+01;7.1960798663e+00;
1.0031999984e+01;6.5106097017e+00;
1.0035999984e+01;6.0205322138e+00;
1.0039999984e+01;6.0121954044e+00;
1.0043999984e+01;6.2975417222e+00;
1.0047999984e+01;6.5933067070e+00;
1.0051999984e+01;5.8978734456e+00;
1.0055999984e+01;2.2329488967e+00;
1.0059999984e+01;-4.9797010426e+00;
1.0063999984e+01;-1.2968486876e+01;
1.0067999984e+01;-1.7840094956e+01;
1.0071999984e+01;-1.8002504622e+01;
1.0075999984e+01;-1.4746748750e+01;
1.0079999984e+01;-1.0761474906e+01;
1.0083999984e+01;-8.4679487308e+00;
1.0087999984e+01;-8.8894213717e+00;
1.0091999984e+01;-1.1358436928e+01;
1.0095999984e+01;-1.4019560449e+01;
1.0099999984e+01;-1.5161897786e+01;
1.0103999984e+01;-1.4635986304e+01;
1.0107999984e+01;-1.3494853852e+01;
1.0111999984e+01;-1.2237317063e+01;
1.0115999984e+01;-1.0588447372e+01;
1.0119999984e+01;-9.0488114948e+00;
1.0123999984e+01;-9.1389914327e+00;
1.0127999983e+01;-1.1479149166e+01;
1.0131999983e+01;-1.4528218230e+01;
1.0135999984e+01;-1.6145339467e+01;
1.0139999984e+01;-1.5981909791e+01;
1.0143999984e+01;-1.5114528371e+01;
1.0147999984e+01;-1.3982381367e+01;
1.0151999983e+01;-1.2453967608e+01;
1.0155999984e+01;-1.1165122104e+01;
1.0159999984e+01;-1.1044908271e+01;
1.0163999984e+01;-1.1832995877e+01;
1.0167999984e+01;-1.2195486294e+01;
1.0171999983e+01;-1.1381950311e+01;
1.0175999983e+01;-1.0077829344e+01;
1.0179999984e+01;-9.3195175317e+00;
1.0183999984e+01;-9.1612571597e+00;
1.0187999984e+01;-9.0407973274e+00;
1.0191999984e+01;-8.7741987898e+00;
1.0195999983e+01;-8.2727128472e+00;
1.0199999984e+01;-7.1540228429e+00;
1.0203999984e+01;-5.6469179727e+00;
1.0207999984e+01;-4.9825083350e+00;
1.0211999984e+01;-5.8993342810e+00;
1.0215999983e+01;-7.3218932312e+00;
1.0219999983e+01;-7.3775652403e+00;
1.0223999984e+01;-5.4818322563e+00;
1.0227999984e+01;-2.7541037141e+00;
1.0231999984e+01;-5.5148626864e-01;
1.0235999984e+01;6.2059868826e-01;
1.0239999983e+01;6.4454623917e-01;
1.0243999983e+01;-5.7837062702e-01;
1.0247999983e+01;-2.5685105231e+00;
1.0251999983e+01;-4.6161239920e+00;
1.0255999983e+01;-6.9125773420e+00;
1.0259999983e+01;-9.9361408146e+00;
1.0263999983e+01;-1.2716376913e+01;
1.0267999983e+01;-1.3411982845e+01;
1.0271999983e+01;-1.1834446071e+01;
1.0275999983e+01;-9.7496732904e+00;
1.0279999983e+01;-8.4830770739e+00;
1.0283999983e+01;-7.7876380647e+00;
1.0287999983e+01;-7.2781201317e+00;
1.0291999983e+01;-7.4082192746e+00;
1.0295999983e+01;-8.5486624786e+00;
1.0299999983e+01;-1.0331892658e+01;
1.0303999983e+01;-1.2327376873e+01;
1.0307999983e+01;-1.4564379820e+01;
1.0311999983e+01;-1.6975546632e+01;
1.0315999983e+01;-1.8752138416e+01;
1.0319999983e+01;-1.9037616723e+01;
1.0323999983e+01;-1.8216105546e+01;
1.0327999983e+01;-1.7550417605e+01;
1.0331999983e+01;-1.7375353268e+01;
1.0335999983e+01;-1.6743908725e+01;
1.0339999983e+01;-1.5283726069e+01;
1.0343999983e+01;-1.4044238796e+01;
1.0347999983e+01;-1.3823065032e+01;
1.0351999983e+01;-1.4071049702e+01;
1.0355999983e+01;-1.4185490013e+01;
1.0359999983e+01;-1.4576313979e+01;
1.0363999983e+01;-1.5613223670e+01;
1.0367999983e+01;-1.6562090232e+01;
1.0371999983e+01;-1.6443500660e+01;
1.0375999983e+01;-1.5172260337e+01;
1.0379999983e+01;-1.3194406349e+01;
1.0383999983e+01;-1.0797742316e+01;
1.0387999983e+01;-8.4382381921e+00;
1.0391999983e+01;-7.0897817919e+00;
1.0395999983e+01;-7.4127608903e+00;
1.0399999983e+01;-8.9187189462e+00;
1.0403999983e+01;-1.0755439187e+01;
1.0407999983e+01;-1.2712356104e+01;
1.0411999983e+01;-1.4623543067e+01;
1.0415999983e+01;-1.5735349567e+01;
1.0419999983e+01;-1.5648049985e+01;
1.0423999983e+01;-1.5125585693e+01;
1.0427999983e+01;-1.5056333692e+01;
1.0431999983e+01;-1.5077938635e+01;
1.0435999983e+01;-1.4150987892e+01;
1.0439999983e+01;-1.2324684840e+01;
1.0443999983e+01;-1.0862088906e+01;
1.0447999983e+01;-1.0442420698e+01;
1.0451999983e+01;-1.0620427327e+01;
1.0455999983e+01;-1.1379974453e+01;
1.0459999983e+01;-1.3402415612e+01;
1.0463999983e+01;-1.6292934615e+01;
1.0467999983e+01;-1.8131512570e+01;
1.0471999983e+01;-1.7582078076e+01;
1.0475999983e+01;-1.5530358402e+01;
1.0479999983e+01;-1.3490516706e+01;
1.0483999983e+01;-1.1128964438e+01;
1.0487999983e+01;-7.0317601301e+00;
1.0491999983e+01;-1.2509766819e+00;
1.0495999983e+01;4.6365248254e+00;
1.0499999983e+01;9.1252223654e+00;
1.0503999983e+01;1.1070656095e+01;
1.0507999983e+01;9.8149115713e+00;
1.0511999983e+01;6.3844816852e+00;
1.0515999983e+01;3.4224232591e+00;
1.0519999983e+01;2.8733831581e+00;
1.0523999983e+01;4.3555802032e+00;
1.0527999983e+01;6.2612572808e+00;
1.0531999983e+01;7.7410227531e+00;
1.0535999983e+01;9.0206168902e+00;
1.0539999983e+01;1.0212904958e+01;
1.0543999983e+01;1.0785928493e+01;
1.0547999983e+01;1.0327680451e+01;
1.0551999983e+01;8.8673418981e+00;
1.0555999983e+01;6.2941893099e+00;
1.0559999983e+01;2.6265674687e+00;
1.0563999983e+01;-9.6803970030e-01;
1.0567999983e+01;-2.5861736448e+00;
1.0571999983e+01;-1.4498115352e+00;
1.0575999983e+01;1.1601030827e+00;
1.0579999983e+01;3.2563575290e+00;
1.0583999983e+01;4.1693923802e+00;
1.0587999983e+01;4.4862396563e+00;
1.0591999983e+01;4.3836234321e+00;
1.0595999983e+01;3.4163334176e+00;
1.0599999983e+01;1.8625747289e+00;
1.0603999983e+01;9.0931321331e-01;
1.0607999983e+01;1.1879630687e+00;
1.0611999983e+01;2.0532185889e+00;
1.0615999983e+01;2.5862925004e+00;
1.0619999983e+01;2.3986903038e+00;
1.0623999983e+01;1.5084628738e+00;
1.0627999983e+01;4.1212012083e-01;
1.0631999983e+01;-5.7843531249e-02;
1.0635999983e+01;3.2351343986e-01;
1.0639999983e+01;8.1522938330e-01;
1.0643999983e+01;7.2958744690e-01;
1.0647999983e+01;3.4340294660e-01;
1.0651999983e+01;3.3358455799e-01;
1.0655999983e+01;5.6300622947e-01;
1.0659999983e+01;2.0240259776e-01;
1.0663999983e+01;-7.5932623167e-01;
1.0667999983e+01;-1.1840672537e+00;
1.0671999983e+01;-4.0399590158e-01;
1.0675999983e+01;8.8219711371e-01;
1.0679999983e+01;1.6847448992e+00;
1.0683999983e+01;1.7858482760e+00;
1.0687999983e+01;1.4429514545e+00;
1.0691999983e+01;8.1840857887e-01;
1.0695999983e+01;2.0785253961e-01;
1.0699999983e+01;3.5508131888e-01;
1.0703999983e+01;1.8399219217e+00;
1.0707999983e+01;4.1389693411e+00;
1.0711999983e+01;6.0092506246e+00;
1.0715999983e+01;6.9148804252e+00;
1.0719999983e+01;7.0994417167e+00;
1.0723999983e+01;6.4254094628e+00;
1.0727999983e+01;4.4989285397e+00;
1.0731999983e+01;1.8244140404e+00;
1.0735999983e+01;-2.2643295745e-01;
1.0739999983e+01;-7.9345358792e-01;
1.0743999983e+01;-4.2015070701e-01;
1.0747999983e+01;-1.8367062882e-01;
1.0751999983e+01;-2.4590766686e-01;
1.0755999983e+01;4.3197343824e-02;
1.0759999983e+01;8.4019299480e-01;
1.0763999983e+01;1.6115731923e+00;
1.0767999982e+01;2.1470676833e+00;
1.0771999982e+01;2.6923851748e+00;
1.0775999983e+01;3.1263874250e+00;
1.0779999983e+01;3.0053906017e+00;
1.0783999983e+01;2.3300603582e+00;
1.0787999982e+01;1.4120970124e+00;
1.0791999982e+01;2.6025710651e-01;
1.0795999983e+01;-1.1134402980e+00;
1.0799999983e+01;-2.0314037644e+00;
1.0803999983e+01;-1.7399909396e+00;
1.0807999982e+01;-1.0698156252e+00;
1.0811999982e+01;-2.5655226670e+00;
1.0815999982e+01;-7.9664664317e+00;
1.0819999983e+01;-1.6198283652e+01;
1.0823999983e+01;-2.4237771393e+01;
1.0827999983e+01;-2.8842621766e+01;
1.0831999982e+01;-2.7814007314e+01;
1.0835999982e+01;-2.1475852695e+01;
1.0839999983e+01;-1.3154096432e+01;
1.0843999983e+01;-7.1586312091e+00;
1.0847999983e+01;-5.7536936705e+00;
1.0851999982e+01;-8.2044716957e+00;
1.0855999982e+01;-1.2536669251e+01;
1.0859999982e+01;-1.7049796836e+01;
1.0863999983e+01;-1.9974313586e+01;
1.0867999983e+01;-1.9678504215e+01;
1.0871999983e+01;-1.6528248101e+01;
1.0875999982e+01;-1.3168412688e+01;
1.0879999982e+01;-1.1701081853e+01;
1.0883999982e+01;-1.1607692480e+01;
1.0887999982e+01;-1.1320132809e+01;
1.0891999982e+01;-1.0570098679e+01;
1.0895999982e+01;-1.0036521832e+01;
1.0899999982e+01;-9.8729584024e+00;
1.0903999982e+01;-9.8789070577e+00;
1.0907999982e+01;-1.0342007906e+01;
1.0911999982e+01;-1.1662724316e+01;
1.0915999982e+01;-1.3266281532e+01;
1.0919999982e+01;-1.3866939209e+01;
1.0923999982e+01;-1.3156137171e+01;
1.0927999982e+01;-1.2041496460e+01;
1.0931999982e+01;-1.1108036470e+01;
1.0935999982e+01;-1.0263015541e+01;
1.0939999982e+01;-9.6971289709e+00;
1.0943999982e+01;-9.8990055595e+00;
1.0947999982e+01;-1.0733902133e+01;
1.0951999982e+01;-1.1353964463e+01;
1.0955999982e+01;-1.1369900142e+01;
1.0959999982e+01;-1.1522626922e+01;
1.0963999982e+01;-1.2589250574e+01;
1.0967999982e+01;-1.4196720033e+01;
1.0971999982e+01;-1.5484362301e+01;
1.0975999982e+01;-1.6186971558e+01;
1.0979999982e+01;-1.6002836808e+01;
1.0983999982e+01;-1.4186335651e+01;
1.0987999982e+01;-1.1315904253e+01;
1.0991999982e+01;-9.6582933005e+00;
1.0995999982e+01;-1.0275027502e+01;
1.0999999982e+01;-1.1837686855e+01;
1.1003999982e+01;-1.3039913957e+01;
1.1007999982e+01;-1.3988414020e+01;
1.1011999982e+01;-1.4928702763e+01;
1.1015999982e+01;-1.5324985244e+01;
1.1019999982e+01;-1.4664597287e+01;
1.1023999982e+01;-1.3386706921e+01;
1.1027999982e+01;-1.2347145471e+01;
1.1031999982e+01;-1.1667566485e+01;
1.1035999982e+01;-1.0933505753e+01;
1.1039999982e+01;-1.0222449025e+01;
1.1043999982e+01;-1.0041267072e+01;
1.1047999982e+01;-1.0367159276e+01;
1.1051999982e+01;-1.0441857689e+01;
1.1055999982e+01;-9.8755600632e+00;
1.1059999982e+01;-9.3708759150e+00;
1.1063999982e+01;-9.5625912135e+00;
1.1067999982e+01;-9.9529785567e+00;
1.1071999982e+01;-1.0117862304e+01;
1.1075999982e+01;-1.0990874332e+01;
1.1079999982e+01;-1.3334439657e+01;
1.1083999982e+01;-1.5650483804e+01;
1.1087999982e+01;-1.5505167502e+01;
1.1091999982e+01;-1.2649189117e+01;
1.1095999982e+01;-9.3924316932e+00;
1.1099999982e+01;-8.1687738134e+00;
1.1103999982e+01;-9.6701683148e+00;
1.1107999982e+01;-1.2928590731e+01;
1.1111999982e+01;-1.6208971233e+01;
1.1115999982e+01;-1.7904126401e+01;
1.1119999982e+01;-1.7434170585e+01;
1.1123999982e+01;-1.5665920871e+01;
1.1127999982e+01;-1.4343649986e+01;
1.1131999982e+01;-1.4727512637e+01;
1.1135999982e+01;-1.6307999785e+01;
1.1139999982e+01;-1.6904452927e+01;
1.1143999982e+01;-1.4173191512e+01;
1.1147999982e+01;-6.9794807180e+00;
1.1151999982e+01;4.0656478498e+00;
1.1155999982e+01;1.6644624681e+01;
1.1159999982e+01;2.7712180004e+01;
1.1163999982e+01;3.5348974922e+01;
1.1167999982e+01;3.9774517581e+01;
1.1171999982e+01;4.2186255314e+01;
1.1175999982e+01;4.3131699721e+01;
1.1179999982e+01;4.2909748208e+01;
1.1183999982e+01;4.2626315660e+01;
1.1187999982e+01;4.3327976643e+01;
1.1191999982e+01;4.4622692089e+01;
1.1195999982e+01;4.5207071661e+01;
1.1199999982e+01;4.4465433481e+01;
1.1203999982e+01;4.2816872718e+01;
1.1207999982e+01;4.0737098123e+01;
1.1211999982e+01;3.8500283446e+01;
1.1215999982e+01;3.6757828529e+01;
1.1219999982e+01;3.6249201496e+01;
1.1223999982e+01;3.6764536834e+01;
1.1227999982e+01;3.7116427142e+01;
1.1231999982e+01;3.6785219273e+01;
1.1235999982e+01;3.6876048576e+01;
1.1239999982e+01;3.8309857642e+01;
1.1243999982e+01;4.0114026500e+01;
1.1247999982e+01;4.0814637711e+01;
1.1251999982e+01;4.0328990517e+01;
1.1255999982e+01;3.9338167027e+01;
1.1259999982e+01;3.8023806225e+01;
1.1263999982e+01;3.6402161331e+01;
1.1267999982e+01;3.4882315295e+01;
1.1271999982e+01;3.3663229881e+01;
1.1275999982e+01;3.2276534560e+01;
1.1279999982e+01;3.0617507020e+01;
1.1283999982e+01;2.9822010144e+01;
1.1287999982e+01;3.0903970530e+01;
1.1291999982e+01;3.2981788050e+01;
1.1295999982e+01;3.4098968311e+01;
1.1299999982e+01;3.3572834184e+01;
1.1303999982e+01;3.2521873991e+01;
1.1307999982e+01;3.2252206161e+01;
1.1311999982e+01;3.3058212673e+01;
1.1315999982e+01;3.4491898277e+01;
1.1319999982e+01;3.5842504943e+01;
1.1323999982e+01;3.6128795083e+01;
1.1327999982e+01;3.4665405227e+01;
1.1331999982e+01;3.2173160451e+01;
1.1335999982e+01;3.0248246270e+01;
1.1339999982e+01;2.9473477269e+01;
1.1343999982e+01;2.9052773125e+01;
1.1347999982e+01;2.8302092901e+01;
1.1351999982e+01;2.7713094137e+01;
1.1355999982e+01;2.8037994470e+01;
1.1359999982e+01;2.8823103429e+01;
1.1363999982e+01;2.9033099593e+01;
1.1367999982e+01;2.8830960735e+01;
1.1371999982e+01;2.9252643099e+01;
1.1375999982e+01;3.0340834514e+01;
1.1379999982e+01;3.1181759330e+01;
1.1383999982e+01;3.1456848370e+01;
1.1387999982e+01;3.1395379869e+01;
1.1391999982e+01;3.0632091466e+01;
1.1395999982e+01;2.8554443123e+01;
1.1399999982e+01;2.5641237930e+01;
1.1403999981e+01;2.3410538433e+01;
1.1407999981e+01;2.2882356387e+01;
1.1411999981e+01;2.3737980407e+01;
1.1415999982e+01;2.5072047435e+01;
1.1419999982e+01;2.6120002613e+01;
1.1423999981e+01;2.6019405563e+01;
1.1427999981e+01;2.4167356242e+01;
1.1431999981e+01;2.1461452564e+01;
1.1435999982e+01;1.9892267521e+01;
1.1439999982e+01;2.0340188887e+01;
1.1443999982e+01;2.1822077977e+01;
1.1447999981e+01;2.3172198954e+01;
1.1451999981e+01;2.4395701171e+01;
1.1455999981e+01;2.5804460627e+01;
1.1459999982e+01;2.6775050052e+01;
1.1463999982e+01;2.6427451376e+01;
1.1467999981e+01;2.5126479415e+01;
1.1471999981e+01;2.4214436547e+01;
1.1475999981e+01;2.4268916722e+01;
1.1479999982e+01;2.4630915882e+01;
1.1483999982e+01;2.4612649343e+01;
1.1487999982e+01;2.3999217931e+01;
1.1491999981e+01;2.2554460136e+01;
1.1495999981e+01;2.0460029077e+01;
1.1499999981e+01;1.9034738677e+01;
1.1503999982e+01;1.9636331996e+01;
1.1507999982e+01;2.1889184998e+01;
1.1511999981e+01;2.3900577063e+01;
1.1515999981e+01;2.4295944438e+01;
1.1519999981e+01;2.3402305277e+01;
1.1523999981e+01;2.2080710641e+01;
1.1527999981e+01;2.0315741473e+01;
1.1531999981e+01;1.8016563575e+01;
1.1535999981e+01;1.6076738102e+01;
1.1539999981e+01;1.5337435493e+01;
1.1543999981e+01;1.5578548239e+01;
1.1547999981e+01;1.6217740709e+01;
1.1551999981e+01;1.7102320716e+01;
1.1555999981e+01;1.8383434362e+01;
1.1559999981e+01;1.9919027941e+01;
1.1563999981e+01;2.1075105106e+01;
1.1567999981e+01;2.1571489284e+01;
1.1571999981e+01;2.2372305556e+01;
1.1575999981e+01;2.5333734747e+01;
1.1579999981e+01;3.1886397774e+01;
1.1583999981e+01;4.1806876485e+01;
1.1587999981e+01;5.2950806259e+01;
1.1591999981e+01;6.2170510877e+01;
1.1595999981e+01;6.7033223658e+01;
1.1599999981e+01;6.7073024481e+01;
1.1603999981e+01;6.3369115043e+01;
1.1607999981e+01;5.7436295213e+01;
1.1611999981e+01;5.0890520425e+01;
1.1615999981e+01;4.5406162916e+01;
1.1619999981e+01;4.2125856836e+01;
1.1623999981e+01;4.0835814781e+01;
1.1627999981e+01;3.9642868633e+01;
1.1631999981e+01;3.5997372646e+01;
1.1635999981e+01;2.8975892804e+01;
1.1639999981e+01;2.0323863242e+01;
1.1643999981e+01;1.2796136736e+01;
1.1647999981e+01;8.2797444032e+00;
1.1651999981e+01;7.4567719041e+00;
1.1655999981e+01;9.7417428447e+00;
1.1659999981e+01;1.3247925733e+01;
1.1663999981e+01;1.5863309832e+01;
1.1667999981e+01;1.6846751608e+01;
1.1671999981e+01;1.7021211552e+01;
1.1675999981e+01;1.7092090730e+01;
1.1679999981e+01;1.6638639770e+01;
1.1683999981e+01;1.5357449373e+01;
1.1687999981e+01;1.3820090877e+01;
1.1691999981e+01;1.2423655036e+01;
1.1695999981e+01;1.1143149442e+01;
1.1699999981e+01;1.0424830332e+01;
1.1703999981e+01;1.0732430788e+01;
1.1707999981e+01;1.1263358134e+01;
1.1711999981e+01;1.0658838903e+01;
1.1715999981e+01;8.9297976242e+00;
1.1719999981e+01;7.3919482173e+00;
1.1723999981e+01;6.7749029808e+00;
1.1727999981e+01;6.5644086616e+00;
1.1731999981e+01;6.4541990897e+00;
1.1735999981e+01;7.1520849618e+00;
1.1739999981e+01;8.7983088004e+00;
1.1743999981e+01;9.7853414905e+00;
1.1747999981e+01;8.5218016559e+00;
1.1751999981e+01;5.5869319080e+00;
1.1755999981e+01;3.0613186094e+00;
1.1759999981e+01;2.1998609919e+00;
1.1763999981e+01;2.5960881419e+00;
1.1767999981e+01;3.5074953309e+00;
1.1771999981e+01;4.8164933752e+00;
1.1775999981e+01;6.1926405658e+00;
1.1779999981e+01;6.7287048656e+00;
1.1783999981e+01;6.2199407390e+00;
1.1787999981e+01;5.5484157833e+00;
1.1791999981e+01;5.3537368770e+00;
1.1795999981e+01;5.4561298522e+00;
1.1799999981e+01;5.5657658272e+00;
1.1803999981e+01;5.5458003583e+00;
1.1807999981e+01;5.0095432843e+00;
1.1811999981e+01;3.5732922733e+00;
1.1815999981e+01;1.8775275308e+00;
1.1819999981e+01;1.4118733103e+00;
1.1823999981e+01;2.6686785400e+00;
1.1827999981e+01;4.3692230114e+00;
1.1831999981e+01;4.9490185382e+00;
1.1835999981e+01;3.9789732224e+00;
1.1839999981e+01;1.9467042517e+00;
1.1843999981e+01;-4.2339901696e-01;
1.1847999981e+01;-2.0243244080e+00;
1.1851999981e+01;-1.3569216493e+00;
1.1855999981e+01;2.1002258114e+00;
1.1859999981e+01;6.6057126308e+00;
1.1863999981e+01;9.2491090957e+00;
1.1867999981e+01;8.5962691186e+00;
1.1871999981e+01;5.7356825317e+00;
1.1875999981e+01;2.7766502262e+00;
1.1879999981e+01;1.0050294809e+00;
1.1883999981e+01;5.3524936317e-01;
1.1887999981e+01;9.2272097617e-01;
1.1891999981e+01;1.5854800204e+00;
1.1895999981e+01;2.2016792600e+00;
1.1899999981e+01;3.0573012452e+00;
1.1903999981e+01;4.1356342896e+00;
1.1907999981e+01;3.8518434814e+00;
1.1911999981e+01;2.1080204332e-01;
1.1915999981e+01;-6.2840925055e+00;
1.1919999981e+01;-1.1982832392e+01;
1.1923999981e+01;-1.3289141058e+01;
1.1927999981e+01;-1.0136246173e+01;
1.1931999981e+01;-5.4654489825e+00;
1.1935999981e+01;-2.1655157860e+00;
1.1939999981e+01;-1.7487258748e+00;
1.1943999981e+01;-4.5544928829e+00;
1.1947999981e+01;-9.4450561590e+00;
1.1951999981e+01;-1.4085598303e+01;
1.1955999981e+01;-1.6616647071e+01;
1.1959999981e+01;-1.6833350124e+01;
1.1963999981e+01;-1.5622447891e+01;
1.1967999981e+01;-1.3890491313e+01;
1.1971999981e+01;-1.2473776643e+01;
1.1975999981e+01;-1.2335799761e+01;
1.1979999981e+01;-1.3951516797e+01;
1.1983999981e+01;-1.6678833476e+01;
1.1987999981e+01;-1.9094640534e+01;
1.1991999981e+01;-2.0081635118e+01;
1.1995999981e+01;-1.9731058434e+01;
1.1999999981e+01;-1.8976512882e+01;
1.2003999981e+01;-1.8393602453e+01;
1.2007999981e+01;-1.7890685721e+01;
1.2011999981e+01;-1.7334563629e+01;
1.2015999981e+01;-1.6695146628e+01;
1.2019999981e+01;-1.5747813533e+01;
1.2023999981e+01;-1.4464035211e+01;
1.2027999981e+01;-1.3634867478e+01;
1.2031999981e+01;-1.4277306099e+01;
1.2035999981e+01;-1.6343549522e+01;
1.2039999980e+01;-1.8726008953e+01;
1.2043999980e+01;-2.0607922058e+01;
1.2047999980e+01;-2.1924634364e+01;
1.2051999980e+01;-2.2443651364e+01;
1.2055999981e+01;-2.1784044470e+01;
1.2059999980e+01;-2.0562166255e+01;
1.2063999980e+01;-2.0123555782e+01;
1.2067999980e+01;-2.0899425360e+01;
1.2071999980e+01;-2.1970481182e+01;
1.2075999981e+01;-2.2414303797e+01;
1.2079999981e+01;-2.2163945179e+01;
1.2083999980e+01;-2.1267318525e+01;
1.2087999980e+01;-1.9640686965e+01;
1.2091999980e+01;-1.8053450418e+01;
1.2095999980e+01;-1.7934802665e+01;
1.2099999981e+01;-1.9569762779e+01;
1.2103999980e+01;-2.1509669370e+01;
1.2107999980e+01;-2.2382881454e+01;
1.2111999980e+01;-2.2288412037e+01;
1.2115999980e+01;-2.1683976155e+01;
1.2119999981e+01;-2.0457178241e+01;
1.2123999981e+01;-1.9008938080e+01;
1.2127999980e+01;-1.8462058390e+01;
1.2131999980e+01;-1.9113155661e+01;
1.2135999980e+01;-2.0059968271e+01;
1.2139999980e+01;-2.0613306722e+01;
1.2143999981e+01;-2.1482321346e+01;
1.2147999980e+01;-2.4191818678e+01;
1.2151999980e+01;-2.8566824992e+01;
1.2155999980e+01;-3.1220762237e+01;
1.2159999980e+01;-2.8196942926e+01;
1.2163999980e+01;-1.9069576306e+01;
1.2167999980e+01;-7.5996143287e+00;
1.2171999980e+01;1.0972825070e+00;
1.2175999980e+01;3.9054790586e+00;
1.2179999980e+01;1.4658043711e+00;
1.2183999980e+01;-2.8267193716e+00;
1.2187999980e+01;-5.8984095887e+00;
1.2191999980e+01;-7.2030847678e+00;
1.2195999980e+01;-8.0463980092e+00;
1.2199999980e+01;-9.4361389102e+00;
1.2203999980e+01;-1.1173294330e+01;
1.2207999980e+01;-1.2791705755e+01;
1.2211999980e+01;-1.4557650544e+01;
1.2215999980e+01;-1.6860658445e+01;
1.2219999980e+01;-1.8945789223e+01;
1.2223999980e+01;-1.9544813762e+01;
1.2227999980e+01;-1.8745596523e+01;
1.2231999980e+01;-1.7658699244e+01;
1.2235999980e+01;-1.6483377727e+01;
1.2239999980e+01;-1.4566137363e+01;
1.2243999980e+01;-1.2005249527e+01;
1.2247999980e+01;-9.8270650017e+00;
1.2251999980e+01;-8.7250487818e+00;
1.2255999980e+01;-8.3903423762e+00;
1.2259999980e+01;-8.1320062508e+00;
1.2263999980e+01;-7.6772185504e+00;
1.2267999980e+01;-7.1095835841e+00;
1.2271999980e+01;-6.5873113056e+00;
1.2275999980e+01;-6.4927418060e+00;
1.2279999980e+01;-7.1989338589e+00;
1.2283999980e+01;-8.3045446561e+00;
1.2287999980e+01;-8.8068642886e+00;
1.2291999980e+01;-8.4586861371e+00;
1.2295999980e+01;-8.0667163930e+00;
1.2299999980e+01;-8.0786469569e+00;
1.2303999980e+01;-8.0632593199e+00;
1.2307999980e+01;-7.9009463685e+00;
1.2311999980e+01;-8.1892359722e+00;
1.2315999980e+01;-8.9463887322e+00;
1.2319999980e+01;-9.0094124442e+00;
1.2323999980e+01;-7.6136328918e+00;
1.2327999980e+01;-5.8140674881e+00;
1.2331999980e+01;-5.2310639587e+00;
1.2335999980e+01;-5.8515523109e+00;
1.2339999980e+01;-6.1535515827e+00;
1.2343999980e+01;-5.2077478170e+00;
1.2347999980e+01;-3.5520266257e+00;
1.2351999980e+01;-1.7660622369e+00;
1.2355999980e+01;4.1098135337e-01;
1.2359999980e+01;2.6238538823e+00;
1.2363999980e+01;2.8503622958e+00;
1.2367999980e+01;-9.9489588663e-01;
1.2371999980e+01;-8.8892360115e+00;
1.2375999980e+01;-1.8503220522e+01;
1.2379999980e+01;-2.6577644138e+01;
1.2383999980e+01;-3.0363383085e+01;
1.2387999980e+01;-2.8871827614e+01;
1.2391999980e+01;-2.3883489512e+01;
1.2395999980e+01;-1.9167637075e+01;
1.2399999980e+01;-1.7466208008e+01;
1.2403999980e+01;-1.8549217507e+01;
1.2407999980e+01;-2.0697272046e+01;
1.2411999980e+01;-2.2837488255e+01;
1.2415999980e+01;-2.4469865872e+01;
1.2419999980e+01;-2.4872226018e+01;
1.2423999980e+01;-2.3764590111e+01;
1.2427999980e+01;-2.2252454982e+01;
1.2431999980e+01;-2.1872422217e+01;
1.2435999980e+01;-2.2862456664e+01;
1.2439999980e+01;-2.4347121472e+01;
1.2443999980e+01;-2.5935283481e+01;
1.2447999980e+01;-2.7858076172e+01;
1.2451999980e+01;-2.9540233938e+01;
1.2455999980e+01;-2.9647215537e+01;
1.2459999980e+01;-2.8021580218e+01;
1.2463999980e+01;-2.6257492810e+01;
1.2467999980e+01;-2.5902447161e+01;
1.2471999980e+01;-2.6910117911e+01;
1.2475999980e+01;-2.8035088883e+01;
1.2479999980e+01;-2.8485426133e+01;
1.2483999980e+01;-2.9331292370e+01;
1.2487999980e+01;-3.3051298569e+01;
1.2491999980e+01;-4.1609114355e+01;
1.2495999980e+01;-5.5032639517e+01;
1.2499999980e+01;-7.0831739041e+01;
1.2503999980e+01;-8.4534671673e+01;
1.2507999980e+01;-9.2186929463e+01;
1.2511999980e+01;-9.3049284762e+01;
1.2515999980e+01;-8.9675218697e+01;
1.2519999980e+01;-8.5498700466e+01;
1.2523999980e+01;-8.2719779004e+01;
1.2527999980e+01;-8.2043640192e+01;
1.2531999980e+01;-8.2917877894e+01;
1.2535999980e+01;-8.3747125899e+01;
1.2539999980e+01;-8.3219479425e+01;
1.2543999980e+01;-8.1613315677e+01;
1.2547999980e+01;-8.0171451184e+01;
1.2551999980e+01;-7.9574861811e+01;
1.2555999980e+01;-7.9615530857e+01;
1.2559999980e+01;-7.9964369961e+01;
1.2563999980e+01;-8.0485485571e+01;
1.2567999980e+01;-8.0987968759e+01;
1.2571999980e+01;-8.1378929588e+01;
1.2575999980e+01;-8.2094853483e+01;
1.2579999980e+01;-8.3789944664e+01;
1.2583999980e+01;-8.6066924949e+01;
1.2587999980e+01;-8.7094077833e+01;
1.2591999980e+01;-8.5417969024e+01;
1.2595999980e+01;-8.1771378472e+01;
1.2599999980e+01;-7.8328897379e+01;
1.2603999980e+01;-7.6455527520e+01;
1.2607999980e+01;-7.5998352201e+01;
1.2611999980e+01;-7.6447619869e+01;
1.2615999980e+01;-7.7366539981e+01;
1.2619999980e+01;-7.7799847344e+01;
1.2623999980e+01;-7.6696194285e+01;
1.2627999980e+01;-7.4130692333e+01;
1.2631999980e+01;-7.1615381040e+01;
1.2635999980e+01;-7.0962351105e+01;
1.2639999980e+01;-7.2779586630e+01;
1.2643999980e+01;-7.6242031424e+01;
1.2647999980e+01;-7.9852048363e+01;
1.2651999980e+01;-8.2053411002e+01;
1.2655999980e+01;-8.2016995807e+01;
1.2659999980e+01;-8.0430755810e+01;
1.2663999980e+01;-7.8935855020e+01;
1.2667999980e+01;-7.8420644593e+01;
1.2671999980e+01;-7.8519644548e+01;
1.2675999979e+01;-7.8949900936e+01;
1.2679999979e+01;-7.9999927214e+01;
1.2683999979e+01;-8.1188919374e+01;
1.2687999979e+01;-8.0971019680e+01;
1.2691999979e+01;-7.8601076956e+01;
1.2695999980e+01;-7.5178687861e+01;
1.2699999979e+01;-7.2210260138e+01;
1.2703999979e+01;-7.0072936781e+01;
1.2707999979e+01;-6.8478602829e+01;
1.2711999979e+01;-6.7733068279e+01;
1.2715999980e+01;-6.8485838990e+01;
1.2719999979e+01;-7.0239137772e+01;
1.2723999979e+01;-7.1408532782e+01;
1.2727999979e+01;-7.1211270007e+01;
1.2731999979e+01;-7.0312774793e+01;
1.2735999979e+01;-6.9525844502e+01;
1.2739999980e+01;-6.8982636559e+01;
1.2743999979e+01;-6.8536511149e+01;
1.2747999979e+01;-6.7982932794e+01;
1.2751999979e+01;-6.6819339666e+01;
1.2755999979e+01;-6.4597942141e+01;
1.2759999980e+01;-6.1702510075e+01;
1.2763999979e+01;-5.9077459686e+01;
1.2767999979e+01;-5.7049317852e+01;
1.2771999979e+01;-5.5301138125e+01;
1.2775999979e+01;-5.4277627715e+01;
1.2779999979e+01;-5.5361046252e+01;
1.2783999979e+01;-5.8776150702e+01;
1.2787999979e+01;-6.2518273336e+01;
1.2791999979e+01;-6.4455442994e+01;
1.2795999979e+01;-6.4498035281e+01;
1.2799999979e+01;-6.3806043859e+01;
1.2803999979e+01;-6.2873737980e+01;
1.2807999979e+01;-6.1570559058e+01;
1.2811999979e+01;-6.0327008734e+01;
1.2815999979e+01;-5.9844649285e+01;
1.2819999979e+01;-5.9972998948e+01;
1.2823999979e+01;-5.9956051102e+01;
1.2827999979e+01;-5.9561963633e+01;
1.2831999979e+01;-5.9385636582e+01;
1.2835999979e+01;-5.9957331711e+01;
1.2839999979e+01;-6.0619345730e+01;
1.2843999979e+01;-5.9931814009e+01;
1.2847999979e+01;-5.7652145730e+01;
1.2851999979e+01;-5.5747086909e+01;
1.2855999979e+01;-5.6999885215e+01;
1.2859999979e+01;-6.2492307184e+01;
1.2863999979e+01;-7.0312090797e+01;
1.2867999979e+01;-7.6782425560e+01;
1.2871999979e+01;-7.9147834240e+01;
1.2875999979e+01;-7.7549278344e+01;
1.2879999979e+01;-7.4603711314e+01;
1.2883999979e+01;-7.2844194531e+01;
1.2887999979e+01;-7.2856423108e+01;
1.2891999979e+01;-7.3952875427e+01;
1.2895999979e+01;-7.5599668798e+01;
1.2899999979e+01;-7.7402917972e+01;
1.2903999979e+01;-7.8448869206e+01;
1.2907999979e+01;-7.7923776276e+01;
1.2911999979e+01;-7.6188036086e+01;
1.2915999979e+01;-7.4248729945e+01;
1.2919999979e+01;-7.2419247857e+01;
1.2923999979e+01;-7.0291522767e+01;
1.2927999979e+01;-6.8036054608e+01;
1.2931999979e+01;-6.6882732869e+01;
1.2935999979e+01;-6.7679387865e+01;
1.2939999979e+01;-6.9661769439e+01;
1.2943999979e+01;-7.1239430846e+01;
1.2947999979e+01;-7.1390725940e+01;
1.2951999979e+01;-6.9935589143e+01;
1.2955999979e+01;-6.7151320550e+01;
1.2959999979e+01;-6.3910719975e+01;
1.2963999979e+01;-6.1877303313e+01;
1.2967999979e+01;-6.2449896697e+01;
1.2971999979e+01;-6.5273962826e+01;
1.2975999979e+01;-6.8608404263e+01;
1.2979999979e+01;-7.1137514242e+01;
1.2983999979e+01;-7.2469764213e+01;
1.2987999979e+01;-7.2162076218e+01;
1.2991999979e+01;-6.9703344590e+01;
1.2995999979e+01;-6.5662421100e+01;
1.2999999979e+01;-6.1721299397e+01;
1.3003999979e+01;-5.9014423021e+01;
1.3007999979e+01;-5.6955988332e+01;
1.3011999979e+01;-5.4298028982e+01;
1.3015999979e+01;-5.0906474111e+01;
1.3019999979e+01;-4.7762545852e+01;
1.3023999979e+01;-4.5996695883e+01;
1.3027999979e+01;-4.6631546012e+01;
1.3031999979e+01;-4.9827529119e+01;
1.3035999979e+01;-5.3663048660e+01;
1.3039999979e+01;-5.5124305203e+01;
1.3043999979e+01;-5.2888658328e+01;
1.3047999979e+01;-4.8454333650e+01;
1.3051999979e+01;-4.4449751823e+01;
1.3055999979e+01;-4.2417448086e+01;
1.3059999979e+01;-4.2536516947e+01;
1.3063999979e+01;-4.4547069763e+01;
1.3067999979e+01;-4.7600846487e+01;
1.3071999979e+01;-4.9938537460e+01;
1.3075999979e+01;-5.0256629664e+01;
1.3079999979e+01;-4.8840924382e+01;
1.3083999979e+01;-4.6757565604e+01;
1.3087999979e+01;-4.4838151926e+01;
1.3091999979e+01;-4.3649537035e+01;
1.3095999979e+01;-4.3507075340e+01;
1.3099999979e+01;-4.3967152855e+01;
1.3103999979e+01;-4.3884904728e+01;
1.3107999979e+01;-4.2734850834e+01;
1.3111999979e+01;-4.1497745692e+01;
1.3115999979e+01;-4.1249036619e+01;
1.3119999979e+01;-4.1169648672e+01;
1.3123999979e+01;-3.9533219998e+01;
1.3127999979e+01;-3.6422733962e+01;
1.3131999979e+01;-3.3605529949e+01;
1.3135999979e+01;-3.2134651833e+01;
1.3139999979e+01;-3.1672177728e+01;
1.3143999979e+01;-3.1784094654e+01;
1.3147999979e+01;-3.2568599563e+01;
1.3151999979e+01;-3.3850359154e+01;
1.3155999979e+01;-3.4845573586e+01;
1.3159999979e+01;-3.5024994934e+01;
1.3163999979e+01;-3.4534869064e+01;
1.3167999979e+01;-3.3763184460e+01;
1.3171999979e+01;-3.3142056216e+01;
1.3175999979e+01;-3.3303049954e+01;
1.3179999979e+01;-3.4912213420e+01;
1.3183999979e+01;-3.7985912878e+01;
1.3187999979e+01;-4.1468740992e+01;
1.3191999979e+01;-4.3923547757e+01;
1.3195999979e+01;-4.4743847611e+01;
1.3199999979e+01;-4.4349057792e+01;
1.3203999978e+01;-4.3138991192e+01;
1.3207999979e+01;-4.1107167643e+01;
1.3211999979e+01;-3.8724797061e+01;
1.3215999979e+01;-3.6937418939e+01;
1.3219999979e+01;-3.6132265547e+01;
1.3223999979e+01;-3.6132616817e+01;
1.3227999979e+01;-3.6852703784e+01;
1.3231999979e+01;-3.8149468200e+01;
1.3235999979e+01;-3.9270408835e+01;
1.3239999979e+01;-3.9229476165e+01;
1.3243999979e+01;-3.8038189725e+01;
1.3247999978e+01;-3.6785802249e+01;
1.3251999979e+01;-3.6076532815e+01;
1.3255999979e+01;-3.5337920628e+01;
1.3259999979e+01;-3.4102826329e+01;
1.3263999979e+01;-3.3012895563e+01;
1.3267999979e+01;-3.2930560080e+01;
1.3271999979e+01;-3.3619406551e+01;
1.3275999979e+01;-3.4068014930e+01;
1.3279999979e+01;-3.3931491218e+01;
1.3283999979e+01;-3.3719405633e+01;
1.3287999979e+01;-3.3560339039e+01;
1.3291999978e+01;-3.2886385226e+01;
1.3295999979e+01;-3.1537598537e+01;
1.3299999979e+01;-3.0148702344e+01;
1.3303999979e+01;-2.9168585336e+01;
1.3307999979e+01;-2.8444540460e+01;
1.3311999978e+01;-2.8046530898e+01;
1.3315999978e+01;-2.8476662360e+01;
1.3319999978e+01;-2.9594104387e+01;
1.3323999978e+01;-3.0373649430e+01;
1.3327999978e+01;-3.0252732785e+01;
1.3331999978e+01;-2.9589564484e+01;
1.3335999978e+01;-2.8634788657e+01;
1.3339999978e+01;-2.7409203691e+01;
1.3343999978e+01;-2.6600964349e+01;
1.3347999978e+01;-2.7325008013e+01;
1.3351999978e+01;-2.9628152278e+01;
1.3355999978e+01;-3.1916944723e+01;
1.3359999978e+01;-3.2488513808e+01;
1.3363999978e+01;-3.1255363107e+01;
1.3367999978e+01;-2.9074892382e+01;
1.3371999978e+01;-2.5916227319e+01;
1.3375999978e+01;-2.1244439644e+01;
1.3379999978e+01;-1.5935400604e+01;
1.3383999978e+01;-1.2251948435e+01;
1.3387999978e+01;-1.1843019978e+01;
1.3391999978e+01;-1.4509403837e+01;
1.3395999978e+01;-1.8656323785e+01;
1.3399999978e+01;-2.2210224609e+01;
1.3403999978e+01;-2.3447973645e+01;
1.3407999978e+01;-2.2094530412e+01;
1.3411999978e+01;-1.9676993196e+01;
1.3415999978e+01;-1.8031647671e+01;
1.3419999978e+01;-1.7672190683e+01;
1.3423999978e+01;-1.8095175514e+01;
1.3427999978e+01;-1.8950604923e+01;
1.3431999978e+01;-2.0025473695e+01;
1.3435999978e+01;-2.0510316033e+01;
1.3439999978e+01;-1.9631858617e+01;
1.3443999978e+01;-1.8262804539e+01;
1.3447999978e+01;-1.8275774116e+01;
1.3451999978e+01;-1.9903830169e+01;
1.3455999978e+01;-2.1372543468e+01;
1.3459999978e+01;-2.1281967938e+01;
1.3463999978e+01;-2.0104333246e+01;
1.3467999978e+01;-1.9104379717e+01;
1.3471999978e+01;-1.8660666087e+01;
1.3475999978e+01;-1.8376542784e+01;
1.3479999978e+01;-1.8207443904e+01;
1.3483999978e+01;-1.8367160576e+01;
1.3487999978e+01;-1.8510510329e+01;
1.3491999978e+01;-1.8159477968e+01;
1.3495999978e+01;-1.7578436011e+01;
1.3499999978e+01;-1.7247001435e+01;
1.3503999978e+01;-1.6923894929e+01;
1.3507999978e+01;-1.6098319331e+01;
1.3511999978e+01;-1.4996473740e+01;
1.3515999978e+01;-1.4251642265e+01;
1.3519999978e+01;-1.3797234521e+01;
1.3523999978e+01;-1.3003242626e+01;
1.3527999978e+01;-1.1881414460e+01;
1.3531999978e+01;-1.1321297801e+01;
1.3535999978e+01;-1.1903498945e+01;
1.3539999978e+01;-1.3172746820e+01;
1.3543999978e+01;-1.4470403990e+01;
1.3547999978e+01;-1.5708829736e+01;
1.3551999978e+01;-1.6756659822e+01;
1.3555999978e+01;-1.7005559153e+01;
1.3559999978e+01;-1.6325917344e+01;
1.3563999978e+01;-1.5637673251e+01;
1.3567999978e+01;-1.5619904205e+01;
1.3571999978e+01;-1.5422344913e+01;
1.3575999978e+01;-1.3831006703e+01;
1.3579999978e+01;-1.1232962160e+01;
1.3583999978e+01;-9.0185496092e+00;
1.3587999978e+01;-7.5970893197e+00;
1.3591999978e+01;-6.4188140724e+00;
1.3595999978e+01;-5.4956953628e+00;
1.3599999978e+01;-5.5648299744e+00;
1.3603999978e+01;-6.5463153040e+00;
1.3607999978e+01;-7.1201125035e+00;
1.3611999978e+01;-6.8465818482e+00;
1.3615999978e+01;-7.3050332905e+00;
1.3619999978e+01;-9.7803314044e+00;
1.3623999978e+01;-1.3221861311e+01;
1.3627999978e+01;-1.5618489631e+01;
1.3631999978e+01;-1.6219818327e+01;
1.3635999978e+01;-1.5484869547e+01;
1.3639999978e+01;-1.3816555319e+01;
1.3643999978e+01;-1.1488938961e+01;
1.3647999978e+01;-9.2208080663e+00;
1.3651999978e+01;-7.6110785276e+00;
1.3655999978e+01;-6.5013293540e+00;
1.3659999978e+01;-5.8344594643e+00;
1.3663999978e+01;-6.2642299923e+00;
1.3667999978e+01;-8.0544987217e+00;
1.3671999978e+01;-1.0160179760e+01;
1.3675999978e+01;-1.1175917006e+01;
1.3679999978e+01;-1.0756553981e+01;
1.3683999978e+01;-9.4306573543e+00;
1.3687999978e+01;-7.3997014264e+00;
1.3691999978e+01;-4.4392998639e+00;
1.3695999978e+01;-1.1322972660e+00;
1.3699999978e+01;8.0203827401e-01;
1.3703999978e+01;1.4037286176e-01;
1.3707999978e+01;-2.6387077147e+00;
1.3711999978e+01;-6.1049611556e+00;
1.3715999978e+01;-8.8820707771e+00;
1.3719999978e+01;-9.8205813406e+00;
1.3723999978e+01;-8.4190702550e+00;
1.3727999978e+01;-5.8707415325e+00;
1.3731999978e+01;-4.7541726099e+00;
1.3735999978e+01;-6.5128757297e+00;
1.3739999978e+01;-9.8508343777e+00;
1.3743999978e+01;-1.2465261730e+01;
1.3747999978e+01;-1.3477574240e+01;
1.3751999978e+01;-1.3310186921e+01;
1.3755999978e+01;-1.2400353246e+01;
1.3759999978e+01;-1.1284842161e+01;
1.3763999978e+01;-1.0909850196e+01;
1.3767999978e+01;-1.1708778384e+01;
1.3771999978e+01;-1.2958900766e+01;
1.3775999978e+01;-1.3631040526e+01;
1.3779999978e+01;-1.3601191875e+01;
1.3783999978e+01;-1.3593376168e+01;
1.3787999978e+01;-1.3978889675e+01;
1.3791999978e+01;-1.4233896725e+01;
1.3795999978e+01;-1.3650823185e+01;
1.3799999978e+01;-1.2020064935e+01;
1.3803999978e+01;-9.5245069909e+00;
1.3807999978e+01;-6.5212230239e+00;
1.3811999978e+01;-3.7566301285e+00;
1.3815999978e+01;-2.2703693727e+00;
1.3819999978e+01;-2.5851470169e+00;
1.3823999978e+01;-4.2554396716e+00;
1.3827999978e+01;-6.4627873363e+00;
1.3831999978e+01;-8.8332400221e+00;
1.3835999978e+01;-1.1304708821e+01;
1.3839999977e+01;-1.3377812677e+01;
1.3843999977e+01;-1.4285111124e+01;
1.3847999978e+01;-1.3853673474e+01;
1.3851999978e+01;-1.2500073727e+01;
1.3855999978e+01;-1.0634873393e+01;
1.3859999978e+01;-8.6486322681e+00;
1.3863999977e+01;-7.2776192534e+00;
1.3867999978e+01;-7.2557066353e+00;
1.3871999978e+01;-8.2398286185e+00;
1.3875999978e+01;-8.8353489964e+00;
1.3879999978e+01;-8.2189973328e+00;
1.3883999977e+01;-6.9760490309e+00;
1.3887999977e+01;-6.0190055923e+00;
1.3891999978e+01;-5.6053241426e+00;
1.3895999978e+01;-5.7779126911e+00;
1.3899999978e+01;-6.6542751125e+00;
1.3903999978e+01;-7.7355930263e+00;
1.3907999977e+01;-8.0099395090e+00;
1.3911999978e+01;-7.1387751800e+00;
1.3915999978e+01;-5.7396249406e+00;
1.3919999978e+01;-4.5084458879e+00;
1.3923999978e+01;-3.7144749853e+00;
1.3927999977e+01;-3.4373852461e+00;
1.3931999977e+01;-3.6380300886e+00;
1.3935999978e+01;-3.8185895729e+00;
1.3939999978e+01;-3.1904757694e+00;
1.3943999978e+01;-1.6569897667e+00;
1.3947999978e+01;-2.6310922927e-01;
1.3951999977e+01;-9.1184719175e-02;
1.3955999977e+01;-8.8730167018e-01;
1.3959999977e+01;-1.4918082579e+00;
1.3963999977e+01;-1.6773970187e+00;
1.3967999977e+01;-2.4749396605e+00;
1.3971999977e+01;-4.2855880957e+00;
1.3975999977e+01;-6.0239599099e+00;
1.3979999977e+01;-6.4942259355e+00;
1.3983999977e+01;-5.3465951038e+00;
1.3987999977e+01;-2.8940765299e+00;
1.3991999977e+01;-9.7605447903e-02;
1.3995999977e+01;1.6538267827e+00;
1.3999999977e+01;1.6392090659e+00;
1.4003999977e+01;6.8002163179e-01;
1.4007999977e+01;1.7803421724e-01;
1.4011999977e+01;3.1660924478e-01;
1.4015999977e+01;2.7658638144e-01;
1.4019999977e+01;4.9743778945e-02;
1.4023999977e+01;6.5208383254e-01;
1.4027999977e+01;2.2310023555e+00;
1.4031999977e+01;3.3666807279e+00;
1.4035999977e+01;3.1559145900e+00;
1.4039999977e+01;2.5126797773e+00;
1.4043999977e+01;2.5499488687e+00;
1.4047999977e+01;3.1863865027e+00;
1.4051999977e+01;3.9820567966e+00;
1.4055999977e+01;5.1534242569e+00;
1.4059999977e+01;6.9249828278e+00;
1.4063999977e+01;8.4123924319e+00;
1.4067999977e+01;8.0666303170e+00;
1.4071999977e+01;5.3441899198e+00;
1.4075999977e+01;1.3294555458e+00;
1.4079999977e+01;-2.4120290811e+00;
1.4083999977e+01;-4.7188440139e+00;
1.4087999977e+01;-4.7040781574e+00;
1.4091999977e+01;-2.3655451347e+00;
1.4095999977e+01;5.1753047667e-01;
1.4099999977e+01;1.6794553382e+00;
1.4103999977e+01;8.4431468847e-01;
1.4107999977e+01;-1.1253114254e-01;
1.4111999977e+01;4.8438500887e-01;
1.4115999977e+01;2.5420685299e+00;
1.4119999977e+01;5.1015024185e+00;
1.4123999977e+01;7.7252719378e+00;
1.4127999977e+01;1.0485513222e+01;
1.4131999977e+01;1.3137395163e+01;
1.4135999977e+01;1.4879120444e+01;
1.4139999977e+01;1.5151149711e+01;
1.4143999977e+01;1.4253958746e+01;
1.4147999977e+01;1.2841954521e+01;
1.4151999977e+01;1.1475146744e+01;
1.4155999977e+01;1.0785749583e+01;
1.4159999977e+01;1.1065323890e+01;
1.4163999977e+01;1.1617198797e+01;
1.4167999977e+01;1.1414394188e+01;
1.4171999977e+01;1.0463358717e+01;
1.4175999977e+01;9.7981231941e+00;
1.4179999977e+01;9.9821112723e+00;
1.4183999977e+01;1.0440129958e+01;
1.4187999977e+01;1.0514185965e+01;
1.4191999977e+01;1.0226823268e+01;
1.4195999977e+01;9.7719807853e+00;
1.4199999977e+01;9.2813954734e+00;
1.4203999977e+01;9.4830957090e+00;
1.4207999977e+01;1.1571043980e+01;
1.4211999977e+01;1.5548428068e+01;
1.4215999977e+01;1.9425349059e+01;
1.4219999977e+01;2.0964072964e+01;
1.4223999977e+01;1.9562873900e+01;
1.4227999977e+01;1.6041002955e+01;
1.4231999977e+01;1.1591713415e+01;
1.4235999977e+01;7.4983616424e+00;
1.4239999977e+01;5.2348848033e+00;
1.4243999977e+01;5.8992781566e+00;
1.4247999977e+01;9.2136929224e+00;
1.4251999977e+01;1.3491267263e+01;
1.4255999977e+01;1.6937980808e+01;
1.4259999977e+01;1.8715964076e+01;
1.4263999977e+01;1.8733491799e+01;
1.4267999977e+01;1.7309834054e+01;
1.4271999977e+01;1.5378601184e+01;
1.4275999977e+01;1.4119836607e+01;
1.4279999977e+01;1.3873761005e+01;
1.4283999977e+01;1.4006177274e+01;
1.4287999977e+01;1.4114479215e+01;
1.4291999977e+01;1.4529206579e+01;
1.4295999977e+01;1.5382475752e+01;
1.4299999977e+01;1.6107954478e+01;
1.4303999977e+01;1.6183919363e+01;
1.4307999977e+01;1.5848732520e+01;
1.4311999977e+01;1.5652909821e+01;
1.4315999977e+01;1.5563970543e+01;
1.4319999977e+01;1.5325480191e+01;
1.4323999977e+01;1.5352190580e+01;
1.4327999977e+01;1.6006485156e+01;
1.4331999977e+01;1.6402598130e+01;
1.4335999977e+01;1.5339907480e+01;
1.4339999977e+01;1.3065912793e+01;
1.4343999977e+01;1.0928700181e+01;
1.4347999977e+01;9.7776215565e+00;
1.4351999977e+01;9.6917469120e+00;
1.4355999977e+01;1.0712230820e+01;
1.4359999977e+01;1.2778665927e+01;
1.4363999977e+01;1.5131398546e+01;
1.4367999977e+01;1.6842020106e+01;
1.4371999977e+01;1.7962528808e+01;
1.4375999977e+01;1.9288584721e+01;
1.4379999977e+01;2.1184266616e+01;
1.4383999977e+01;2.3315935008e+01;
1.4387999977e+01;2.5326807566e+01;
1.4391999977e+01;2.6990251005e+01;
1.4395999977e+01;2.7468127816e+01;
1.4399999977e+01;2.5434062719e+01;
1.4403999977e+01;2.0689013319e+01;
1.4407999977e+01;1.4969215680e+01;
1.4411999977e+01;1.0526783782e+01;
1.4415999977e+01;8.3442405839e+00;
1.4419999977e+01;8.2050820852e+00;
1.4423999977e+01;9.7575380520e+00;
1.4427999977e+01;1.2434229686e+01;
1.4431999977e+01;1.4989838126e+01;
1.4435999977e+01;1.6416316521e+01;
1.4439999977e+01;1.6946208804e+01;
1.4443999977e+01;1.7317889898e+01;
1.4447999977e+01;1.7582726084e+01;
1.4451999977e+01;1.7394408693e+01;
1.4455999977e+01;1.6928149001e+01;
1.4459999977e+01;1.6647722002e+01;
1.4463999977e+01;1.6478102978e+01;
1.4467999977e+01;1.6109720669e+01;
1.4471999977e+01;1.6026423167e+01;
1.4475999977e+01;1.7098754108e+01;
1.4479999976e+01;1.8987288512e+01;
1.4483999976e+01;2.0173813436e+01;
1.4487999977e+01;1.9925651308e+01;
1.4491999977e+01;1.9269588458e+01;
1.4495999977e+01;1.9515723822e+01;
1.4499999976e+01;2.0495611262e+01;
1.4503999976e+01;2.1087866670e+01;
1.4507999977e+01;2.0993756557e+01;
1.4511999977e+01;2.0833021758e+01;
1.4515999977e+01;2.0788350300e+01;
1.4519999977e+01;2.0561247576e+01;
1.4523999976e+01;2.0425916882e+01;
1.4527999976e+01;2.0825342184e+01;
1.4531999977e+01;2.1290013445e+01;
1.4535999977e+01;2.0942702924e+01;
1.4539999977e+01;1.9804913976e+01;
1.4543999976e+01;1.8982958616e+01;
1.4547999976e+01;1.9376222254e+01;
1.4551999977e+01;2.0674021677e+01;
1.4555999977e+01;2.2090789662e+01;
1.4559999977e+01;2.3248286386e+01;
1.4563999976e+01;2.3922824159e+01;
1.4567999976e+01;2.3868160257e+01;
1.4571999976e+01;2.3159023584e+01;
1.4575999977e+01;2.2134237593e+01;
1.4579999977e+01;2.0881599311e+01;
1.4583999977e+01;1.9370427676e+01;
1.4587999976e+01;1.8348283506e+01;
1.4591999976e+01;1.9016464965e+01;
1.4595999976e+01;2.1160576576e+01;
1.4599999976e+01;2.2829331190e+01;
1.4603999976e+01;2.2596148225e+01;
1.4607999976e+01;2.1123078164e+01;
1.4611999976e+01;1.9973359679e+01;
1.4615999976e+01;1.9810901249e+01;
1.4619999976e+01;2.0377535690e+01;
1.4623999976e+01;2.1609369831e+01;
1.4627999976e+01;2.3713443920e+01;
1.4631999976e+01;2.6162309288e+01;
1.4635999976e+01;2.7864140920e+01;
1.4639999976e+01;2.8360590884e+01;
1.4643999976e+01;2.7783315679e+01;
1.4647999976e+01;2.6167970448e+01;
1.4651999976e+01;2.3944543347e+01;
1.4655999976e+01;2.2558841544e+01;
1.4659999976e+01;2.3459063382e+01;
1.4663999976e+01;2.6403547029e+01;
1.4667999976e+01;2.9522954059e+01;
1.4671999976e+01;3.1197928013e+01;
1.4675999976e+01;3.1071990694e+01;
1.4679999976e+01;2.9391362888e+01;
1.4683999976e+01;2.6755432592e+01;
1.4687999976e+01;2.4493948372e+01;
1.4691999976e+01;2.3963600326e+01;
1.4695999976e+01;2.5293307766e+01;
1.4699999976e+01;2.7431262529e+01;
1.4703999976e+01;2.9337787916e+01;
1.4707999976e+01;3.0639257002e+01;
1.4711999976e+01;3.1176113267e+01;
1.4715999976e+01;3.0636974159e+01;
1.4719999976e+01;2.9108943853e+01;
1.4723999976e+01;2.7546609484e+01;
1.4727999976e+01;2.7028905176e+01;
1.4731999976e+01;2.7668280364e+01;
1.4735999976e+01;2.8759770654e+01;
1.4739999976e+01;2.9787956805e+01;
1.4743999976e+01;3.0674591426e+01;
1.4747999976e+01;3.1186602798e+01;
1.4751999976e+01;3.0948175457e+01;
1.4755999976e+01;3.0286474043e+01;
1.4759999976e+01;3.0257392819e+01;
1.4763999976e+01;3.1432146760e+01;
1.4767999976e+01;3.3133209906e+01;
1.4771999976e+01;3.4127745522e+01;
1.4775999976e+01;3.3828522506e+01;
1.4779999976e+01;3.2479842337e+01;
1.4783999976e+01;3.0509485982e+01;
1.4787999976e+01;2.8142525272e+01;
1.4791999976e+01;2.5479989367e+01;
1.4795999976e+01;2.3214842223e+01;
1.4799999976e+01;2.3368353622e+01;
1.4803999976e+01;2.8643129816e+01;
1.4807999976e+01;4.0825048630e+01;
1.4811999976e+01;5.9684968317e+01;
1.4815999976e+01;8.3136391371e+01;
1.4819999976e+01;1.0877362876e+02;
1.4823999976e+01;1.3528814340e+02;
1.4827999976e+01;1.6215800534e+02;
1.4831999976e+01;1.8870162808e+02;
1.4835999976e+01;2.1421260482e+02;
1.4839999976e+01;2.3875140158e+02;
1.4843999976e+01;2.6301913101e+02;
1.4847999976e+01;2.8725417236e+02;
1.4851999976e+01;3.1084065402e+02;
1.4855999976e+01;3.3306055620e+02;
1.4859999976e+01;3.5359821612e+02;
1.4863999976e+01;3.7224654678e+02;
1.4867999976e+01;3.8878762739e+02;
1.4871999976e+01;4.0344701179e+02;
1.4875999976e+01;4.1695899228e+02;
1.4879999976e+01;4.2998013527e+02;
1.4883999976e+01;4.4274633953e+02;
1.4887999976e+01;4.5535328578e+02;
1.4891999976e+01;4.6801034297e+02;
1.4895999976e+01;4.8050870622e+02;
1.4899999976e+01;4.9178891592e+02;
1.4903999976e+01;5.0092473448e+02;
1.4907999976e+01;5.0822655911e+02;
1.4911999976e+01;5.1467038037e+02;
1.4915999976e+01;5.2069731721e+02;
1.4919999976e+01;5.2629379577e+02;
1.4923999976e+01;5.3188970630e+02;
1.4927999976e+01;5.3823876657e+02;
1.4931999976e+01;5.4533954419e+02;
1.4935999976e+01;5.5217750083e+02;
1.4939999976e+01;5.5775420781e+02;
1.4943999976e+01;5.6189509204e+02;
1.4947999976e+01;5.6485937606e+02;
1.4951999976e+01;5.6695464042e+02;
1.4955999976e+01;5.6896988199e+02;
1.4959999976e+01;5.7179118800e+02;
1.4963999976e+01;5.7497680540e+02;
1.4967999976e+01;5.7699624960e+02;
1.4971999976e+01;5.7733762128e+02;
1.4975999976e+01;5.7705392529e+02;
1.4979999976e+01;5.7679216200e+02;
1.4983999976e+01;5.7578302280e+02;
1.4987999976e+01;5.7344184862e+02;
1.4991999976e+01;5.7043636708e+02;
1.4995999976e+01;5.6749937099e+02;
1.4999999976e+01;5.6459118367e+02;
1.5003999976e+01;5.6183056895e+02;
1.5007999976e+01;5.6018749636e+02;
1.5011999976e+01;5.6050954267e+02;
1.5015999976e+01;5.6217758059e+02;
1.5019999976e+01;5.6342606226e+02;
1.5023999976e+01;5.6309056999e+02;
1.5027999976e+01;5.6128858805e+02;
1.5031999976e+01;5.5839038706e+02;
1.5035999976e+01;5.5459504972e+02;
1.5039999976e+01;5.5066394164e+02;
1.5043999976e+01;5.4773389409e+02;
1.5047999976e+01;5.4608530800e+02;
1.5051999976e+01;5.4487003583e+02;
1.5055999976e+01;5.4325686725e+02;
1.5059999976e+01;5.4131291157e+02;
1.5063999976e+01;5.3941828846e+02;
1.5067999976e+01;5.3744601680e+02;
1.5071999976e+01;5.3515590832e+02;
1.5075999976e+01;5.3264659727e+02;
1.5079999976e+01;5.2983485127e+02;
1.5083999976e+01;5.2628363417e+02;
1.5087999976e+01;5.2181422444e+02;
1.5091999976e+01;5.1677004025e+02;
1.5095999976e+01;5.1163329964e+02;
1.5099999976e+01;5.0648441688e+02;
1.5103999976e+01;5.0092232076e+02;
1.5107999976e+01;4.9466384319e+02;
1.5111999976e+01;4.8804690188e+02;
1.5115999975e+01;4.8173840314e+02;
1.5119999975e+01;4.7627154235e+02;
1.5123999975e+01;4.7205772107e+02;
1.5127999976e+01;4.6912448864e+02;
1.5131999976e+01;4.6649561960e+02;
1.5135999975e+01;4.6270955238e+02;
1.5139999975e+01;4.5739972012e+02;
1.5143999975e+01;4.5169134411e+02;
1.5147999976e+01;4.4673764946e+02;
1.5151999976e+01;4.4260429196e+02;
1.5155999976e+01;4.3879152936e+02;
1.5159999975e+01;4.3486594668e+02;
1.5163999975e+01;4.3044069375e+02;
1.5167999975e+01;4.2542135501e+02;
1.5171999976e+01;4.2040108166e+02;
1.5175999976e+01;4.1626740194e+02;
1.5179999975e+01;4.1327520031e+02;
1.5183999975e+01;4.1088590416e+02;
1.5187999975e+01;4.0838587013e+02;
1.5191999976e+01;4.0515406117e+02;
1.5195999976e+01;4.0054441474e+02;
1.5199999976e+01;3.9417594083e+02;
1.5203999975e+01;3.8673976756e+02;
1.5207999975e+01;3.8015795415e+02;
1.5211999975e+01;3.7619758930e+02;
1.5215999976e+01;3.7486165452e+02;
1.5219999976e+01;3.7454368572e+02;
1.5223999975e+01;3.7379145339e+02;
1.5227999975e+01;3.7260538216e+02;
1.5231999975e+01;3.7200577186e+02;
1.5235999975e+01;3.7273694509e+02;
1.5239999975e+01;3.7407383310e+02;
1.5243999975e+01;3.7297896181e+02;
1.5247999975e+01;3.6485366268e+02;
1.5251999975e+01;3.4653251449e+02;
1.5255999975e+01;3.1901657222e+02;
1.5259999975e+01;2.8684817521e+02;
1.5263999975e+01;2.5465427189e+02;
1.5267999975e+01;2.2464253106e+02;
1.5271999975e+01;1.9701018819e+02;
1.5275999975e+01;1.7113729875e+02;
1.5279999975e+01;1.4578706604e+02;
1.5283999975e+01;1.1934561784e+02;
1.5287999975e+01;9.0816167120e+01;
1.5291999975e+01;6.0524571410e+01;
1.5295999975e+01;2.9571881467e+01;
1.5299999975e+01;-1.2633129807e+00;
1.5303999975e+01;-3.1648581906e+01;
1.5307999975e+01;-6.1109328636e+01;
1.5311999975e+01;-8.9369244225e+01;
1.5315999975e+01;-1.1727167278e+02;
1.5319999975e+01;-1.4626937646e+02;
1.5323999975e+01;-1.7659521710e+02;
1.5327999975e+01;-2.0681988708e+02;
1.5331999975e+01;-2.3561505120e+02;
1.5335999975e+01;-2.6252038020e+02;
1.5339999975e+01;-2.8651202773e+02;
1.5343999975e+01;-3.0599197694e+02;
1.5347999975e+01;-3.2111859563e+02;
1.5351999975e+01;-3.3426228106e+02;
1.5355999975e+01;-3.4691610916e+02;
1.5359999975e+01;-3.5733757628e+02;
1.5363999975e+01;-3.6265763136e+02;
1.5367999975e+01;-3.6256801621e+02;
1.5371999975e+01;-3.5959857195e+02;
1.5375999975e+01;-3.5666687388e+02;
1.5379999975e+01;-3.5547402629e+02;
1.5383999975e+01;-3.5614111148e+02;
1.5387999975e+01;-3.5738606877e+02;
1.5391999975e+01;-3.5763569769e+02;
1.5395999975e+01;-3.5635012109e+02;
1.5399999975e+01;-3.5424279719e+02;
1.5403999975e+01;-3.5240232313e+02;
1.5407999975e+01;-3.5115459648e+02;
1.5411999975e+01;-3.4994559409e+02;
1.5415999975e+01;-3.4841390728e+02;
1.5419999975e+01;-3.4676069318e+02;
1.5423999975e+01;-3.4504690669e+02;
1.5427999975e+01;-3.4316113385e+02;
1.5431999975e+01;-3.4142937140e+02;
1.5435999975e+01;-3.4038924855e+02;
1.5439999975e+01;-3.3978540441e+02;
1.5443999975e+01;-3.3851083363e+02;
1.5447999975e+01;-3.3605127850e+02;
1.5451999975e+01;-3.3323205723e+02;
1.5455999975e+01;-3.3110839626e+02;
1.5459999975e+01;-3.2999895998e+02;
1.5463999975e+01;-3.2979552423e+02;
1.5467999975e+01;-3.3030685170e+02;
1.5471999975e+01;-3.3092653547e+02;
1.5475999975e+01;-3.3055696565e+02;
1.5479999975e+01;-3.2847476825e+02;
1.5483999975e+01;-3.2515874993e+02;
1.5487999975e+01;-3.2188230111e+02;
1.5491999975e+01;-3.1955014386e+02;
1.5495999975e+01;-3.1813081834e+02;
1.5499999975e+01;-3.1698321851e+02;
1.5503999975e+01;-3.1548646184e+02;
1.5507999975e+01;-3.1357142897e+02;
1.5511999975e+01;-3.1172659583e+02;
1.5515999975e+01;-3.1047951695e+02;
1.5519999975e+01;-3.0994120609e+02;
1.5523999975e+01;-3.0960931052e+02;
1.5527999975e+01;-3.0884855880e+02;
1.5531999975e+01;-3.0787475834e+02;
1.5535999975e+01;-3.0751022021e+02;
1.5539999975e+01;-3.0787428832e+02;
1.5543999975e+01;-3.0836351310e+02;
1.5547999975e+01;-3.0866417465e+02;
1.5551999975e+01;-3.0858372548e+02;
1.5555999975e+01;-3.0717307671e+02;
1.5559999975e+01;-3.0336778264e+02;
1.5563999975e+01;-2.9767622234e+02;
1.5567999975e+01;-2.9215698338e+02;
1.5571999975e+01;-2.8838278160e+02;
1.5575999975e+01;-2.8595018302e+02;
1.5579999975e+01;-2.8324059771e+02;
1.5583999975e+01;-2.7983172779e+02;
1.5587999975e+01;-2.7803207719e+02;
1.5591999975e+01;-2.8126044440e+02;
1.5595999975e+01;-2.9096375043e+02;
1.5599999975e+01;-3.0542727571e+02;
1.5603999975e+01;-3.2032412247e+02;
1.5607999975e+01;-3.3022104745e+02;
1.5611999975e+01;-3.3169623184e+02;
1.5615999975e+01;-3.2605023342e+02;
1.5619999975e+01;-3.1823114393e+02;
1.5623999975e+01;-3.1271994228e+02;
1.5627999975e+01;-3.1083040133e+02;
1.5631999975e+01;-3.1148593810e+02;
1.5635999975e+01;-3.1296378053e+02;
1.5639999975e+01;-3.1344896721e+02;
1.5643999975e+01;-3.1154788384e+02;
1.5647999975e+01;-3.0761952516e+02;
1.5651999975e+01;-3.0381292994e+02;
1.5655999975e+01;-3.0179084797e+02;
1.5659999975e+01;-3.0110275538e+02;
1.5663999975e+01;-3.0039280508e+02;
1.5667999975e+01;-2.9911477580e+02;
1.5671999975e+01;-2.9729806195e+02;
1.5675999975e+01;-2.9479471359e+02;
1.5679999975e+01;-2.9169450306e+02;
1.5683999975e+01;-2.8881129506e+02;
1.5687999975e+01;-2.8696371745e+02;
1.5691999975e+01;-2.8598387261e+02;
1.5695999975e+01;-2.8509060405e+02;
1.5699999975e+01;-2.8395165373e+02;
1.5703999975e+01;-2.8264165964e+02;
1.5707999975e+01;-2.8110503885e+02;
1.5711999975e+01;-2.7949450066e+02;
1.5715999975e+01;-2.7851660858e+02;
1.5719999975e+01;-2.7872499542e+02;
1.5723999975e+01;-2.7962910025e+02;
1.5727999975e+01;-2.7992607511e+02;
1.5731999975e+01;-2.7883230669e+02;
1.5735999975e+01;-2.7673125527e+02;
1.5739999975e+01;-2.7405099695e+02;
1.5743999975e+01;-2.7044042399e+02;
1.5747999975e+01;-2.6586511719e+02;
1.5751999974e+01;-2.6154002340e+02;
1.5755999974e+01;-2.5884892941e+02;
1.5759999974e+01;-2.5797927255e+02;
1.5763999974e+01;-2.5827533155e+02;
1.5767999975e+01;-2.5912196563e+02;
1.5771999975e+01;-2.5971993445e+02;
1.5775999974e+01;-2.5895989322e+02;
1.5779999974e+01;-2.5655423795e+02;
1.5783999974e+01;-2.5374485278e+02;
1.5787999975e+01;-2.5205930253e+02;
1.5791999975e+01;-2.5155599363e+02;
1.5795999974e+01;-2.5107513033e+02;
1.5799999974e+01;-2.5001322904e+02;
1.5803999974e+01;-2.4859844168e+02;
1.5807999974e+01;-2.4661510239e+02;
1.5811999975e+01;-2.4348762274e+02;
1.5815999974e+01;-2.3980687465e+02;
1.5819999974e+01;-2.3734033861e+02;
1.5823999974e+01;-2.3700986962e+02;
1.5827999974e+01;-2.3777230326e+02;
1.5831999975e+01;-2.3801967854e+02;
1.5835999975e+01;-2.3751178773e+02;
1.5839999974e+01;-2.3724735335e+02;
1.5843999974e+01;-2.3782368224e+02;
1.5847999974e+01;-2.3884400260e+02;
1.5851999974e+01;-2.3960343967e+02;
1.5855999975e+01;-2.3941131107e+02;
1.5859999974e+01;-2.3754916293e+02;
1.5863999974e+01;-2.3387368080e+02;
1.5867999974e+01;-2.2957394029e+02;
1.5871999974e+01;-2.2658548663e+02;
1.5875999974e+01;-2.2582874704e+02;
1.5879999974e+01;-2.2658815865e+02;
1.5883999974e+01;-2.2778620792e+02;
1.5887999974e+01;-2.2883501586e+02;
1.5891999974e+01;-2.2897493805e+02;
1.5895999974e+01;-2.2718113559e+02;
1.5899999974e+01;-2.2360217760e+02;
1.5903999974e+01;-2.2005515054e+02;
1.5907999974e+01;-2.1816377935e+02;
1.5911999974e+01;-2.1787067393e+02;
1.5915999974e+01;-2.1840410942e+02;
1.5919999974e+01;-2.1944595508e+02;
1.5923999974e+01;-2.2049203932e+02;
1.5927999974e+01;-2.2022746723e+02;
1.5931999974e+01;-2.1775163257e+02;
1.5935999974e+01;-2.1392407764e+02;
1.5939999974e+01;-2.1037272318e+02;
1.5943999974e+01;-2.0757328817e+02;
1.5947999974e+01;-2.0507584701e+02;
1.5951999974e+01;-2.0292644238e+02;
1.5955999974e+01;-2.0155348113e+02;
1.5959999974e+01;-2.0083119799e+02;
1.5963999974e+01;-2.0022477283e+02;
1.5967999974e+01;-1.9957302862e+02;
1.5971999974e+01;-1.9902943493e+02;
1.5975999974e+01;-1.9827496963e+02;
1.5979999974e+01;-1.9674064616e+02;
1.5983999974e+01;-1.9482491337e+02;
1.5987999974e+01;-1.9373158770e+02;
1.5991999974e+01;-1.9384477432e+02;
1.5995999974e+01;-1.9430217755e+02;
1.5999999974e+01;-1.9422120040e+02;
1.6003999974e+01;-1.9348115961e+02;
1.6007999974e+01;-1.9242325147e+02;
1.6011999974e+01;-1.9141954471e+02;
1.6015999974e+01;-1.9063031838e+02;
1.6019999974e+01;-1.8985462142e+02;
1.6023999974e+01;-1.8851114814e+02;
1.6027999974e+01;-1.8602868599e+02;
1.6031999974e+01;-1.8267311949e+02;
1.6035999974e+01;-1.7965215521e+02;
1.6039999974e+01;-1.7798597970e+02;
1.6043999974e+01;-1.7768073932e+02;
1.6047999974e+01;-1.7817573571e+02;
1.6051999974e+01;-1.7904835682e+02;
1.6055999974e+01;-1.8000895750e+02;
1.6059999974e+01;-1.8065749127e+02;
1.6063999974e+01;-1.8096639521e+02;
1.6067999974e+01;-1.8185534122e+02;
1.6071999974e+01;-1.8385619450e+02;
1.6075999974e+01;-1.8494569210e+02;
1.6079999974e+01;-1.8173674295e+02;
1.6083999974e+01;-1.7343300215e+02;
1.6087999974e+01;-1.6309438623e+02;
1.6091999974e+01;-1.5499055745e+02;
1.6095999974e+01;-1.5155289351e+02;
1.6099999974e+01;-1.5236813522e+02;
1.6103999974e+01;-1.5513269702e+02;
1.6107999974e+01;-1.5731721270e+02;
1.6111999974e+01;-1.5756070164e+02;
1.6115999974e+01;-1.5618275515e+02;
1.6119999974e+01;-1.5437063755e+02;
1.6123999974e+01;-1.5274575762e+02;
1.6127999974e+01;-1.5103220635e+02;
1.6131999974e+01;-1.4925817515e+02;
1.6135999974e+01;-1.4823122462e+02;
1.6139999974e+01;-1.4826915276e+02;
1.6143999974e+01;-1.4888455792e+02;
1.6147999974e+01;-1.4990713910e+02;
1.6151999974e+01;-1.5139683244e+02;
1.6155999974e+01;-1.5277437214e+02;
1.6159999974e+01;-1.5313158872e+02;
1.6163999974e+01;-1.5204380217e+02;
1.6167999974e+01;-1.4982915866e+02;
1.6171999974e+01;-1.4734072583e+02;
1.6175999974e+01;-1.4535115608e+02;
1.6179999974e+01;-1.4413711929e+02;
1.6183999974e+01;-1.4375585684e+02;
1.6187999974e+01;-1.4411641596e+02;
1.6191999974e+01;-1.4470122128e+02;
1.6195999974e+01;-1.4498731753e+02;
1.6199999974e+01;-1.4503609417e+02;
1.6203999974e+01;-1.4497979822e+02;
1.6207999974e+01;-1.4425716663e+02;
1.6211999974e+01;-1.4208786433e+02;
1.6215999974e+01;-1.3871508570e+02;
1.6219999974e+01;-1.3574384158e+02;
1.6223999974e+01;-1.3458778963e+02;
1.6227999974e+01;-1.3470535794e+02;
1.6231999974e+01;-1.3451375030e+02;
1.6235999974e+01;-1.3358439554e+02;
1.6239999974e+01;-1.3251478108e+02;
1.6243999974e+01;-1.3143468548e+02;
1.6247999974e+01;-1.3004855301e+02;
1.6251999974e+01;-1.2858321426e+02;
1.6255999974e+01;-1.2751849132e+02;
1.6259999974e+01;-1.2661244355e+02;
1.6263999974e+01;-1.2519659116e+02;
1.6267999974e+01;-1.2338549056e+02;
1.6271999974e+01;-1.2199717298e+02;
1.6275999974e+01;-1.2115594063e+02;
1.6279999974e+01;-1.2003116976e+02;
1.6283999974e+01;-1.1825740429e+02;
1.6287999974e+01;-1.1657167015e+02;
1.6291999974e+01;-1.1560646665e+02;
1.6295999974e+01;-1.1502337027e+02;
1.6299999974e+01;-1.1433781182e+02;
1.6303999974e+01;-1.1361729889e+02;
1.6307999974e+01;-1.1278197450e+02;
1.6311999974e+01;-1.1127551454e+02;
1.6315999974e+01;-1.0912093917e+02;
1.6319999974e+01;-1.0717887065e+02;
1.6323999974e+01;-1.0589116700e+02;
1.6327999974e+01;-1.0483772693e+02;
1.6331999974e+01;-1.0370195275e+02;
1.6335999974e+01;-1.0284472650e+02;
1.6339999974e+01;-1.0245190962e+02;
1.6343999974e+01;-1.0167750525e+02;
1.6347999974e+01;-9.9621216070e+01;
1.6351999974e+01;-9.6745690882e+01;
1.6355999974e+01;-9.4439561680e+01;
1.6359999974e+01;-9.3554314047e+01;
1.6363999974e+01;-9.3853406614e+01;
1.6367999974e+01;-9.4560640551e+01;
1.6371999974e+01;-9.4998158071e+01;
1.6375999974e+01;-9.4805652119e+01;
1.6379999974e+01;-9.4053873759e+01;
1.6383999974e+01;-9.3342513295e+01;
1.6387999973e+01;-9.3453716594e+01;
1.6391999973e+01;-9.4403901022e+01;
1.6395999973e+01;-9.5002778521e+01;
1.6399999973e+01;-9.4032089042e+01;
1.6403999973e+01;-9.1516414996e+01;
1.6407999974e+01;-8.8183262181e+01;
1.6411999973e+01;-8.4491783790e+01;
1.6415999973e+01;-8.0945674639e+01;
1.6419999973e+01;-7.8438576118e+01;
1.6423999973e+01;-7.7493769709e+01;
1.6427999974e+01;-7.7729577656e+01;
1.6431999973e+01;-7.8636194256e+01;
1.6435999973e+01;-8.0381042789e+01;
1.6439999973e+01;-8.3035919725e+01;
1.6443999973e+01;-8.5443864054e+01;
1.6447999973e+01;-8.6006157891e+01;
1.6451999974e+01;-8.4401990071e+01;
1.6455999973e+01;-8.1713282935e+01;
1.6459999973e+01;-7.9180975706e+01;
1.6463999973e+01;-7.7484632921e+01;
1.6467999973e+01;-7.6918663480e+01;
1.6471999974e+01;-7.7444200224e+01;
1.6475999973e+01;-7.8324079775e+01;
1.6479999973e+01;-7.8415475380e+01;
1.6483999973e+01;-7.7431683375e+01;
1.6487999973e+01;-7.6253654414e+01;
1.6491999973e+01;-7.5443573553e+01;
1.6495999974e+01;-7.4392548823e+01;
1.6499999973e+01;-7.2507879844e+01;
1.6503999973e+01;-7.0195379298e+01;
1.6507999973e+01;-6.8026759789e+01;
1.6511999973e+01;-6.5923608893e+01;
1.6515999973e+01;-6.3861915101e+01;
1.6519999973e+01;-6.2481964130e+01;
1.6523999973e+01;-6.2139698668e+01;
1.6527999973e+01;-6.1991822168e+01;
1.6531999973e+01;-6.0857647499e+01;
1.6535999973e+01;-5.8566503503e+01;
1.6539999973e+01;-5.5946883552e+01;
1.6543999973e+01;-5.4085292532e+01;
1.6547999973e+01;-5.3869982848e+01;
1.6551999973e+01;-5.5378515669e+01;
1.6555999973e+01;-5.7329334661e+01;
1.6559999973e+01;-5.7744522873e+01;
1.6563999973e+01;-5.5610775584e+01;
1.6567999973e+01;-5.1850855602e+01;
1.6571999973e+01;-4.8399741216e+01;
1.6575999973e+01;-4.6399070192e+01;
1.6579999973e+01;-4.5621852370e+01;
1.6583999973e+01;-4.5207528747e+01;
1.6587999973e+01;-4.4286704978e+01;
1.6591999973e+01;-4.2474975215e+01;
1.6595999973e+01;-4.0584525305e+01;
1.6599999973e+01;-4.0294612115e+01;
1.6603999973e+01;-4.2371802001e+01;
1.6607999973e+01;-4.5495519813e+01;
1.6611999973e+01;-4.7209356792e+01;
1.6615999973e+01;-4.6048830544e+01;
1.6619999973e+01;-4.2673502143e+01;
1.6623999973e+01;-3.8886497075e+01;
1.6627999973e+01;-3.5903459447e+01;
1.6631999973e+01;-3.3986430207e+01;
1.6635999973e+01;-3.3239384942e+01;
1.6639999973e+01;-3.3675433707e+01;
1.6643999973e+01;-3.4657855119e+01;
1.6647999973e+01;-3.5426973181e+01;
1.6651999973e+01;-3.6061492818e+01;
1.6655999973e+01;-3.6897342710e+01;
1.6659999973e+01;-3.7312555095e+01;
1.6663999973e+01;-3.6154135245e+01;
1.6667999973e+01;-3.3323140621e+01;
1.6671999973e+01;-3.0140439756e+01;
1.6675999973e+01;-2.8003738236e+01;
1.6679999973e+01;-2.7433800227e+01;
1.6683999973e+01;-2.8396150379e+01;
1.6687999973e+01;-3.0428484230e+01;
1.6691999973e+01;-3.2425448206e+01;
1.6695999973e+01;-3.3160124085e+01;
1.6699999973e+01;-3.2248960678e+01;
1.6703999973e+01;-3.0432508315e+01;
1.6707999973e+01;-2.8730816083e+01;
1.6711999973e+01;-2.7571701999e+01;
1.6715999973e+01;-2.7078243641e+01;
1.6719999973e+01;-2.7508365547e+01;
1.6723999973e+01;-2.8620249486e+01;
1.6727999973e+01;-2.9221629901e+01;
1.6731999973e+01;-2.8356455254e+01;
1.6735999973e+01;-2.6609112049e+01;
1.6739999973e+01;-2.5286386665e+01;
1.6743999973e+01;-2.4873753881e+01;
1.6747999973e+01;-2.5263874747e+01;
1.6751999973e+01;-2.6437414466e+01;
1.6755999973e+01;-2.7913871953e+01;
1.6759999973e+01;-2.8607478205e+01;
1.6763999973e+01;-2.7925568921e+01;
1.6767999973e+01;-2.6374207842e+01;
1.6771999973e+01;-2.4831757792e+01;
1.6775999973e+01;-2.3651638089e+01;
1.6779999973e+01;-2.2873504691e+01;
1.6783999973e+01;-2.2920783411e+01;
1.6787999973e+01;-2.4072046278e+01;
1.6791999973e+01;-2.5377815320e+01;
1.6795999973e+01;-2.5242247235e+01;
1.6799999973e+01;-2.3225489205e+01;
1.6803999973e+01;-2.0571995046e+01;
1.6807999973e+01;-1.8787173410e+01;
1.6811999973e+01;-1.8234780130e+01;
1.6815999973e+01;-1.8361223839e+01;
1.6819999973e+01;-1.8709766525e+01;
1.6823999973e+01;-1.9109567179e+01;
1.6827999973e+01;-1.9183219039e+01;
1.6831999973e+01;-1.8728516468e+01;
1.6835999973e+01;-1.8420067790e+01;
1.6839999973e+01;-1.8803776559e+01;
1.6843999973e+01;-1.8850163088e+01;
1.6847999973e+01;-1.7091858779e+01;
1.6851999973e+01;-1.4437355608e+01;
1.6855999973e+01;-1.4414155167e+01;
1.6859999973e+01;-2.0131741082e+01;
1.6863999973e+01;-3.2176531972e+01;
1.6867999973e+01;-4.9365318494e+01;
1.6871999973e+01;-6.9858137192e+01;
1.6875999973e+01;-9.1306699195e+01;
1.6879999973e+01;-1.1145269218e+02;
1.6883999973e+01;-1.2931853333e+02;
1.6887999973e+01;-1.4518013600e+02;
1.6891999973e+01;-1.5952116483e+02;
1.6895999973e+01;-1.7297977597e+02;
1.6899999973e+01;-1.8692153358e+02;
1.6903999973e+01;-2.0284183850e+02;
1.6907999973e+01;-2.2097580170e+02;
1.6911999973e+01;-2.3995620636e+02;
1.6915999972e+01;-2.5814397240e+02;
1.6919999973e+01;-2.7516462419e+02;
1.6923999973e+01;-2.9177260533e+02;
1.6927999973e+01;-3.0845262684e+02;
1.6931999973e+01;-3.2490563138e+02;
1.6935999973e+01;-3.4085731998e+02;
1.6939999973e+01;-3.5651326912e+02;
1.6943999973e+01;-3.7190810888e+02;
1.6947999973e+01;-3.8655772388e+02;
1.6951999973e+01;-4.0028493205e+02;
1.6955999973e+01;-4.1375382893e+02;
1.6959999972e+01;-4.2775187761e+02;
1.6963999973e+01;-4.4238709942e+02;
1.6967999973e+01;-4.5716258480e+02;
1.6971999973e+01;-4.7142774258e+02;
1.6975999973e+01;-4.8446615585e+02;
1.6979999973e+01;-4.9549292391e+02;
1.6983999973e+01;-5.0427765647e+02;
1.6987999973e+01;-5.1181417758e+02;
1.6991999973e+01;-5.1968996154e+02;
1.6995999973e+01;-5.2872087030e+02;
1.6999999973e+01;-5.3866791666e+02;
1.7003999972e+01;-5.4895597712e+02;
1.7007999973e+01;-5.5889795922e+02;
1.7011999973e+01;-5.6737581044e+02;
1.7015999973e+01;-5.7329717543e+02;
1.7019999973e+01;-5.7671025203e+02;
1.7023999973e+01;-5.7885592387e+02;
1.7027999972e+01;-5.8090147879e+02;
1.7031999972e+01;-5.8312670824e+02;
1.7035999972e+01;-5.8525171026e+02;
1.7039999972e+01;-5.8676624615e+02;
1.7043999972e+01;-5.8698602526e+02;
1.7047999972e+01;-5.8546957227e+02;
1.7051999972e+01;-5.8239464632e+02;
1.7055999972e+01;-5.7815714862e+02;
1.7059999972e+01;-5.7277546649e+02;
1.7063999972e+01;-5.6627347589e+02;
1.7067999972e+01;-5.5957178372e+02;
1.7071999972e+01;-5.5422998068e+02;
1.7075999972e+01;-5.5090286616e+02;
1.7079999972e+01;-5.4845755866e+02;
1.7083999972e+01;-5.4531611450e+02;
1.7087999972e+01;-5.4129884108e+02;
1.7091999972e+01;-5.3715394979e+02;
1.7095999972e+01;-5.3299271556e+02;
1.7099999972e+01;-5.2845011588e+02;
1.7103999972e+01;-5.2351268618e+02;
1.7107999972e+01;-5.1811448364e+02;
1.7111999972e+01;-5.1185267822e+02;
1.7115999972e+01;-5.0483121680e+02;
1.7119999972e+01;-4.9798772631e+02;
1.7123999972e+01;-4.9219069156e+02;
1.7127999972e+01;-4.8761392260e+02;
1.7131999972e+01;-4.8411949773e+02;
1.7135999972e+01;-4.8158408458e+02;
1.7139999972e+01;-4.7953655796e+02;
1.7143999972e+01;-4.7681198474e+02;
1.7147999972e+01;-4.7213594456e+02;
1.7151999972e+01;-4.6557004972e+02;
1.7155999972e+01;-4.5891320864e+02;
1.7159999972e+01;-4.5378823882e+02;
1.7163999972e+01;-4.4984803370e+02;
1.7167999972e+01;-4.4561899214e+02;
1.7171999972e+01;-4.4044065927e+02;
1.7175999972e+01;-4.3498156946e+02;
1.7179999972e+01;-4.3052038737e+02;
1.7183999972e+01;-4.2842179165e+02;
1.7187999972e+01;-4.2975022665e+02;
1.7191999972e+01;-4.3419597789e+02;
1.7195999972e+01;-4.3957151594e+02;
1.7199999972e+01;-4.4350476630e+02;
1.7203999972e+01;-4.4539137476e+02;
1.7207999972e+01;-4.4599344732e+02;
1.7211999972e+01;-4.4586662572e+02;
1.7215999972e+01;-4.4516867154e+02;
1.7219999972e+01;-4.4434183064e+02;
1.7223999972e+01;-4.4360078399e+02;
1.7227999972e+01;-4.4204358386e+02;
1.7231999972e+01;-4.3842776408e+02;
1.7235999972e+01;-4.3266870831e+02;
1.7239999972e+01;-4.2595819148e+02;
1.7243999972e+01;-4.1959881114e+02;
1.7247999972e+01;-4.1412568828e+02;
1.7251999972e+01;-4.0952764541e+02;
1.7255999972e+01;-4.0571116284e+02;
1.7259999972e+01;-4.0237293386e+02;
1.7263999972e+01;-3.9897797135e+02;
1.7267999972e+01;-3.9533397187e+02;
1.7271999972e+01;-3.9186288125e+02;
1.7275999972e+01;-3.8883224591e+02;
1.7279999972e+01;-3.8564236211e+02;
1.7283999972e+01;-3.8166484507e+02;
1.7287999972e+01;-3.7729122866e+02;
1.7291999972e+01;-3.7329390340e+02;
1.7295999972e+01;-3.7012162901e+02;
1.7299999972e+01;-3.6876036868e+02;
1.7303999972e+01;-3.7077510713e+02;
1.7307999972e+01;-3.7533541002e+02;
1.7311999972e+01;-3.7667841840e+02;
1.7315999972e+01;-3.6718004427e+02;
1.7319999972e+01;-3.4378329185e+02;
1.7323999972e+01;-3.0988201843e+02;
1.7327999972e+01;-2.7118360711e+02;
1.7331999972e+01;-2.3184802064e+02;
1.7335999972e+01;-1.9391719520e+02;
1.7339999972e+01;-1.5778472300e+02;
1.7343999972e+01;-1.2284077331e+02;
1.7347999972e+01;-8.8650480457e+01;
1.7351999972e+01;-5.5480505928e+01;
1.7355999972e+01;-2.3154433959e+01;
1.7359999972e+01;1.0062285529e+01;
1.7363999972e+01;4.6135296798e+01;
1.7367999972e+01;8.5091575675e+01;
1.7371999972e+01;1.2521123483e+02;
1.7375999972e+01;1.6487704316e+02;
1.7379999972e+01;2.0340045181e+02;
1.7383999972e+01;2.4031659175e+02;
1.7387999972e+01;2.7477409782e+02;
1.7391999972e+01;3.0611283930e+02;
1.7395999972e+01;3.3455398785e+02;
1.7399999972e+01;3.6062810029e+02;
1.7403999972e+01;3.8432908539e+02;
1.7407999972e+01;4.0545735251e+02;
1.7411999972e+01;4.2389232490e+02;
1.7415999972e+01;4.3882544957e+02;
1.7419999972e+01;4.4895209202e+02;
1.7423999972e+01;4.5435018177e+02;
1.7427999972e+01;4.5708569519e+02;
1.7431999972e+01;4.5890365785e+02;
1.7435999972e+01;4.5925688664e+02;
1.7439999972e+01;4.5649903727e+02;
1.7443999972e+01;4.5041499979e+02;
1.7447999972e+01;4.4309779270e+02;
1.7451999972e+01;4.3736177333e+02;
1.7455999972e+01;4.3461394167e+02;
1.7459999972e+01;4.3448860579e+02;
1.7463999972e+01;4.3568852880e+02;
1.7467999972e+01;4.3657385811e+02;
1.7471999972e+01;4.3577577279e+02;
1.7475999972e+01;4.3298982219e+02;
1.7479999972e+01;4.2903840461e+02;
1.7483999972e+01;4.2508490043e+02;
1.7487999972e+01;4.2204151217e+02;
1.7491999972e+01;4.2047738393e+02;
1.7495999972e+01;4.2033386556e+02;
1.7499999972e+01;4.2073533524e+02;
1.7503999972e+01;4.2065943150e+02;
1.7507999972e+01;4.1985816739e+02;
1.7511999972e+01;4.1900332264e+02;
1.7515999972e+01;4.1882096692e+02;
1.7519999972e+01;4.1902162846e+02;
1.7523999972e+01;4.1850188479e+02;
1.7527999972e+01;4.1683409543e+02;
1.7531999972e+01;4.1493876876e+02;
1.7535999972e+01;4.1372426654e+02;
1.7539999972e+01;4.1273983992e+02;
1.7543999972e+01;4.1107411581e+02;
1.7547999972e+01;4.0876287160e+02;
1.7551999972e+01;4.0644372424e+02;
1.7555999971e+01;4.0459271417e+02;
1.7559999972e+01;4.0352535695e+02;
1.7563999972e+01;4.0330573259e+02;
1.7567999972e+01;4.0347108806e+02;
1.7571999972e+01;4.0319118261e+02;
1.7575999971e+01;4.0199739631e+02;
1.7579999972e+01;4.0042243653e+02;
1.7583999972e+01;3.9933932605e+02;
1.7587999972e+01;3.9861979187e+02;
1.7591999972e+01;3.9741175441e+02;
1.7595999971e+01;3.9556896997e+02;
1.7599999971e+01;3.9375148566e+02;
1.7603999972e+01;3.9246739854e+02;
1.7607999972e+01;3.9182598220e+02;
1.7611999972e+01;3.9185308599e+02;
1.7615999972e+01;3.9227407551e+02;
1.7619999971e+01;3.9222039644e+02;
1.7623999972e+01;3.9096545537e+02;
1.7627999972e+01;3.8881300825e+02;
1.7631999972e+01;3.8658919695e+02;
1.7635999972e+01;3.8444108273e+02;
1.7639999971e+01;3.8194214280e+02;
1.7643999971e+01;3.7923620575e+02;
1.7647999972e+01;3.7699243121e+02;
1.7651999972e+01;3.7533658341e+02;
1.7655999972e+01;3.7398339511e+02;
1.7659999972e+01;3.7339343040e+02;
1.7663999971e+01;3.7449386396e+02;
1.7667999971e+01;3.7696307671e+02;
1.7671999971e+01;3.7906431733e+02;
1.7675999971e+01;3.7946863369e+02;
1.7679999971e+01;3.7816293021e+02;
1.7683999971e+01;3.7563223918e+02;
1.7687999971e+01;3.7230320504e+02;
1.7691999971e+01;3.6895096835e+02;
1.7695999971e+01;3.6680043226e+02;
1.7699999971e+01;3.6656126519e+02;
1.7703999971e+01;3.6744658999e+02;
1.7707999971e+01;3.6774772868e+02;
1.7711999971e+01;3.6657616839e+02;
1.7715999971e+01;3.6460891525e+02;
1.7719999971e+01;3.6311025821e+02;
1.7723999971e+01;3.6276097321e+02;
1.7727999971e+01;3.6341699151e+02;
1.7731999971e+01;3.6441436810e+02;
1.7735999971e+01;3.6495775399e+02;
1.7739999971e+01;3.6463122879e+02;
1.7743999971e+01;3.6376297213e+02;
1.7747999971e+01;3.6305484467e+02;
1.7751999971e+01;3.6270043383e+02;
1.7755999971e+01;3.6224329993e+02;
1.7759999971e+01;3.6136301999e+02;
1.7763999971e+01;3.6011126663e+02;
1.7767999971e+01;3.5839596305e+02;
1.7771999971e+01;3.5603551258e+02;
1.7775999971e+01;3.5347118239e+02;
1.7779999971e+01;3.5172490749e+02;
1.7783999971e+01;3.5108409588e+02;
1.7787999971e+01;3.5040331386e+02;
1.7791999971e+01;3.4855748771e+02;
1.7795999971e+01;3.4615439363e+02;
1.7799999971e+01;3.4480890021e+02;
1.7803999971e+01;3.4482255984e+02;
1.7807999971e+01;3.4462333611e+02;
1.7811999971e+01;3.4280782334e+02;
1.7815999971e+01;3.3979782237e+02;
1.7819999971e+01;3.3691038943e+02;
1.7823999971e+01;3.3479480764e+02;
1.7827999971e+01;3.3363812875e+02;
1.7831999971e+01;3.3384956649e+02;
1.7835999971e+01;3.3555474068e+02;
1.7839999971e+01;3.3816041331e+02;
1.7843999971e+01;3.4064333257e+02;
1.7847999971e+01;3.4137983887e+02;
1.7851999971e+01;3.3816339305e+02;
1.7855999971e+01;3.2982512309e+02;
1.7859999971e+01;3.1825098448e+02;
1.7863999971e+01;3.0820168045e+02;
1.7867999971e+01;3.0408192776e+02;
1.7871999971e+01;3.0633165598e+02;
1.7875999971e+01;3.1148254626e+02;
1.7879999971e+01;3.1565543895e+02;
1.7883999971e+01;3.1709820741e+02;
1.7887999971e+01;3.1599739717e+02;
1.7891999971e+01;3.1352546144e+02;
1.7895999971e+01;3.1120591321e+02;
1.7899999971e+01;3.1011694629e+02;
1.7903999971e+01;3.1008193206e+02;
1.7907999971e+01;3.0992663702e+02;
1.7911999971e+01;3.0890181010e+02;
1.7915999971e+01;3.0739525391e+02;
1.7919999971e+01;3.0598307756e+02;
1.7923999971e+01;3.0470268514e+02;
1.7927999971e+01;3.0367927440e+02;
1.7931999971e+01;3.0344418127e+02;
1.7935999971e+01;3.0392308155e+02;
1.7939999971e+01;3.0393891917e+02;
1.7943999971e+01;3.0260883326e+02;
1.7947999971e+01;3.0044129511e+02;
1.7951999971e+01;2.9819617917e+02;
1.7955999971e+01;2.9566768148e+02;
1.7959999971e+01;2.9263175590e+02;
1.7963999971e+01;2.9002854921e+02;
1.7967999971e+01;2.8894968727e+02;
1.7971999971e+01;2.8921048614e+02;
1.7975999971e+01;2.9003472909e+02;
1.7979999971e+01;2.9119125699e+02;
1.7983999971e+01;2.9223207255e+02;
1.7987999971e+01;2.9168015188e+02;
1.7991999971e+01;2.8856606518e+02;
1.7995999971e+01;2.8423172905e+02;
1.7999999971e+01;2.8123198822e+02;
1.8003999971e+01;2.8063781691e+02;
1.8007999971e+01;2.8138859269e+02;
1.8011999971e+01;2.8197119521e+02;
1.8015999971e+01;2.8177381487e+02;
1.8019999971e+01;2.8091150948e+02;
1.8023999971e+01;2.7960369511e+02;
1.8027999971e+01;2.7817723228e+02;
1.8031999971e+01;2.7726426596e+02;
1.8035999971e+01;2.7720852016e+02;
1.8039999971e+01;2.7726911647e+02;
1.8043999971e+01;2.7633005340e+02;
1.8047999971e+01;2.7427019839e+02;
1.8051999971e+01;2.7169813059e+02;
1.8055999971e+01;2.6918824842e+02;
1.8059999971e+01;2.6756030301e+02;
1.8063999971e+01;2.6756178135e+02;
1.8067999971e+01;2.6870153013e+02;
1.8071999971e+01;2.6944315729e+02;
1.8075999971e+01;2.6890790415e+02;
1.8079999971e+01;2.6775022010e+02;
1.8083999971e+01;2.6697520143e+02;
1.8087999971e+01;2.6648083973e+02;
1.8091999971e+01;2.6553715546e+02;
1.8095999971e+01;2.6427276478e+02;
1.8099999971e+01;2.6349709464e+02;
1.8103999971e+01;2.6311707993e+02;
1.8107999971e+01;2.6209850812e+02;
1.8111999971e+01;2.6018258339e+02;
1.8115999971e+01;2.5835727339e+02;
1.8119999971e+01;2.5733697402e+02;
1.8123999971e+01;2.5658607803e+02;
1.8127999971e+01;2.5522575861e+02;
1.8131999971e+01;2.5323391963e+02;
1.8135999971e+01;2.5124350706e+02;
1.8139999971e+01;2.4950123635e+02;
1.8143999971e+01;2.4773260091e+02;
1.8147999971e+01;2.4601903948e+02;
1.8151999971e+01;2.4493295951e+02;
1.8155999971e+01;2.4454951016e+02;
1.8159999971e+01;2.4417025224e+02;
1.8163999971e+01;2.4332563446e+02;
1.8167999971e+01;2.4221141861e+02;
1.8171999971e+01;2.4098320465e+02;
1.8175999971e+01;2.3960172623e+02;
1.8179999971e+01;2.3829174598e+02;
1.8183999971e+01;2.3727128422e+02;
1.8187999971e+01;2.3633947786e+02;
1.8191999970e+01;2.3524683032e+02;
1.8195999970e+01;2.3413689714e+02;
1.8199999971e+01;2.3331421404e+02;
1.8203999971e+01;2.3272313657e+02;
1.8207999971e+01;2.3207223729e+02;
1.8211999970e+01;2.3156155713e+02;
1.8215999970e+01;2.3163841337e+02;
1.8219999971e+01;2.3165049173e+02;
1.8223999971e+01;2.3012836487e+02;
1.8227999971e+01;2.2707946502e+02;
1.8231999971e+01;2.2448330661e+02;
1.8235999970e+01;2.2374203580e+02;
1.8239999970e+01;2.2391300331e+02;
1.8243999971e+01;2.2334406799e+02;
1.8247999971e+01;2.2197723970e+02;
1.8251999971e+01;2.2088991904e+02;
1.8255999970e+01;2.2052071631e+02;
1.8259999970e+01;2.2052354856e+02;
1.8263999971e+01;2.2064109177e+02;
1.8267999971e+01;2.2075940632e+02;
1.8271999971e+01;2.2037787040e+02;
1.8275999971e+01;2.1883926248e+02;
1.8279999970e+01;2.1629123390e+02;
1.8283999970e+01;2.1385498518e+02;
1.8287999971e+01;2.1258329678e+02;
1.8291999971e+01;2.1243625818e+02;
1.8295999971e+01;2.1236196831e+02;
1.8299999970e+01;2.1132492589e+02;
1.8303999970e+01;2.0906689792e+02;
1.8307999970e+01;2.0615451849e+02;
1.8311999970e+01;2.0376185720e+02;
1.8315999970e+01;2.0302661159e+02;
1.8319999970e+01;2.0411366060e+02;
1.8323999970e+01;2.0601605475e+02;
1.8327999970e+01;2.0750397754e+02;
1.8331999970e+01;2.0806341736e+02;
1.8335999970e+01;2.0759390786e+02;
1.8339999970e+01;2.0592956121e+02;
1.8343999970e+01;2.0342245639e+02;
1.8347999970e+01;2.0116806532e+02;
1.8351999970e+01;1.9993586009e+02;
1.8355999970e+01;1.9936502571e+02;
1.8359999970e+01;1.9862999350e+02;
1.8363999970e+01;1.9755849752e+02;
1.8367999970e+01;1.9648452772e+02;
1.8371999970e+01;1.9536708096e+02;
1.8375999970e+01;1.9403660549e+02;
1.8379999970e+01;1.9297986795e+02;
1.8383999970e+01;1.9277346148e+02;
1.8387999970e+01;1.9293238908e+02;
1.8391999970e+01;1.9240732362e+02;
1.8395999970e+01;1.9128517202e+02;
1.8399999970e+01;1.9096211160e+02;
1.8403999970e+01;1.9224514383e+02;
1.8407999970e+01;1.9415625968e+02;
1.8411999970e+01;1.9507589029e+02;
1.8415999970e+01;1.9445644385e+02;
1.8419999970e+01;1.9317511399e+02;
1.8423999970e+01;1.9241291117e+02;
1.8427999970e+01;1.9229077230e+02;
1.8431999970e+01;1.9183659533e+02;
1.8435999970e+01;1.9002413632e+02;
1.8439999970e+01;1.8654334369e+02;
1.8443999970e+01;1.8216666356e+02;
1.8447999970e+01;1.7848619789e+02;
1.8451999970e+01;1.7666323566e+02;
1.8455999970e+01;1.7649668806e+02;
1.8459999970e+01;1.7680011284e+02;
1.8463999970e+01;1.7641150225e+02;
1.8467999970e+01;1.7508860715e+02;
1.8471999970e+01;1.7353755651e+02;
1.8475999970e+01;1.7256335899e+02;
1.8479999970e+01;1.7248844860e+02;
1.8483999970e+01;1.7308832035e+02;
1.8487999970e+01;1.7367724100e+02;
1.8491999970e+01;1.7367239214e+02;
1.8495999970e+01;1.7333210958e+02;
1.8499999970e+01;1.7327491451e+02;
1.8503999970e+01;1.7324635502e+02;
1.8507999970e+01;1.7240487474e+02;
1.8511999970e+01;1.7073443372e+02;
1.8515999970e+01;1.6915025772e+02;
1.8519999970e+01;1.6817837607e+02;
1.8523999970e+01;1.6731243915e+02;
1.8527999970e+01;1.6607212101e+02;
1.8531999970e+01;1.6491467904e+02;
1.8535999970e+01;1.6422392202e+02;
1.8539999970e+01;1.6326313566e+02;
1.8543999970e+01;1.6135638032e+02;
1.8547999970e+01;1.5937696271e+02;
1.8551999970e+01;1.5874784767e+02;
1.8555999970e+01;1.5947241705e+02;
1.8559999970e+01;1.6026278061e+02;
1.8563999970e+01;1.6004203104e+02;
1.8567999970e+01;1.5845036872e+02;
1.8571999970e+01;1.5555882669e+02;
1.8575999970e+01;1.5200660266e+02;
1.8579999970e+01;1.4920147596e+02;
1.8583999970e+01;1.4846987604e+02;
1.8587999970e+01;1.4960091717e+02;
1.8591999970e+01;1.5085695968e+02;
1.8595999970e+01;1.5086334440e+02;
1.8599999970e+01;1.4985652662e+02;
1.8603999970e+01;1.4860561474e+02;
1.8607999970e+01;1.4704723833e+02;
1.8611999970e+01;1.4502875384e+02;
1.8615999970e+01;1.4345472650e+02;
1.8619999970e+01;1.4329164976e+02;
1.8623999970e+01;1.4425368644e+02;
1.8627999970e+01;1.4549581016e+02;
1.8631999970e+01;1.4658691730e+02;
1.8635999970e+01;1.4728586225e+02;
1.8639999970e+01;1.4741424713e+02;
1.8643999970e+01;1.4723419170e+02;
1.8647999970e+01;1.4730162755e+02;
1.8651999970e+01;1.4758085778e+02;
1.8655999970e+01;1.4707222645e+02;
1.8659999970e+01;1.4501646731e+02;
1.8663999970e+01;1.4209668153e+02;
1.8667999970e+01;1.3967853640e+02;
1.8671999970e+01;1.3837235831e+02;
1.8675999970e+01;1.3789733197e+02;
1.8679999970e+01;1.3782314088e+02;
1.8683999970e+01;1.3789386822e+02;
1.8687999970e+01;1.3781340660e+02;
1.8691999970e+01;1.3726837546e+02;
1.8695999970e+01;1.3632869447e+02;
1.8699999970e+01;1.3556297741e+02;
1.8703999970e+01;1.3543575865e+02;
1.8707999970e+01;1.3564040131e+02;
1.8711999970e+01;1.3555409142e+02;
1.8715999970e+01;1.3512345116e+02;
1.8719999970e+01;1.3459572654e+02;
1.8723999970e+01;1.3389754203e+02;
1.8727999970e+01;1.3297974842e+02;
1.8731999970e+01;1.3216335524e+02;
1.8735999970e+01;1.3157159648e+02;
1.8739999970e+01;1.3087666150e+02;
1.8743999970e+01;1.3016788391e+02;
1.8747999970e+01;1.3038073610e+02;
1.8751999970e+01;1.3211731167e+02;
1.8755999970e+01;1.3446251649e+02;
1.8759999970e+01;1.3574618443e+02;
1.8763999970e+01;1.3524266733e+02;
1.8767999970e+01;1.3339725437e+02;
1.8771999970e+01;1.3078273512e+02;
1.8775999970e+01;1.2787609650e+02;
1.8779999970e+01;1.2565260935e+02;
1.8783999970e+01;1.2511457452e+02;
1.8787999970e+01;1.2594854679e+02;
1.8791999970e+01;1.2660024359e+02;
1.8795999970e+01;1.2592749856e+02;
1.8799999970e+01;1.2413144547e+02;
1.8803999970e+01;1.2206251995e+02;
1.8807999970e+01;1.2032548036e+02;
1.8811999970e+01;1.1916173708e+02;
1.8815999970e+01;1.1844839795e+02;
1.8819999970e+01;1.1753635525e+02;
1.8823999970e+01;1.1568563852e+02;
1.8827999969e+01;1.1297426220e+02;
1.8831999969e+01;1.1044990509e+02;
1.8835999969e+01;1.0909739188e+02;
1.8839999970e+01;1.0902355035e+02;
1.8843999970e+01;1.1000187550e+02;
1.8847999969e+01;1.1200991324e+02;
1.8851999969e+01;1.1456929832e+02;
1.8855999969e+01;1.1643161972e+02;
1.8859999970e+01;1.1659273539e+02;
1.8863999970e+01;1.1495586717e+02;
1.8867999970e+01;1.1178510384e+02;
1.8871999969e+01;1.0740500619e+02;
1.8875999969e+01;1.0293462038e+02;
1.8879999969e+01;1.0055159154e+02;
1.8883999970e+01;1.0176901768e+02;
1.8887999970e+01;1.0532500524e+02;
1.8891999969e+01;1.0780012327e+02;
1.8895999969e+01;1.0674983560e+02;
1.8899999969e+01;1.0263873301e+02;
1.8903999970e+01;9.7654336043e+01;
1.8907999970e+01;9.3701264055e+01;
1.8911999970e+01;9.1855584191e+01;
1.8915999969e+01;9.2476300808e+01;
1.8919999969e+01;9.4790455176e+01;
1.8923999969e+01;9.6893705256e+01;
1.8927999970e+01;9.7285093289e+01;
1.8931999970e+01;9.6396866065e+01;
1.8935999969e+01;9.5729481800e+01;
1.8939999969e+01;9.5635462089e+01;
1.8943999969e+01;9.5067445947e+01;
1.8947999969e+01;9.3411072705e+01;
1.8951999969e+01;9.1271694502e+01;
1.8955999969e+01;8.9445441343e+01;
1.8959999969e+01;8.8415747929e+01;
1.8963999969e+01;8.8754144756e+01;
1.8967999969e+01;9.0669314034e+01;
1.8971999969e+01;9.3061362701e+01;
1.8975999969e+01;9.4056379432e+01;
1.8979999969e+01;9.2911944922e+01;
1.8983999969e+01;9.0739609351e+01;
1.8987999969e+01;8.8933468387e+01;
1.8991999969e+01;8.7633806005e+01;
1.8995999969e+01;8.6213671137e+01;
1.8999999969e+01;8.4480178555e+01;
1.9003999969e+01;8.2740364160e+01;
1.9007999969e+01;8.1375285283e+01;
1.9011999969e+01;8.0875503119e+01;
1.9015999969e+01;8.1519177020e+01;
1.9019999969e+01;8.2690170137e+01;
1.9023999969e+01;8.3139973750e+01;
1.9027999969e+01;8.2226182757e+01;
1.9031999969e+01;8.0660238020e+01;
1.9035999969e+01;7.9463264167e+01;
1.9039999969e+01;7.8291961780e+01;
1.9043999969e+01;7.5950419713e+01;
1.9047999969e+01;7.2495077506e+01;
1.9051999969e+01;6.9409504745e+01;
1.9055999969e+01;6.7778244825e+01;
1.9059999969e+01;6.7545957660e+01;
1.9063999969e+01;6.8348486548e+01;
1.9067999969e+01;6.9871467149e+01;
1.9071999969e+01;7.1550750894e+01;
1.9075999969e+01;7.2887471091e+01;
1.9079999969e+01;7.3807137987e+01;
1.9083999969e+01;7.4222172875e+01;
1.9087999969e+01;7.3762939036e+01;
1.9091999969e+01;7.2208571989e+01;
1.9095999969e+01;6.9921819001e+01;
1.9099999969e+01;6.7762268247e+01;
1.9103999969e+01;6.6521450961e+01;
1.9107999969e+01;6.6375713076e+01;
1.9111999969e+01;6.6934946207e+01;
1.9115999969e+01;6.7777541207e+01;
1.9119999969e+01;6.8492219031e+01;
1.9123999969e+01;6.8243673410e+01;
1.9127999969e+01;6.6357425824e+01;
1.9131999969e+01;6.3314411009e+01;
1.9135999969e+01;6.0177757045e+01;
1.9139999969e+01;5.7951649852e+01;
1.9143999969e+01;5.8523643067e+01;
1.9147999969e+01;6.4690004136e+01;
1.9151999969e+01;7.8058910817e+01;
1.9155999969e+01;9.7664811812e+01;
1.9159999969e+01;1.2092544208e+02;
1.9163999969e+01;1.4550700945e+02;
1.9167999969e+01;1.7017866153e+02;
1.9171999969e+01;1.9421574976e+02;
1.9175999969e+01;2.1696602722e+02;
1.9179999969e+01;2.3868737231e+02;
1.9183999969e+01;2.6087787118e+02;
1.9187999969e+01;2.8475174506e+02;
1.9191999969e+01;3.0986746041e+02;
1.9195999969e+01;3.3459146338e+02;
1.9199999969e+01;3.5731551905e+02;
1.9203999969e+01;3.7723752011e+02;
1.9207999969e+01;3.9459679490e+02;
1.9211999969e+01;4.1065360634e+02;
1.9215999969e+01;4.2727353347e+02;
1.9219999969e+01;4.4562927000e+02;
1.9223999969e+01;4.6513566020e+02;
1.9227999969e+01;4.8418963778e+02;
1.9231999969e+01;5.0168886575e+02;
1.9235999969e+01;5.1716876679e+02;
1.9239999969e+01;5.2990107884e+02;
1.9243999969e+01;5.3918018373e+02;
1.9247999969e+01;5.4561176407e+02;
1.9251999969e+01;5.5095967709e+02;
1.9255999969e+01;5.5657889109e+02;
1.9259999969e+01;5.6277221165e+02;
1.9263999969e+01;5.6936316516e+02;
1.9267999969e+01;5.7586170858e+02;
1.9271999969e+01;5.8123287927e+02;
1.9275999969e+01;5.8450265701e+02;
1.9279999969e+01;5.8575809031e+02;
1.9283999969e+01;5.8616463315e+02;
1.9287999969e+01;5.8688022525e+02;
1.9291999969e+01;5.8809866724e+02;
1.9295999969e+01;5.8942726040e+02;
1.9299999969e+01;5.9080376298e+02;
1.9303999969e+01;5.9225261314e+02;
1.9307999969e+01;5.9321461667e+02;
1.9311999969e+01;5.9322352697e+02;
1.9315999969e+01;5.9292801436e+02;
1.9319999969e+01;5.9324207687e+02;
1.9323999969e+01;5.9382348267e+02;
1.9327999969e+01;5.9376173478e+02;
1.9331999969e+01;5.9308628012e+02;
1.9335999969e+01;5.9219015072e+02;
1.9339999969e+01;5.9068073597e+02;
1.9343999969e+01;5.8795979683e+02;
1.9347999969e+01;5.8441200758e+02;
1.9351999969e+01;5.8130267383e+02;
1.9355999969e+01;5.7950640141e+02;
1.9359999969e+01;5.7881735801e+02;
1.9363999969e+01;5.7852678659e+02;
1.9367999969e+01;5.7785343693e+02;
1.9371999969e+01;5.7588467308e+02;
1.9375999969e+01;5.7224604825e+02;
1.9379999969e+01;5.6779010834e+02;
1.9383999969e+01;5.6361069308e+02;
1.9387999969e+01;5.5943940921e+02;
1.9391999969e+01;5.5397783053e+02;
1.9395999969e+01;5.4686965086e+02;
1.9399999969e+01;5.3942569744e+02;
1.9403999969e+01;5.3316885753e+02;
1.9407999969e+01;5.2820512114e+02;
1.9411999969e+01;5.2337378985e+02;
1.9415999969e+01;5.1789900499e+02;
1.9419999969e+01;5.1226621315e+02;
1.9423999969e+01;5.0716003346e+02;
1.9427999969e+01;5.0239397111e+02;
1.9431999969e+01;4.9750827823e+02;
1.9435999969e+01;4.9262629999e+02;
1.9439999969e+01;4.8809349250e+02;
1.9443999969e+01;4.8394563068e+02;
1.9447999969e+01;4.8016394807e+02;
1.9451999969e+01;4.7680746709e+02;
1.9455999969e+01;4.7354830159e+02;
1.9459999969e+01;4.6956049850e+02;
1.9463999968e+01;4.6430573935e+02;
1.9467999968e+01;4.5825620891e+02;
1.9471999968e+01;4.5240452468e+02;
1.9475999968e+01;4.4726963527e+02;
1.9479999969e+01;4.4288338932e+02;
1.9483999969e+01;4.3927730840e+02;
1.9487999968e+01;4.3616914964e+02;
1.9491999968e+01;4.3261271332e+02;
1.9495999968e+01;4.2791983713e+02;
1.9499999969e+01;4.2269789439e+02;
1.9503999969e+01;4.1812813143e+02;
1.9507999968e+01;4.1439285592e+02;
1.9511999968e+01;4.1070908160e+02;
1.9515999968e+01;4.0683287939e+02;
1.9519999968e+01;4.0342965888e+02;
1.9523999969e+01;4.0067570650e+02;
1.9527999969e+01;3.9762712698e+02;
1.9531999968e+01;3.9347715866e+02;
1.9535999968e+01;3.8842069982e+02;
1.9539999968e+01;3.8301549083e+02;
1.9543999969e+01;3.7773212393e+02;
1.9547999969e+01;3.7352418632e+02;
1.9551999968e+01;3.7209154922e+02;
1.9555999968e+01;3.7447416088e+02;
1.9559999968e+01;3.7893904797e+02;
1.9563999968e+01;3.8088242636e+02;
1.9567999969e+01;3.7522983128e+02;
1.9571999968e+01;3.5880698476e+02;
1.9575999968e+01;3.3131470469e+02;
1.9579999968e+01;2.9541239962e+02;
1.9583999968e+01;2.5570508103e+02;
1.9587999968e+01;2.1645406010e+02;
1.9591999968e+01;1.7941508264e+02;
1.9595999968e+01;1.4372803544e+02;
1.9599999968e+01;1.0785416176e+02;
1.9603999968e+01;7.1036723368e+01;
1.9607999968e+01;3.2926081446e+01;
1.9611999968e+01;-6.7294848519e+00;
1.9615999968e+01;-4.7245445701e+01;
1.9619999968e+01;-8.6888360853e+01;
1.9623999968e+01;-1.2430188679e+02;
1.9627999968e+01;-1.5946313888e+02;
1.9631999968e+01;-1.9304325266e+02;
1.9635999968e+01;-2.2559244151e+02;
1.9639999968e+01;-2.5750948067e+02;
1.9643999968e+01;-2.8890667800e+02;
1.9647999968e+01;-3.1884777119e+02;
1.9651999968e+01;-3.4507645883e+02;
1.9655999968e+01;-3.6509329263e+02;
1.9659999968e+01;-3.7747886699e+02;
1.9663999968e+01;-3.8241338010e+02;
1.9667999968e+01;-3.8188222544e+02;
1.9671999968e+01;-3.7942201201e+02;
1.9675999968e+01;-3.7848367447e+02;
1.9679999968e+01;-3.8023724024e+02;
1.9683999968e+01;-3.8307289389e+02;
1.9687999968e+01;-3.8448941655e+02;
1.9691999968e+01;-3.8328979896e+02;
1.9695999968e+01;-3.7994845137e+02;
1.9699999968e+01;-3.7566782946e+02;
1.9703999968e+01;-3.7178726035e+02;
1.9707999968e+01;-3.6964623817e+02;
1.9711999968e+01;-3.7000174303e+02;
1.9715999968e+01;-3.7225251157e+02;
1.9719999968e+01;-3.7466865244e+02;
1.9723999968e+01;-3.7575367948e+02;
1.9727999968e+01;-3.7527292826e+02;
1.9731999968e+01;-3.7384274287e+02;
1.9735999968e+01;-3.7198477812e+02;
1.9739999968e+01;-3.6998208465e+02;
1.9743999968e+01;-3.6810008054e+02;
1.9747999968e+01;-3.6641557501e+02;
1.9751999968e+01;-3.6495373929e+02;
1.9755999968e+01;-3.6429023019e+02;
1.9759999968e+01;-3.6520576966e+02;
1.9763999968e+01;-3.6730212527e+02;
1.9767999968e+01;-3.6871995827e+02;
1.9771999968e+01;-3.6780072664e+02;
1.9775999968e+01;-3.6467555588e+02;
1.9779999968e+01;-3.6090624958e+02;
1.9783999968e+01;-3.5786682234e+02;
1.9787999968e+01;-3.5579179890e+02;
1.9791999968e+01;-3.5418676913e+02;
1.9795999968e+01;-3.5263755610e+02;
1.9799999968e+01;-3.5102867871e+02;
1.9803999968e+01;-3.4953388791e+02;
1.9807999968e+01;-3.4869888749e+02;
1.9811999968e+01;-3.4894715577e+02;
1.9815999968e+01;-3.4983815340e+02;
1.9819999968e+01;-3.5030530604e+02;
1.9823999968e+01;-3.4964442030e+02;
1.9827999968e+01;-3.4783218907e+02;
1.9831999968e+01;-3.4499531938e+02;
1.9835999968e+01;-3.4140917534e+02;
1.9839999968e+01;-3.3821602137e+02;
1.9843999968e+01;-3.3700087045e+02;
1.9847999968e+01;-3.3801822984e+02;
1.9851999968e+01;-3.3973222601e+02;
1.9855999968e+01;-3.4046486637e+02;
1.9859999968e+01;-3.3975090938e+02;
1.9863999968e+01;-3.3798210886e+02;
1.9867999968e+01;-3.3555056747e+02;
1.9871999968e+01;-3.3296545553e+02;
1.9875999968e+01;-3.3136081729e+02;
1.9879999968e+01;-3.3170073618e+02;
1.9883999968e+01;-3.3314113160e+02;
1.9887999968e+01;-3.3342489630e+02;
1.9891999968e+01;-3.3147803354e+02;
1.9895999968e+01;-3.2833832323e+02;
1.9899999968e+01;-3.2535993039e+02;
1.9903999968e+01;-3.2288553469e+02;
1.9907999968e+01;-3.2073169722e+02;
1.9911999968e+01;-3.1885449221e+02;
1.9915999968e+01;-3.1717081031e+02;
1.9919999968e+01;-3.1543429790e+02;
1.9923999968e+01;-3.1385138204e+02;
1.9927999968e+01;-3.1320121963e+02;
1.9931999968e+01;-3.1380560394e+02;
1.9935999968e+01;-3.1505079835e+02;
1.9939999968e+01;-3.1621567859e+02;
1.9943999968e+01;-3.1695596425e+02;
1.9947999968e+01;-3.1694394490e+02;
1.9951999968e+01;-3.1599963445e+02;
1.9955999968e+01;-3.1451463088e+02;
1.9959999968e+01;-3.1267526078e+02;
1.9963999968e+01;-3.0946715171e+02;
1.9967999968e+01;-3.0405416277e+02;
1.9971999968e+01;-2.9811581583e+02;
1.9975999968e+01;-2.9502635263e+02;
1.9979999968e+01;-2.9645658173e+02;
1.9983999968e+01;-3.0087591043e+02;
1.9987999968e+01;-3.0542928195e+02;
1.9991999968e+01;-3.0836689339e+02;
1.9995999968e+01;-3.0945658878e+02;
1.9999999968e+01;-3.0900122759e+02;
2.0003999968e+01;-3.0728809621e+02;
2.0007999968e+01;-3.0487350798e+02;
2.0011999968e+01;-3.0260978981e+02;
2.0015999968e+01;-3.0093188206e+02;
2.0019999968e+01;-2.9965592913e+02;
2.0023999968e+01;-2.9872075519e+02;
2.0027999968e+01;-2.9842125006e+02;
2.0031999968e+01;-2.9855772102e+02;
2.0035999968e+01;-2.9798101414e+02;
2.0039999968e+01;-2.9579525593e+02;
2.0043999968e+01;-2.9271433692e+02;
2.0047999968e+01;-2.9030832602e+02;
2.0051999968e+01;-2.8924048782e+02;
2.0055999968e+01;-2.8918107300e+02;
2.0059999968e+01;-2.8999315029e+02;
2.0063999968e+01;-2.9161893314e+02;
2.0067999968e+01;-2.9286547652e+02;
2.0071999968e+01;-2.9196228292e+02;
2.0075999968e+01;-2.8873979886e+02;
2.0079999968e+01;-2.8500186810e+02;
2.0083999968e+01;-2.8250667421e+02;
2.0087999968e+01;-2.8162975125e+02;
2.0091999968e+01;-2.8200981777e+02;
2.0095999968e+01;-2.8327732984e+02;
2.0099999967e+01;-2.8475825807e+02;
2.0103999967e+01;-2.8536285017e+02;
2.0107999967e+01;-2.8446197611e+02;
2.0111999967e+01;-2.8247803572e+02;
2.0115999967e+01;-2.8015906395e+02;
2.0119999968e+01;-2.7791405979e+02;
2.0123999967e+01;-2.7633704000e+02;
2.0127999967e+01;-2.7630345585e+02;
2.0131999967e+01;-2.7771889913e+02;
2.0135999967e+01;-2.7913621162e+02;
2.0139999968e+01;-2.7931649054e+02;
2.0143999967e+01;-2.7837092066e+02;
2.0147999967e+01;-2.7693383878e+02;
2.0151999967e+01;-2.7506062316e+02;
2.0155999967e+01;-2.7264697012e+02;
2.0159999967e+01;-2.7035419564e+02;
2.0163999968e+01;-2.6923206672e+02;
2.0167999967e+01;-2.6965940127e+02;
2.0171999967e+01;-2.7117469236e+02;
2.0175999967e+01;-2.7300324396e+02;
2.0179999967e+01;-2.7433875959e+02;
2.0183999968e+01;-2.7441200293e+02;
2.0187999967e+01;-2.7287674715e+02;
2.0191999967e+01;-2.7025006373e+02;
2.0195999967e+01;-2.6751095392e+02;
2.0199999967e+01;-2.6511785800e+02;
2.0203999967e+01;-2.6295612207e+02;
2.0207999968e+01;-2.6121074971e+02;
2.0211999967e+01;-2.6035032072e+02;
2.0215999967e+01;-2.6019554844e+02;
2.0219999967e+01;-2.5996982513e+02;
2.0223999967e+01;-2.5937441337e+02;
2.0227999967e+01;-2.5872281858e+02;
2.0231999967e+01;-2.5786187940e+02;
2.0235999967e+01;-2.5605237923e+02;
2.0239999967e+01;-2.5330580673e+02;
2.0243999967e+01;-2.5075286581e+02;
2.0247999967e+01;-2.4936182998e+02;
2.0251999967e+01;-2.4926252938e+02;
2.0255999967e+01;-2.5041253779e+02;
2.0259999967e+01;-2.5279474855e+02;
2.0263999967e+01;-2.5549634726e+02;
2.0267999967e+01;-2.5652816447e+02;
2.0271999967e+01;-2.5445337933e+02;
2.0275999967e+01;-2.4991518838e+02;
2.0279999967e+01;-2.4502800074e+02;
2.0283999967e+01;-2.4137036255e+02;
2.0287999967e+01;-2.3905697723e+02;
2.0291999967e+01;-2.3786717364e+02;
2.0295999967e+01;-2.3811681260e+02;
2.0299999967e+01;-2.3963996824e+02;
2.0303999967e+01;-2.4126672699e+02;
2.0307999967e+01;-2.4206946782e+02;
2.0311999967e+01;-2.4206333633e+02;
2.0315999967e+01;-2.4152535895e+02;
2.0319999967e+01;-2.4048744709e+02;
2.0323999967e+01;-2.3906567197e+02;
2.0327999967e+01;-2.3766102665e+02;
2.0331999967e+01;-2.3636138550e+02;
2.0335999967e+01;-2.3470173837e+02;
2.0339999967e+01;-2.3254012743e+02;
2.0343999967e+01;-2.3059416999e+02;
2.0347999967e+01;-2.2965533261e+02;
2.0351999967e+01;-2.2964484670e+02;
2.0355999967e+01;-2.2992179903e+02;
2.0359999967e+01;-2.3017507614e+02;
2.0363999967e+01;-2.3027880316e+02;
2.0367999967e+01;-2.2988252175e+02;
2.0371999967e+01;-2.2904452051e+02;
2.0375999967e+01;-2.2857298832e+02;
2.0379999967e+01;-2.2900443446e+02;
2.0383999967e+01;-2.2975295166e+02;
2.0387999967e+01;-2.2987323044e+02;
2.0391999967e+01;-2.2932168126e+02;
2.0395999967e+01;-2.2868681389e+02;
2.0399999967e+01;-2.2788894201e+02;
2.0403999967e+01;-2.2613466613e+02;
2.0407999967e+01;-2.2322309113e+02;
2.0411999967e+01;-2.2005858753e+02;
2.0415999967e+01;-2.1765760299e+02;
2.0419999967e+01;-2.1636755261e+02;
2.0423999967e+01;-2.1632498853e+02;
2.0427999967e+01;-2.1769597635e+02;
2.0431999967e+01;-2.1965414172e+02;
2.0435999967e+01;-2.2013330898e+02;
2.0439999967e+01;-2.1797904021e+02;
2.0443999967e+01;-2.1453384415e+02;
2.0447999967e+01;-2.1187975062e+02;
2.0451999967e+01;-2.1055204390e+02;
2.0455999967e+01;-2.0989670100e+02;
2.0459999967e+01;-2.0946946833e+02;
2.0463999967e+01;-2.0912410540e+02;
2.0467999967e+01;-2.0854347468e+02;
2.0471999967e+01;-2.0754000676e+02;
2.0475999967e+01;-2.0647735765e+02;
2.0479999967e+01;-2.0594799773e+02;
2.0483999967e+01;-2.0620063841e+02;
2.0487999967e+01;-2.0699752205e+02;
2.0491999967e+01;-2.0782456383e+02;
2.0495999967e+01;-2.0801684276e+02;
2.0499999967e+01;-2.0676605415e+02;
2.0503999967e+01;-2.0367900664e+02;
2.0507999967e+01;-1.9968679833e+02;
2.0511999967e+01;-1.9669555383e+02;
2.0515999967e+01;-1.9589231573e+02;
2.0519999967e+01;-1.9678055504e+02;
2.0523999967e+01;-1.9807353147e+02;
2.0527999967e+01;-1.9907183710e+02;
2.0531999967e+01;-1.9959627372e+02;
2.0535999967e+01;-1.9914985002e+02;
2.0539999967e+01;-1.9734455248e+02;
2.0543999967e+01;-1.9495387471e+02;
2.0547999967e+01;-1.9332830839e+02;
2.0551999967e+01;-1.9270060060e+02;
2.0555999967e+01;-1.9221273125e+02;
2.0559999967e+01;-1.9147546966e+02;
2.0563999967e+01;-1.9084599313e+02;
2.0567999967e+01;-1.9037612087e+02;
2.0571999967e+01;-1.8951289326e+02;
2.0575999967e+01;-1.8808491133e+02;
2.0579999967e+01;-1.8701901667e+02;
2.0583999967e+01;-1.8726113556e+02;
2.0587999967e+01;-1.8842074588e+02;
2.0591999967e+01;-1.8943081200e+02;
2.0595999967e+01;-1.8981710544e+02;
2.0599999967e+01;-1.8955926773e+02;
2.0603999967e+01;-1.8849796705e+02;
2.0607999967e+01;-1.8656520327e+02;
2.0611999967e+01;-1.8417283924e+02;
2.0615999967e+01;-1.8177614081e+02;
2.0619999967e+01;-1.7946788909e+02;
2.0623999967e+01;-1.7745773063e+02;
2.0627999966e+01;-1.7636048582e+02;
2.0631999967e+01;-1.7663349182e+02;
2.0635999967e+01;-1.7811994121e+02;
2.0639999967e+01;-1.8028254976e+02;
2.0643999967e+01;-1.8224328428e+02;
2.0647999967e+01;-1.8231755795e+02;
2.0651999967e+01;-1.7866961998e+02;
2.0655999967e+01;-1.7146267734e+02;
2.0659999967e+01;-1.6370550763e+02;
2.0663999967e+01;-1.5890232455e+02;
2.0667999967e+01;-1.5801126646e+02;
2.0671999966e+01;-1.5939166768e+02;
2.0675999967e+01;-1.6120712492e+02;
2.0679999967e+01;-1.6278579827e+02;
2.0683999967e+01;-1.6411302525e+02;
2.0687999967e+01;-1.6519090529e+02;
2.0691999967e+01;-1.6601893874e+02;
2.0695999967e+01;-1.6668833820e+02;
2.0699999967e+01;-1.6703096271e+02;
2.0703999967e+01;-1.6643969320e+02;
2.0707999967e+01;-1.6472522067e+02;
2.0711999967e+01;-1.6270013443e+02;
2.0715999966e+01;-1.6107140085e+02;
2.0719999967e+01;-1.5943728156e+02;
2.0723999967e+01;-1.5733541496e+02;
2.0727999967e+01;-1.5548216401e+02;
2.0731999967e+01;-1.5489850711e+02;
2.0735999967e+01;-1.5536523548e+02;
2.0739999966e+01;-1.5559474516e+02;
2.0743999966e+01;-1.5441728376e+02;
2.0747999966e+01;-1.5119348847e+02;
2.0751999966e+01;-1.4614485444e+02;
2.0755999966e+01;-1.4129880048e+02;
2.0759999966e+01;-1.3974344027e+02;
2.0763999966e+01;-1.4246419052e+02;
2.0767999966e+01;-1.4671287085e+02;
2.0771999966e+01;-1.4848037729e+02;
2.0775999966e+01;-1.4622550300e+02;
2.0779999967e+01;-1.4187850902e+02;
2.0783999966e+01;-1.3864842835e+02;
2.0787999966e+01;-1.3833176956e+02;
2.0791999966e+01;-1.4035609848e+02;
2.0795999966e+01;-1.4264185159e+02;
2.0799999966e+01;-1.4327635026e+02;
2.0803999966e+01;-1.4167218769e+02;
2.0807999966e+01;-1.3873722001e+02;
2.0811999966e+01;-1.3650107733e+02;
2.0815999966e+01;-1.3688300863e+02;
2.0819999966e+01;-1.3980548375e+02;
2.0823999966e+01;-1.4315804312e+02;
2.0827999966e+01;-1.4538198014e+02;
2.0831999966e+01;-1.4696268382e+02;
2.0835999966e+01;-1.4881490985e+02;
2.0839999966e+01;-1.5058381004e+02;
2.0843999966e+01;-1.5099836098e+02;
2.0847999966e+01;-1.4914457022e+02;
2.0851999966e+01;-1.4544589065e+02;
2.0855999966e+01;-1.4159677869e+02;
2.0859999966e+01;-1.3914879366e+02;
2.0863999966e+01;-1.3822492293e+02;
2.0867999966e+01;-1.3792867262e+02;
2.0871999966e+01;-1.3765718896e+02;
2.0875999966e+01;-1.3760599619e+02;
2.0879999966e+01;-1.3810380792e+02;
2.0883999966e+01;-1.3870596698e+02;
2.0887999966e+01;-1.3824884683e+02;
2.0891999966e+01;-1.3622846220e+02;
2.0895999966e+01;-1.3387928822e+02;
2.0899999966e+01;-1.3303381652e+02;
2.0903999966e+01;-1.3413117049e+02;
2.0907999966e+01;-1.3613418834e+02;
2.0911999966e+01;-1.3770459377e+02;
2.0915999966e+01;-1.3761030629e+02;
2.0919999966e+01;-1.3517476493e+02;
2.0923999966e+01;-1.3146398461e+02;
2.0927999966e+01;-1.2895455936e+02;
2.0931999966e+01;-1.2904716037e+02;
2.0935999966e+01;-1.3065342414e+02;
2.0939999966e+01;-1.3168641860e+02;
2.0943999966e+01;-1.3119292279e+02;
2.0947999966e+01;-1.2972747902e+02;
2.0951999966e+01;-1.2839368743e+02;
2.0955999966e+01;-1.2808922837e+02;
2.0959999966e+01;-1.2919104646e+02;
2.0963999966e+01;-1.3114169167e+02;
2.0967999966e+01;-1.3251688273e+02;
2.0971999966e+01;-1.3230956007e+02;
2.0975999966e+01;-1.3112509296e+02;
2.0979999966e+01;-1.3055724058e+02;
2.0983999966e+01;-1.3137015366e+02;
2.0987999966e+01;-1.3271120257e+02;
2.0991999966e+01;-1.3331588713e+02;
2.0995999966e+01;-1.3289937325e+02;
2.0999999966e+01;-1.3176322462e+02;
2.1003999966e+01;-1.2985481612e+02;
2.1007999966e+01;-1.2728504694e+02;
2.1011999966e+01;-1.2514363321e+02;
2.1015999966e+01;-1.2454734398e+02;
2.1019999966e+01;-1.2516250810e+02;
2.1023999966e+01;-1.2577731873e+02;
2.1027999966e+01;-1.2587454436e+02;
2.1031999966e+01;-1.2557436555e+02;
2.1035999966e+01;-1.2479049964e+02;
2.1039999966e+01;-1.2349920742e+02;
2.1043999966e+01;-1.2230210875e+02;
2.1047999966e+01;-1.2190027994e+02;
2.1051999966e+01;-1.2213035079e+02;
2.1055999966e+01;-1.2221683183e+02;
2.1059999966e+01;-1.2191708444e+02;
2.1063999966e+01;-1.2148613665e+02;
2.1067999966e+01;-1.2064359450e+02;
2.1071999966e+01;-1.1859663277e+02;
2.1075999966e+01;-1.1510183543e+02;
2.1079999966e+01;-1.1095321951e+02;
2.1083999966e+01;-1.0759839088e+02;
2.1087999966e+01;-1.0642998483e+02;
2.1091999966e+01;-1.0783748288e+02;
2.1095999966e+01;-1.1074215025e+02;
2.1099999966e+01;-1.1333508981e+02;
2.1103999966e+01;-1.1429314246e+02;
2.1107999966e+01;-1.1349870253e+02;
2.1111999966e+01;-1.1183139510e+02;
2.1115999966e+01;-1.1018422644e+02;
2.1119999966e+01;-1.0879863688e+02;
2.1123999966e+01;-1.0766714683e+02;
2.1127999966e+01;-1.0701301273e+02;
2.1131999966e+01;-1.0697869800e+02;
2.1135999966e+01;-1.0731916970e+02;
2.1139999966e+01;-1.0776867874e+02;
2.1143999966e+01;-1.0839841346e+02;
2.1147999966e+01;-1.0908006204e+02;
2.1151999966e+01;-1.0889463890e+02;
2.1155999966e+01;-1.0699236633e+02;
2.1159999966e+01;-1.0384499537e+02;
2.1163999966e+01;-1.0082098685e+02;
2.1167999966e+01;-9.8728926404e+01;
2.1171999966e+01;-9.7537265312e+01;
2.1175999966e+01;-9.7199387908e+01;
2.1179999966e+01;-9.7665351738e+01;
2.1183999966e+01;-9.8328843812e+01;
2.1187999966e+01;-9.8443884975e+01;
2.1191999966e+01;-9.8078160302e+01;
2.1195999966e+01;-9.8166911706e+01;
2.1199999966e+01;-9.9224035475e+01;
2.1203999966e+01;-1.0030381553e+02;
2.1207999966e+01;-1.0003410799e+02;
2.1211999966e+01;-9.8321741748e+01;
2.1215999966e+01;-9.6177122609e+01;
2.1219999966e+01;-9.4267966624e+01;
2.1223999966e+01;-9.2641540037e+01;
2.1227999966e+01;-9.1522804971e+01;
2.1231999966e+01;-9.1111990185e+01;
2.1235999966e+01;-9.0860801153e+01;
2.1239999966e+01;-9.0123873197e+01;
2.1243999966e+01;-8.9179848979e+01;
2.1247999966e+01;-8.8709099916e+01;
2.1251999966e+01;-8.8618652462e+01;
2.1255999966e+01;-8.8214068086e+01;
2.1259999966e+01;-8.7272426324e+01;
2.1263999966e+01;-8.6047703568e+01;
2.1267999965e+01;-8.4481826589e+01;
2.1271999966e+01;-8.2465959156e+01;
2.1275999966e+01;-8.0838717998e+01;
2.1279999966e+01;-8.1127109486e+01;
2.1283999966e+01;-8.3750601241e+01;
2.1287999965e+01;-8.7029165138e+01;
2.1291999966e+01;-8.8755439256e+01;
2.1295999966e+01;-8.8315655409e+01;
2.1299999966e+01;-8.6526983404e+01;
2.1303999966e+01;-8.4152311087e+01;
2.1307999966e+01;-8.1644983619e+01;
2.1311999965e+01;-7.9748386411e+01;
2.1315999966e+01;-7.9147892869e+01;
2.1319999966e+01;-7.9527224265e+01;
2.1323999966e+01;-7.9768382735e+01;
2.1327999966e+01;-7.9441349144e+01;
2.1331999965e+01;-7.9224413300e+01;
2.1335999966e+01;-7.9347540616e+01;
2.1339999966e+01;-7.8995769460e+01;
2.1343999966e+01;-7.7730588351e+01;
2.1347999966e+01;-7.6002749363e+01;
2.1351999965e+01;-7.3896802614e+01;
2.1355999965e+01;-7.0727909913e+01;
2.1359999966e+01;-6.6836108096e+01;
2.1363999966e+01;-6.5074522375e+01;
2.1367999966e+01;-6.9174966711e+01;
2.1371999966e+01;-8.0920871203e+01;
2.1375999965e+01;-9.9691541343e+01;
2.1379999965e+01;-1.2369515470e+02;
2.1383999965e+01;-1.5065518657e+02;
2.1387999965e+01;-1.7828134765e+02;
2.1391999965e+01;-2.0546380445e+02;
2.1395999965e+01;-2.3301424347e+02;
2.1399999965e+01;-2.6228450376e+02;
2.1403999965e+01;-2.9306262796e+02;
2.1407999965e+01;-3.2362841881e+02;
2.1411999965e+01;-3.5241821837e+02;
2.1415999965e+01;-3.7861833248e+02;
2.1419999965e+01;-4.0181050828e+02;
2.1423999965e+01;-4.2225349249e+02;
2.1427999965e+01;-4.4104635761e+02;
2.1431999965e+01;-4.5915402582e+02;
2.1435999965e+01;-4.7666314390e+02;
2.1439999965e+01;-4.9336246616e+02;
2.1443999965e+01;-5.0946454266e+02;
2.1447999965e+01;-5.2538819414e+02;
2.1451999965e+01;-5.4129578313e+02;
2.1455999965e+01;-5.5720180149e+02;
2.1459999965e+01;-5.7295595422e+02;
2.1463999965e+01;-5.8756390031e+02;
2.1467999965e+01;-5.9910289446e+02;
2.1471999965e+01;-6.0614668079e+02;
2.1475999965e+01;-6.0945106970e+02;
2.1479999965e+01;-6.1171651055e+02;
2.1483999965e+01;-6.1529457036e+02;
2.1487999965e+01;-6.2056581012e+02;
2.1491999965e+01;-6.2655356574e+02;
2.1495999965e+01;-6.3230673598e+02;
2.1499999965e+01;-6.3746905557e+02;
2.1503999965e+01;-6.4196664328e+02;
2.1507999965e+01;-6.4576276245e+02;
2.1511999965e+01;-6.4905058578e+02;
2.1515999965e+01;-6.5207227650e+02;
2.1519999965e+01;-6.5465797469e+02;
2.1523999965e+01;-6.5654602528e+02;
2.1527999965e+01;-6.5812531055e+02;
2.1531999965e+01;-6.6014044795e+02;
2.1535999965e+01;-6.6260508811e+02;
2.1539999965e+01;-6.6474465263e+02;
2.1543999965e+01;-6.6601207725e+02;
2.1547999965e+01;-6.6646557485e+02;
2.1551999965e+01;-6.6631581730e+02;
2.1555999965e+01;-6.6596977353e+02;
2.1559999965e+01;-6.6637332707e+02;
2.1563999965e+01;-6.6823692359e+02;
2.1567999965e+01;-6.7093360703e+02;
2.1571999965e+01;-6.7289870382e+02;
2.1575999965e+01;-6.7291909491e+02;
2.1579999965e+01;-6.7061955705e+02;
2.1583999965e+01;-6.6606614985e+02;
2.1587999965e+01;-6.5977691628e+02;
2.1591999965e+01;-6.5319485334e+02;
2.1595999965e+01;-6.4798349779e+02;
2.1599999965e+01;-6.4436715163e+02;
2.1603999965e+01;-6.4097654086e+02;
2.1607999965e+01;-6.3674369160e+02;
2.1611999965e+01;-6.3208374904e+02;
2.1615999965e+01;-6.2764540718e+02;
2.1619999965e+01;-6.2305703658e+02;
2.1623999965e+01;-6.1776714814e+02;
2.1627999965e+01;-6.1207443878e+02;
2.1631999965e+01;-6.0646107726e+02;
2.1635999965e+01;-6.0062552469e+02;
2.1639999965e+01;-5.9408077915e+02;
2.1643999965e+01;-5.8730689658e+02;
2.1647999965e+01;-5.8131797850e+02;
2.1651999965e+01;-5.7643385890e+02;
2.1655999965e+01;-5.7234222410e+02;
2.1659999965e+01;-5.6891205739e+02;
2.1663999965e+01;-5.6607843765e+02;
2.1667999965e+01;-5.6312694107e+02;
2.1671999965e+01;-5.5901954062e+02;
2.1675999965e+01;-5.5372178305e+02;
2.1679999965e+01;-5.4855673013e+02;
2.1683999965e+01;-5.4460287173e+02;
2.1687999965e+01;-5.4118100455e+02;
2.1691999965e+01;-5.3684333540e+02;
2.1695999965e+01;-5.3132003125e+02;
2.1699999965e+01;-5.2540487071e+02;
2.1703999965e+01;-5.1947022793e+02;
2.1707999965e+01;-5.1320527753e+02;
2.1711999965e+01;-5.0669142211e+02;
2.1715999965e+01;-5.0079967036e+02;
2.1719999965e+01;-4.9609881127e+02;
2.1723999965e+01;-4.9207779545e+02;
2.1727999965e+01;-4.8801924058e+02;
2.1731999965e+01;-4.8386405206e+02;
2.1735999965e+01;-4.7975965384e+02;
2.1739999965e+01;-4.7564565811e+02;
2.1743999965e+01;-4.7163623025e+02;
2.1747999965e+01;-4.6804520945e+02;
2.1751999965e+01;-4.6485485598e+02;
2.1755999965e+01;-4.6164796254e+02;
2.1759999965e+01;-4.5783623665e+02;
2.1763999965e+01;-4.5273837758e+02;
2.1767999965e+01;-4.4607174997e+02;
2.1771999965e+01;-4.3851492536e+02;
2.1775999965e+01;-4.3139321895e+02;
2.1779999965e+01;-4.2586689317e+02;
2.1783999965e+01;-4.2229087769e+02;
2.1787999965e+01;-4.1994730713e+02;
2.1791999965e+01;-4.1765348163e+02;
2.1795999965e+01;-4.1486912385e+02;
2.1799999965e+01;-4.1167355569e+02;
2.1803999965e+01;-4.0789964565e+02;
2.1807999965e+01;-4.0341743287e+02;
2.1811999965e+01;-3.9892094423e+02;
2.1815999965e+01;-3.9513802355e+02;
2.1819999965e+01;-3.9165606309e+02;
2.1823999965e+01;-3.8763713079e+02;
2.1827999965e+01;-3.8316968110e+02;
2.1831999965e+01;-3.7904044657e+02;
2.1835999965e+01;-3.7567730990e+02;
2.1839999965e+01;-3.7285086527e+02;
2.1843999965e+01;-3.7020883750e+02;
2.1847999965e+01;-3.6826604208e+02;
2.1851999965e+01;-3.6837323936e+02;
2.1855999965e+01;-3.7017873977e+02;
2.1859999965e+01;-3.6955916528e+02;
2.1863999965e+01;-3.6086016846e+02;
2.1867999965e+01;-3.4110892596e+02;
2.1871999965e+01;-3.1153133003e+02;
2.1875999965e+01;-2.7611271956e+02;
2.1879999965e+01;-2.3936892213e+02;
2.1883999965e+01;-2.0412352031e+02;
2.1887999965e+01;-1.7025362732e+02;
2.1891999965e+01;-1.3593819553e+02;
2.1895999965e+01;-1.0008429740e+02;
2.1899999965e+01;-6.2953641664e+01;
2.1903999964e+01;-2.5037593305e+01;
2.1907999964e+01;1.3486560948e+01;
2.1911999965e+01;5.2099846080e+01;
2.1915999965e+01;8.9782428053e+01;
2.1919999965e+01;1.2593377407e+02;
2.1923999964e+01;1.6059687043e+02;
2.1927999964e+01;1.9385675677e+02;
2.1931999965e+01;2.2615172013e+02;
2.1935999965e+01;2.5864441183e+02;
2.1939999965e+01;2.9173767712e+02;
2.1943999965e+01;3.2333771050e+02;
2.1947999964e+01;3.4988094039e+02;
2.1951999964e+01;3.6921915878e+02;
2.1955999965e+01;3.8164948417e+02;
2.1959999965e+01;3.8854675084e+02;
2.1963999965e+01;3.9120425449e+02;
2.1967999964e+01;3.9086970149e+02;
2.1971999964e+01;3.8903732056e+02;
2.1975999965e+01;3.8731220807e+02;
2.1979999965e+01;3.8687183792e+02;
2.1983999965e+01;3.8795667579e+02;
2.1987999965e+01;3.8992591158e+02;
2.1991999964e+01;3.9191500104e+02;
2.1995999964e+01;3.9345946945e+02;
2.1999999965e+01;3.9472504453e+02;
2.2003999965e+01;3.9618973176e+02;
2.2007999965e+01;3.9784427480e+02;
2.2011999964e+01;3.9890780435e+02;
2.2015999964e+01;3.9860063213e+02;
2.2019999964e+01;3.9706477000e+02;
2.2023999964e+01;3.9525999876e+02;
2.2027999964e+01;3.9392439715e+02;
2.2031999964e+01;3.9301923394e+02;
2.2035999964e+01;3.9233719628e+02;
2.2039999964e+01;3.9205366258e+02;
2.2043999964e+01;3.9216689224e+02;
2.2047999964e+01;3.9206240923e+02;
2.2051999964e+01;3.9136237140e+02;
2.2055999964e+01;3.9038618937e+02;
2.2059999964e+01;3.8917371178e+02;
2.2063999964e+01;3.8723339533e+02;
2.2067999964e+01;3.8475375770e+02;
2.2071999964e+01;3.8276751201e+02;
2.2075999964e+01;3.8174458002e+02;
2.2079999964e+01;3.8118301294e+02;
2.2083999964e+01;3.8077436143e+02;
2.2087999964e+01;3.8087231416e+02;
2.2091999964e+01;3.8147209985e+02;
2.2095999964e+01;3.8157733520e+02;
2.2099999964e+01;3.8019645890e+02;
2.2103999964e+01;3.7755702886e+02;
2.2107999964e+01;3.7477471731e+02;
2.2111999964e+01;3.7263579483e+02;
2.2115999964e+01;3.7113996610e+02;
2.2119999964e+01;3.6992475893e+02;
2.2123999964e+01;3.6882583747e+02;
2.2127999964e+01;3.6796639781e+02;
2.2131999964e+01;3.6728383551e+02;
2.2135999964e+01;3.6639040254e+02;
2.2139999964e+01;3.6498361056e+02;
2.2143999964e+01;3.6288915504e+02;
2.2147999964e+01;3.6014667644e+02;
2.2151999964e+01;3.5771120919e+02;
2.2155999964e+01;3.5711283736e+02;
2.2159999964e+01;3.5859566912e+02;
2.2163999964e+01;3.6044784089e+02;
2.2167999964e+01;3.6077175975e+02;
2.2171999964e+01;3.5931801701e+02;
2.2175999964e+01;3.5710349169e+02;
2.2179999964e+01;3.5475243579e+02;
2.2183999964e+01;3.5212960159e+02;
2.2187999964e+01;3.4933305881e+02;
2.2191999964e+01;3.4673249459e+02;
2.2195999964e+01;3.4415127492e+02;
2.2199999964e+01;3.4151845230e+02;
2.2203999964e+01;3.3987761544e+02;
2.2207999964e+01;3.4002211049e+02;
2.2211999964e+01;3.4075186127e+02;
2.2215999964e+01;3.4005296536e+02;
2.2219999964e+01;3.3789862149e+02;
2.2223999964e+01;3.3706779218e+02;
2.2227999964e+01;3.4090024264e+02;
2.2231999964e+01;3.5055250814e+02;
2.2235999964e+01;3.6424110043e+02;
2.2239999964e+01;3.7790323677e+02;
2.2243999964e+01;3.8662248084e+02;
2.2247999964e+01;3.8742464683e+02;
2.2251999964e+01;3.8172118137e+02;
2.2255999964e+01;3.7414472761e+02;
2.2259999964e+01;3.6845859360e+02;
2.2263999964e+01;3.6517566041e+02;
2.2267999964e+01;3.6300391971e+02;
2.2271999964e+01;3.6114414560e+02;
2.2275999964e+01;3.5959867818e+02;
2.2279999964e+01;3.5850500758e+02;
2.2283999964e+01;3.5817272465e+02;
2.2287999964e+01;3.5896700434e+02;
2.2291999964e+01;3.6030654301e+02;
2.2295999964e+01;3.6058271769e+02;
2.2299999964e+01;3.5887200865e+02;
2.2303999964e+01;3.5618473538e+02;
2.2307999964e+01;3.5441392189e+02;
2.2311999964e+01;3.5431562287e+02;
2.2315999964e+01;3.5512668960e+02;
2.2319999964e+01;3.5596151203e+02;
2.2323999964e+01;3.5645262126e+02;
2.2327999964e+01;3.5606223747e+02;
2.2331999964e+01;3.5416432615e+02;
2.2335999964e+01;3.5116052586e+02;
2.2339999964e+01;3.4870141708e+02;
2.2343999964e+01;3.4804838245e+02;
2.2347999964e+01;3.4843857591e+02;
2.2351999964e+01;3.4809064564e+02;
2.2355999964e+01;3.4651821857e+02;
2.2359999964e+01;3.4466096269e+02;
2.2363999964e+01;3.4325087434e+02;
2.2367999964e+01;3.4229430212e+02;
2.2371999964e+01;3.4160065671e+02;
2.2375999964e+01;3.4061603873e+02;
2.2379999964e+01;3.3842309739e+02;
2.2383999964e+01;3.3492713830e+02;
2.2387999964e+01;3.3140996245e+02;
2.2391999964e+01;3.2932013188e+02;
2.2395999964e+01;3.2891293762e+02;
2.2399999964e+01;3.2934013842e+02;
2.2403999964e+01;3.2968683845e+02;
2.2407999964e+01;3.2950339266e+02;
2.2411999964e+01;3.2863808070e+02;
2.2415999964e+01;3.2715729197e+02;
2.2419999964e+01;3.2544667727e+02;
2.2423999964e+01;3.2403180593e+02;
2.2427999964e+01;3.2314678692e+02;
2.2431999964e+01;3.2258927883e+02;
2.2435999964e+01;3.2201790099e+02;
2.2439999964e+01;3.2132791507e+02;
2.2443999964e+01;3.2069825361e+02;
2.2447999964e+01;3.2013019198e+02;
2.2451999964e+01;3.1928046942e+02;
2.2455999964e+01;3.1800764187e+02;
2.2459999964e+01;3.1635421353e+02;
2.2463999964e+01;3.1395950993e+02;
2.2467999964e+01;3.1055168136e+02;
2.2471999964e+01;3.0693812474e+02;
2.2475999964e+01;3.0457721710e+02;
2.2479999964e+01;3.0420604242e+02;
2.2483999964e+01;3.0535585784e+02;
2.2487999964e+01;3.0721050745e+02;
2.2491999964e+01;3.0922005288e+02;
2.2495999964e+01;3.1022051784e+02;
2.2499999964e+01;3.0788742016e+02;
2.2503999964e+01;3.0047042289e+02;
2.2507999964e+01;2.8899021472e+02;
2.2511999964e+01;2.7690836171e+02;
2.2515999964e+01;2.6774772330e+02;
2.2519999964e+01;2.6340812187e+02;
2.2523999964e+01;2.6386852370e+02;
2.2527999964e+01;2.6731086993e+02;
2.2531999964e+01;2.7090385847e+02;
2.2535999964e+01;2.7269773967e+02;
2.2539999963e+01;2.7279750976e+02;
2.2543999963e+01;2.7223715774e+02;
2.2547999963e+01;2.7146618617e+02;
2.2551999964e+01;2.7048863700e+02;
2.2555999964e+01;2.6962394214e+02;
2.2559999964e+01;2.6926486143e+02;
2.2563999963e+01;2.6915275136e+02;
2.2567999963e+01;2.6862391112e+02;
2.2571999964e+01;2.6742187344e+02;
2.2575999964e+01;2.6565824096e+02;
2.2579999964e+01;2.6329830408e+02;
2.2583999963e+01;2.6043037908e+02;
2.2587999963e+01;2.5782648008e+02;
2.2591999963e+01;2.5631803057e+02;
2.2595999964e+01;2.5560600509e+02;
2.2599999964e+01;2.5460874185e+02;
2.2603999963e+01;2.5302267450e+02;
2.2607999963e+01;2.5158745782e+02;
2.2611999963e+01;2.5081083107e+02;
2.2615999964e+01;2.5053071164e+02;
2.2619999964e+01;2.5066359445e+02;
2.2623999964e+01;2.5128294975e+02;
2.2627999963e+01;2.5193828902e+02;
2.2631999963e+01;2.5166183484e+02;
2.2635999963e+01;2.4994628013e+02;
2.2639999964e+01;2.4730115737e+02;
2.2643999964e+01;2.4466417873e+02;
2.2647999963e+01;2.4271003630e+02;
2.2651999963e+01;2.4159225839e+02;
2.2655999963e+01;2.4092991252e+02;
2.2659999963e+01;2.4015870275e+02;
2.2663999963e+01;2.3909337025e+02;
2.2667999963e+01;2.3835646232e+02;
2.2671999963e+01;2.3904561039e+02;
2.2675999963e+01;2.4137406745e+02;
2.2679999963e+01;2.4396399164e+02;
2.2683999963e+01;2.4513353100e+02;
2.2687999963e+01;2.4436561492e+02;
2.2691999963e+01;2.4201579619e+02;
2.2695999963e+01;2.3849333914e+02;
2.2699999963e+01;2.3454506969e+02;
2.2703999963e+01;2.3159581841e+02;
2.2707999963e+01;2.3083139620e+02;
2.2711999963e+01;2.3203988598e+02;
2.2715999963e+01;2.3381064824e+02;
2.2719999963e+01;2.3475951231e+02;
2.2723999963e+01;2.3419398568e+02;
2.2727999963e+01;2.3187966746e+02;
2.2731999963e+01;2.2801861017e+02;
2.2735999963e+01;2.2366434026e+02;
2.2739999963e+01;2.2021190303e+02;
2.2743999963e+01;2.1822434546e+02;
2.2747999963e+01;2.1767303219e+02;
2.2751999963e+01;2.1883307013e+02;
2.2755999963e+01;2.2173132959e+02;
2.2759999963e+01;2.2505753317e+02;
2.2763999963e+01;2.2660363854e+02;
2.2767999963e+01;2.2528475135e+02;
2.2771999963e+01;2.2223545254e+02;
2.2775999963e+01;2.1929708686e+02;
2.2779999963e+01;2.1707726300e+02;
2.2783999963e+01;2.1504642588e+02;
2.2787999963e+01;2.1284694722e+02;
2.2791999963e+01;2.1058981995e+02;
2.2795999963e+01;2.0809998747e+02;
2.2799999963e+01;2.0517716557e+02;
2.2803999963e+01;2.0264496386e+02;
2.2807999963e+01;2.0178389106e+02;
2.2811999963e+01;2.0257352824e+02;
2.2815999963e+01;2.0343119219e+02;
2.2819999963e+01;2.0309826988e+02;
2.2823999963e+01;2.0220791058e+02;
2.2827999963e+01;2.0213105106e+02;
2.2831999963e+01;2.0289711767e+02;
2.2835999963e+01;2.0331003559e+02;
2.2839999963e+01;2.0248172748e+02;
2.2843999963e+01;2.0062305526e+02;
2.2847999963e+01;1.9867562477e+02;
2.2851999963e+01;1.9737288349e+02;
2.2855999963e+01;1.9684198283e+02;
2.2859999963e+01;1.9684967868e+02;
2.2863999963e+01;1.9689854847e+02;
2.2867999963e+01;1.9658953727e+02;
2.2871999963e+01;1.9618848593e+02;
2.2875999963e+01;1.9614381763e+02;
2.2879999963e+01;1.9616804032e+02;
2.2883999963e+01;1.9552572587e+02;
2.2887999963e+01;1.9413148936e+02;
2.2891999963e+01;1.9270938655e+02;
2.2895999963e+01;1.9158273676e+02;
2.2899999963e+01;1.9006799982e+02;
2.2903999963e+01;1.8769788087e+02;
2.2907999963e+01;1.8522828255e+02;
2.2911999963e+01;1.8369757301e+02;
2.2915999963e+01;1.8311549820e+02;
2.2919999963e+01;1.8283889703e+02;
2.2923999963e+01;1.8264825704e+02;
2.2927999963e+01;1.8254372347e+02;
2.2931999963e+01;1.8217165699e+02;
2.2935999963e+01;1.8132210485e+02;
2.2939999963e+01;1.8026939185e+02;
2.2943999963e+01;1.7914567777e+02;
2.2947999963e+01;1.7774941445e+02;
2.2951999963e+01;1.7631830071e+02;
2.2955999963e+01;1.7583149278e+02;
2.2959999963e+01;1.7690641462e+02;
2.2963999963e+01;1.7879726021e+02;
2.2967999963e+01;1.8027487893e+02;
2.2971999963e+01;1.8104715359e+02;
2.2975999963e+01;1.8151209573e+02;
2.2979999963e+01;1.8167255995e+02;
2.2983999963e+01;1.8109587879e+02;
2.2987999963e+01;1.7972890945e+02;
2.2991999963e+01;1.7812144825e+02;
2.2995999963e+01;1.7659411428e+02;
2.2999999963e+01;1.7486731029e+02;
2.3003999963e+01;1.7290735277e+02;
2.3007999963e+01;1.7110726364e+02;
2.3011999963e+01;1.6950946307e+02;
2.3015999963e+01;1.6799014564e+02;
2.3019999963e+01;1.6697027560e+02;
2.3023999963e+01;1.6700922531e+02;
2.3027999963e+01;1.6773207444e+02;
2.3031999963e+01;1.6782719855e+02;
2.3035999963e+01;1.6662991210e+02;
2.3039999963e+01;1.6501948108e+02;
2.3043999963e+01;1.6398458604e+02;
2.3047999963e+01;1.6327402096e+02;
2.3051999963e+01;1.6210441953e+02;
2.3055999963e+01;1.6025608296e+02;
2.3059999963e+01;1.5796201272e+02;
2.3063999963e+01;1.5537741087e+02;
2.3067999963e+01;1.5288186814e+02;
2.3071999963e+01;1.5151942607e+02;
2.3075999963e+01;1.5222432283e+02;
2.3079999963e+01;1.5450849603e+02;
2.3083999963e+01;1.5650797345e+02;
2.3087999963e+01;1.5672136445e+02;
2.3091999963e+01;1.5519915296e+02;
2.3095999963e+01;1.5285438589e+02;
2.3099999963e+01;1.5055522908e+02;
2.3103999963e+01;1.4892575424e+02;
2.3107999963e+01;1.4812539064e+02;
2.3111999963e+01;1.4759271604e+02;
2.3115999963e+01;1.4631730373e+02;
2.3119999963e+01;1.4381221689e+02;
2.3123999963e+01;1.4077556382e+02;
2.3127999963e+01;1.3814373190e+02;
2.3131999963e+01;1.3564761084e+02;
2.3135999963e+01;1.3265705850e+02;
2.3139999963e+01;1.3074535035e+02;
2.3143999963e+01;1.3333253411e+02;
2.3147999963e+01;1.4162617480e+02;
2.3151999963e+01;1.5243044628e+02;
2.3155999963e+01;1.6069075345e+02;
2.3159999963e+01;1.6334189116e+02;
2.3163999963e+01;1.6081418336e+02;
2.3167999963e+01;1.5584917578e+02;
2.3171999963e+01;1.5137444663e+02;
2.3175999962e+01;1.4907680567e+02;
2.3179999962e+01;1.4898707339e+02;
2.3183999962e+01;1.5000216953e+02;
2.3187999962e+01;1.5105277217e+02;
2.3191999963e+01;1.5168013311e+02;
2.3195999963e+01;1.5157562585e+02;
2.3199999962e+01;1.5030369216e+02;
2.3203999962e+01;1.4769918104e+02;
2.3207999962e+01;1.4413355050e+02;
2.3211999963e+01;1.4031713784e+02;
2.3215999963e+01;1.3700329574e+02;
2.3219999962e+01;1.3498619594e+02;
2.3223999962e+01;1.3504941454e+02;
2.3227999962e+01;1.3696777560e+02;
2.3231999962e+01;1.3879513792e+02;
2.3235999963e+01;1.3855092720e+02;
2.3239999963e+01;1.3620593619e+02;
2.3243999962e+01;1.3295043840e+02;
2.3247999962e+01;1.2966003437e+02;
2.3251999962e+01;1.2704988817e+02;
2.3255999963e+01;1.2605307299e+02;
2.3259999963e+01;1.2689709281e+02;
2.3263999962e+01;1.2837796110e+02;
2.3267999962e+01;1.2886161917e+02;
2.3271999962e+01;1.2789902648e+02;
2.3275999962e+01;1.2636406962e+02;
2.3279999963e+01;1.2501875591e+02;
2.3283999962e+01;1.2378893016e+02;
2.3287999962e+01;1.2266632783e+02;
2.3291999962e+01;1.2214319074e+02;
2.3295999962e+01;1.2244025317e+02;
2.3299999962e+01;1.2316689015e+02;
2.3303999962e+01;1.2377708590e+02;
2.3307999962e+01;1.2392831204e+02;
2.3311999962e+01;1.2338747085e+02;
2.3315999962e+01;1.2186632657e+02;
2.3319999962e+01;1.1933160533e+02;
2.3323999962e+01;1.1637511794e+02;
2.3327999962e+01;1.1383392674e+02;
2.3331999962e+01;1.1208285446e+02;
2.3335999962e+01;1.1112690073e+02;
2.3339999962e+01;1.1117543512e+02;
2.3343999962e+01;1.1226035438e+02;
2.3347999962e+01;1.1339196334e+02;
2.3351999962e+01;1.1311403277e+02;
2.3355999962e+01;1.1106311960e+02;
2.3359999962e+01;1.0834200917e+02;
2.3363999962e+01;1.0631484867e+02;
2.3367999962e+01;1.0558860633e+02;
2.3371999962e+01;1.0608909422e+02;
2.3375999962e+01;1.0724758802e+02;
2.3379999962e+01;1.0787898369e+02;
2.3383999962e+01;1.0694537614e+02;
2.3387999962e+01;1.0485220501e+02;
2.3391999962e+01;1.0312088804e+02;
2.3395999962e+01;1.0287822824e+02;
2.3399999962e+01;1.0429872219e+02;
2.3403999962e+01;1.0672966381e+02;
2.3407999962e+01;1.0840042902e+02;
2.3411999962e+01;1.0668713549e+02;
2.3415999962e+01;1.0015512292e+02;
2.3419999962e+01;9.0586791936e+01;
2.3423999962e+01;8.2021558051e+01;
2.3427999962e+01;7.7456845075e+01;
2.3431999962e+01;7.6755178517e+01;
2.3435999962e+01;7.7642568271e+01;
2.3439999962e+01;7.8247707628e+01;
2.3443999962e+01;7.8226799420e+01;
2.3447999962e+01;7.7857907793e+01;
2.3451999962e+01;7.7131067130e+01;
2.3455999962e+01;7.5962234246e+01;
2.3459999962e+01;7.4537350368e+01;
2.3463999962e+01;7.3048715668e+01;
2.3467999962e+01;7.1658611606e+01;
2.3471999962e+01;7.0898379287e+01;
2.3475999962e+01;7.1308832774e+01;
2.3479999962e+01;7.2478455459e+01;
2.3483999962e+01;7.3155220889e+01;
2.3487999962e+01;7.2560009494e+01;
2.3491999962e+01;7.0998648553e+01;
2.3495999962e+01;6.9147389780e+01;
2.3499999962e+01;6.7576933661e+01;
2.3503999962e+01;6.6827389656e+01;
2.3507999962e+01;6.7050879915e+01;
2.3511999962e+01;6.7662459675e+01;
2.3515999962e+01;6.7815350367e+01;
2.3519999962e+01;6.7339418187e+01;
2.3523999962e+01;6.6988714519e+01;
2.3527999962e+01;6.7340971922e+01;
2.3531999962e+01;6.7863008745e+01;
2.3535999962e+01;6.7855755795e+01;
2.3539999962e+01;6.7618531820e+01;
2.3543999962e+01;6.7621805876e+01;
2.3547999962e+01;6.7391186354e+01;
2.3551999962e+01;6.6343565688e+01;
2.3555999962e+01;6.4982430841e+01;
2.3559999962e+01;6.4139136241e+01;
2.3563999962e+01;6.3427580465e+01;
2.3567999962e+01;6.1656103529e+01;
2.3571999962e+01;5.8764231723e+01;
2.3575999962e+01;5.6090538778e+01;
2.3579999962e+01;5.4618512711e+01;
2.3583999962e+01;5.4107950400e+01;
2.3587999962e+01;5.3924216640e+01;
2.3591999962e+01;5.3803571442e+01;
2.3595999962e+01;5.3734163871e+01;
2.3599999962e+01;5.3604795314e+01;
2.3603999962e+01;5.3320064143e+01;
2.3607999962e+01;5.3194814145e+01;
2.3611999962e+01;5.3707928618e+01;
2.3615999962e+01;5.4756721175e+01;
2.3619999962e+01;5.5837451155e+01;
2.3623999962e+01;5.6777036748e+01;
2.3627999962e+01;5.7436540755e+01;
2.3631999962e+01;5.7210706202e+01;
2.3635999962e+01;5.5638725058e+01;
2.3639999962e+01;5.3119969836e+01;
2.3643999962e+01;5.0516257040e+01;
2.3647999962e+01;4.8269729769e+01;
2.3651999962e+01;4.6319307185e+01;
2.3655999962e+01;4.4773761054e+01;
2.3659999962e+01;4.4186795576e+01;
2.3663999962e+01;4.4882177650e+01;
2.3667999962e+01;4.6331051643e+01;
2.3671999962e+01;4.7663030638e+01;
2.3675999962e+01;4.8127655811e+01;
2.3679999962e+01;4.6669608231e+01;
2.3683999962e+01;4.2834955384e+01;
2.3687999962e+01;3.8889616641e+01;
2.3691999962e+01;3.9236778345e+01;
2.3695999962e+01;4.7232505663e+01;
2.3699999962e+01;6.3321026000e+01;
2.3703999962e+01;8.5582354534e+01;
2.3707999962e+01;1.1127822379e+02;
2.3711999962e+01;1.3789119785e+02;
2.3715999962e+01;1.6341712246e+02;
2.3719999962e+01;1.8701354457e+02;
2.3723999962e+01;2.0957207144e+02;
2.3727999962e+01;2.3282363842e+02;
2.3731999962e+01;2.5760637534e+02;
2.3735999962e+01;2.8313052940e+02;
2.3739999962e+01;3.0791592878e+02;
2.3743999962e+01;3.3097689465e+02;
2.3747999962e+01;3.5184569618e+02;
2.3751999962e+01;3.7032910224e+02;
2.3755999962e+01;3.8672661480e+02;
2.3759999962e+01;4.0171308515e+02;
2.3763999962e+01;4.1601585878e+02;
2.3767999962e+01;4.3048708027e+02;
2.3771999962e+01;4.4602292727e+02;
2.3775999962e+01;4.6276609883e+02;
2.3779999962e+01;4.7949782552e+02;
2.3783999962e+01;4.9451550321e+02;
2.3787999962e+01;5.0709296583e+02;
2.3791999962e+01;5.1762348263e+02;
2.3795999962e+01;5.2650931623e+02;
2.3799999962e+01;5.3350847966e+02;
2.3803999962e+01;5.3861472379e+02;
2.3807999962e+01;5.4298615222e+02;
2.3811999962e+01;5.4806800152e+02;
2.3815999961e+01;5.5414931970e+02;
2.3819999961e+01;5.6041308821e+02;
2.3823999961e+01;5.6593394803e+02;
2.3827999961e+01;5.7005473336e+02;
2.3831999962e+01;5.7242115531e+02;
2.3835999961e+01;5.7356439163e+02;
2.3839999961e+01;5.7505958541e+02;
2.3843999961e+01;5.7826493195e+02;
2.3847999961e+01;5.8297202568e+02;
2.3851999962e+01;5.8771261079e+02;
2.3855999961e+01;5.9126167402e+02;
2.3859999961e+01;5.9332809348e+02;
2.3863999961e+01;5.9389024495e+02;
2.3867999961e+01;5.9266425005e+02;
2.3871999961e+01;5.8958677976e+02;
2.3875999962e+01;5.8557032169e+02;
2.3879999961e+01;5.8240481913e+02;
2.3883999961e+01;5.8161277452e+02;
2.3887999961e+01;5.8320574844e+02;
2.3891999961e+01;5.8559129171e+02;
2.3895999962e+01;5.8675197852e+02;
2.3899999961e+01;5.8535422915e+02;
2.3903999961e+01;5.8123962836e+02;
2.3907999961e+01;5.7554198523e+02;
2.3911999961e+01;5.6981628012e+02;
2.3915999961e+01;5.6471448569e+02;
2.3919999962e+01;5.6002364906e+02;
2.3923999961e+01;5.5563674727e+02;
2.3927999961e+01;5.5148875397e+02;
2.3931999961e+01;5.4697268894e+02;
2.3935999961e+01;5.4161546595e+02;
2.3939999961e+01;5.3583863632e+02;
2.3943999961e+01;5.3009279338e+02;
2.3947999961e+01;5.2407646391e+02;
2.3951999961e+01;5.1754435827e+02;
2.3955999961e+01;5.1103228228e+02;
2.3959999961e+01;5.0520755154e+02;
2.3963999961e+01;5.0004656951e+02;
2.3967999961e+01;4.9509490918e+02;
2.3971999961e+01;4.9017025110e+02;
2.3975999961e+01;4.8534071857e+02;
2.3979999961e+01;4.8041886478e+02;
2.3983999961e+01;4.7508221401e+02;
2.3987999961e+01;4.6968638821e+02;
2.3991999961e+01;4.6535326025e+02;
2.3995999961e+01;4.6265535784e+02;
2.3999999961e+01;4.6065923476e+02;
2.4003999961e+01;4.5790407328e+02;
2.4007999961e+01;4.5387774061e+02;
2.4011999961e+01;4.4896642350e+02;
2.4015999961e+01;4.4346402422e+02;
2.4019999961e+01;4.3749709014e+02;
2.4023999961e+01;4.3174570276e+02;
2.4027999961e+01;4.2718449872e+02;
2.4031999961e+01;4.2397358899e+02;
2.4035999961e+01;4.2134055698e+02;
2.4039999961e+01;4.1847321860e+02;
2.4043999961e+01;4.1511180762e+02;
2.4047999961e+01;4.1180322212e+02;
2.4051999961e+01;4.0995992327e+02;
2.4055999961e+01;4.1065355317e+02;
2.4059999961e+01;4.1229890833e+02;
2.4063999961e+01;4.0990623268e+02;
2.4067999961e+01;3.9770638698e+02;
2.4071999961e+01;3.7326514498e+02;
2.4075999961e+01;3.3931460961e+02;
2.4079999961e+01;3.0151198649e+02;
2.4083999961e+01;2.6449242109e+02;
2.4087999961e+01;2.3018762859e+02;
2.4091999961e+01;1.9873062785e+02;
2.4095999961e+01;1.6911212971e+02;
2.4099999961e+01;1.3911595278e+02;
2.4103999961e+01;1.0635583449e+02;
2.4107999961e+01;6.9978598735e+01;
2.4111999961e+01;3.1107359371e+01;
2.4115999961e+01;-8.1201179882e+00;
2.4119999961e+01;-4.5916230130e+01;
2.4123999961e+01;-8.1581293138e+01;
2.4127999961e+01;-1.1520961471e+02;
2.4131999961e+01;-1.4708235477e+02;
2.4135999961e+01;-1.7712252770e+02;
2.4139999961e+01;-2.0456241517e+02;
2.4143999961e+01;-2.2867772340e+02;
2.4147999961e+01;-2.4998812899e+02;
2.4151999961e+01;-2.6961261476e+02;
2.4155999961e+01;-2.8688519101e+02;
2.4159999961e+01;-2.9900499064e+02;
2.4163999961e+01;-3.0446757313e+02;
2.4167999961e+01;-3.0573611882e+02;
2.4171999961e+01;-3.0700637202e+02;
2.4175999961e+01;-3.1037031089e+02;
2.4179999961e+01;-3.1516933781e+02;
2.4183999961e+01;-3.1972670554e+02;
2.4187999961e+01;-3.2259805152e+02;
2.4191999961e+01;-3.2314209996e+02;
2.4195999961e+01;-3.2200507398e+02;
2.4199999961e+01;-3.2071699927e+02;
2.4203999961e+01;-3.2023836910e+02;
2.4207999961e+01;-3.2005896575e+02;
2.4211999961e+01;-3.1904769654e+02;
2.4215999961e+01;-3.1692622035e+02;
2.4219999961e+01;-3.1424063986e+02;
2.4223999961e+01;-3.1129156640e+02;
2.4227999961e+01;-3.0829674980e+02;
2.4231999961e+01;-3.0632871616e+02;
2.4235999961e+01;-3.0666049169e+02;
2.4239999961e+01;-3.0904458524e+02;
2.4243999961e+01;-3.1172066740e+02;
2.4247999961e+01;-3.1316445659e+02;
2.4251999961e+01;-3.1297285020e+02;
2.4255999961e+01;-3.1126211510e+02;
2.4259999961e+01;-3.0836440984e+02;
2.4263999961e+01;-3.0544901028e+02;
2.4267999961e+01;-3.0420042395e+02;
2.4271999961e+01;-3.0509221282e+02;
2.4275999961e+01;-3.0692398201e+02;
2.4279999961e+01;-3.0830313861e+02;
2.4283999961e+01;-3.0866187056e+02;
2.4287999961e+01;-3.0783612631e+02;
2.4291999961e+01;-3.0566364326e+02;
2.4295999961e+01;-3.0262851462e+02;
2.4299999961e+01;-3.0011368825e+02;
2.4303999961e+01;-2.9900937115e+02;
2.4307999961e+01;-2.9858458482e+02;
2.4311999961e+01;-2.9771611684e+02;
2.4315999961e+01;-2.9673266981e+02;
2.4319999961e+01;-2.9668962483e+02;
2.4323999961e+01;-2.9726932636e+02;
2.4327999961e+01;-2.9714843525e+02;
2.4331999961e+01;-2.9617590265e+02;
2.4335999961e+01;-2.9530922306e+02;
2.4339999961e+01;-2.9458953780e+02;
2.4343999961e+01;-2.9313695565e+02;
2.4347999961e+01;-2.9096731538e+02;
2.4351999961e+01;-2.8921714346e+02;
2.4355999961e+01;-2.8863984053e+02;
2.4359999961e+01;-2.8870474424e+02;
2.4363999961e+01;-2.8828306238e+02;
2.4367999961e+01;-2.8685697836e+02;
2.4371999961e+01;-2.8478215809e+02;
2.4375999961e+01;-2.8272763439e+02;
2.4379999961e+01;-2.8128284460e+02;
2.4383999960e+01;-2.8069777775e+02;
2.4387999961e+01;-2.8054445827e+02;
2.4391999961e+01;-2.7999888389e+02;
2.4395999961e+01;-2.7885370218e+02;
2.4399999961e+01;-2.7784230872e+02;
2.4403999961e+01;-2.7750205806e+02;
2.4407999961e+01;-2.7713667706e+02;
2.4411999961e+01;-2.7560971716e+02;
2.4415999961e+01;-2.7293981858e+02;
2.4419999961e+01;-2.7022195537e+02;
2.4423999961e+01;-2.6822020718e+02;
2.4427999960e+01;-2.6710722448e+02;
2.4431999961e+01;-2.6709431602e+02;
2.4435999961e+01;-2.6802800501e+02;
2.4439999961e+01;-2.6892933927e+02;
2.4443999961e+01;-2.6937627507e+02;
2.4447999961e+01;-2.7106256685e+02;
2.4451999960e+01;-2.7651318819e+02;
2.4455999960e+01;-2.8576010449e+02;
2.4459999960e+01;-2.9483186411e+02;
2.4463999960e+01;-2.9821853842e+02;
2.4467999960e+01;-2.9346782812e+02;
2.4471999960e+01;-2.8322383949e+02;
2.4475999960e+01;-2.7261451109e+02;
2.4479999960e+01;-2.6556131938e+02;
2.4483999960e+01;-2.6334089249e+02;
2.4487999960e+01;-2.6490541306e+02;
2.4491999961e+01;-2.6795868834e+02;
2.4495999960e+01;-2.7034111773e+02;
2.4499999960e+01;-2.7100491010e+02;
2.4503999960e+01;-2.7002033559e+02;
2.4507999960e+01;-2.6789606091e+02;
2.4511999960e+01;-2.6526538304e+02;
2.4515999960e+01;-2.6302446033e+02;
2.4519999960e+01;-2.6178895471e+02;
2.4523999960e+01;-2.6101095675e+02;
2.4527999960e+01;-2.5961943573e+02;
2.4531999960e+01;-2.5771310378e+02;
2.4535999960e+01;-2.5652292713e+02;
2.4539999960e+01;-2.5669152446e+02;
2.4543999960e+01;-2.5769220289e+02;
2.4547999960e+01;-2.5876918759e+02;
2.4551999960e+01;-2.5949156903e+02;
2.4555999960e+01;-2.5959415831e+02;
2.4559999960e+01;-2.5909919534e+02;
2.4563999960e+01;-2.5857600342e+02;
2.4567999960e+01;-2.5866974589e+02;
2.4571999960e+01;-2.5911746710e+02;
2.4575999960e+01;-2.5860223506e+02;
2.4579999960e+01;-2.5608121955e+02;
2.4583999960e+01;-2.5220381355e+02;
2.4587999960e+01;-2.4895592087e+02;
2.4591999960e+01;-2.4781216826e+02;
2.4595999960e+01;-2.4879522451e+02;
2.4599999960e+01;-2.5130582898e+02;
2.4603999960e+01;-2.5462771374e+02;
2.4607999960e+01;-2.5741590442e+02;
2.4611999960e+01;-2.5815621109e+02;
2.4615999960e+01;-2.5661611952e+02;
2.4619999960e+01;-2.5385305589e+02;
2.4623999960e+01;-2.5070764307e+02;
2.4627999960e+01;-2.4741217976e+02;
2.4631999960e+01;-2.4461790181e+02;
2.4635999960e+01;-2.4334000811e+02;
2.4639999960e+01;-2.4343145759e+02;
2.4643999960e+01;-2.4333533192e+02;
2.4647999960e+01;-2.4220662665e+02;
2.4651999960e+01;-2.4129105879e+02;
2.4655999960e+01;-2.4222086189e+02;
2.4659999960e+01;-2.4475540431e+02;
2.4663999960e+01;-2.4700057299e+02;
2.4667999960e+01;-2.4726619173e+02;
2.4671999960e+01;-2.4514589861e+02;
2.4675999960e+01;-2.4126674438e+02;
2.4679999960e+01;-2.3677512322e+02;
2.4683999960e+01;-2.3301848859e+02;
2.4687999960e+01;-2.3090076105e+02;
2.4691999960e+01;-2.3025439999e+02;
2.4695999960e+01;-2.3034815722e+02;
2.4699999960e+01;-2.3081112868e+02;
2.4703999960e+01;-2.3134910438e+02;
2.4707999960e+01;-2.3117793942e+02;
2.4711999960e+01;-2.2982773119e+02;
2.4715999960e+01;-2.2805118686e+02;
2.4719999960e+01;-2.2697736699e+02;
2.4723999960e+01;-2.2676675277e+02;
2.4727999960e+01;-2.2696787026e+02;
2.4731999960e+01;-2.2780003445e+02;
2.4735999960e+01;-2.2977032878e+02;
2.4739999960e+01;-2.3190676915e+02;
2.4743999960e+01;-2.3202000686e+02;
2.4747999960e+01;-2.2925966013e+02;
2.4751999960e+01;-2.2504870170e+02;
2.4755999960e+01;-2.2125477567e+02;
2.4759999960e+01;-2.1859990816e+02;
2.4763999960e+01;-2.1712624362e+02;
2.4767999960e+01;-2.1713548591e+02;
2.4771999960e+01;-2.1867817610e+02;
2.4775999960e+01;-2.2067497447e+02;
2.4779999960e+01;-2.2179856939e+02;
2.4783999960e+01;-2.2203380582e+02;
2.4787999960e+01;-2.2220045950e+02;
2.4791999960e+01;-2.2215900322e+02;
2.4795999960e+01;-2.2087432803e+02;
2.4799999960e+01;-2.1827186533e+02;
2.4803999960e+01;-2.1560938276e+02;
2.4807999960e+01;-2.1372089697e+02;
2.4811999960e+01;-2.1217636795e+02;
2.4815999960e+01;-2.1068429036e+02;
2.4819999960e+01;-2.1004442857e+02;
2.4823999960e+01;-2.1082904436e+02;
2.4827999960e+01;-2.1221259460e+02;
2.4831999960e+01;-2.1288224593e+02;
2.4835999960e+01;-2.1229451880e+02;
2.4839999960e+01;-2.1082124076e+02;
2.4843999960e+01;-2.0942943472e+02;
2.4847999960e+01;-2.0924066605e+02;
2.4851999960e+01;-2.1063507817e+02;
2.4855999960e+01;-2.1263050875e+02;
2.4859999960e+01;-2.1357207291e+02;
2.4863999960e+01;-2.1246549748e+02;
2.4867999960e+01;-2.0958434939e+02;
2.4871999960e+01;-2.0599739853e+02;
2.4875999960e+01;-2.0272106868e+02;
2.4879999960e+01;-2.0050504418e+02;
2.4883999960e+01;-2.0007823715e+02;
2.4887999960e+01;-2.0171773983e+02;
2.4891999960e+01;-2.0468893989e+02;
2.4895999960e+01;-2.0786496078e+02;
2.4899999960e+01;-2.1043965284e+02;
2.4903999960e+01;-2.1159631362e+02;
2.4907999960e+01;-2.1034716643e+02;
2.4911999960e+01;-2.0634942053e+02;
2.4915999960e+01;-2.0076000522e+02;
2.4919999960e+01;-1.9569959003e+02;
2.4923999960e+01;-1.9244391558e+02;
2.4927999960e+01;-1.9091385042e+02;
2.4931999960e+01;-1.9108412070e+02;
2.4935999960e+01;-1.9322104389e+02;
2.4939999960e+01;-1.9634948629e+02;
2.4943999960e+01;-1.9818851929e+02;
2.4947999960e+01;-1.9725970238e+02;
2.4951999960e+01;-1.9416722986e+02;
2.4955999960e+01;-1.9058411440e+02;
2.4959999960e+01;-1.8773500046e+02;
2.4963999960e+01;-1.8610762932e+02;
2.4967999960e+01;-1.8582553540e+02;
2.4971999960e+01;-1.8657551343e+02;
2.4975999960e+01;-1.8740085483e+02;
2.4979999959e+01;-1.8713347493e+02;
2.4983999960e+01;-1.8541435757e+02;
2.4987999960e+01;-1.8311303557e+02;
2.4991999960e+01;-1.8130863919e+02;
2.4995999960e+01;-1.8032022969e+02;
2.4999999959e+01;-1.8005299630e+02;
2.5003999960e+01;-1.8032144889e+02;
2.5007999960e+01;-1.8052656854e+02;
2.5011999960e+01;-1.8011515808e+02;
2.5015999960e+01;-1.7954114931e+02;
2.5019999960e+01;-1.7976464263e+02;
2.5023999959e+01;-1.8064119894e+02;
2.5027999960e+01;-1.8058845377e+02;
2.5031999960e+01;-1.7835187707e+02;
2.5035999960e+01;-1.7469537665e+02;
2.5039999960e+01;-1.7167792144e+02;
2.5043999959e+01;-1.7063410500e+02;
2.5047999960e+01;-1.7150483568e+02;
2.5051999960e+01;-1.7342241109e+02;
2.5055999960e+01;-1.7507307079e+02;
2.5059999960e+01;-1.7528930806e+02;
2.5063999960e+01;-1.7406938419e+02;
2.5067999959e+01;-1.7241309874e+02;
2.5071999960e+01;-1.7097783257e+02;
2.5075999960e+01;-1.6950366603e+02;
2.5079999960e+01;-1.6769926592e+02;
2.5083999960e+01;-1.6625897750e+02;
2.5087999959e+01;-1.6635325677e+02;
2.5091999959e+01;-1.6803570316e+02;
2.5095999959e+01;-1.6996591133e+02;
2.5099999959e+01;-1.7093392909e+02;
2.5103999959e+01;-1.7082016798e+02;
2.5107999959e+01;-1.6990395721e+02;
2.5111999959e+01;-1.6828324391e+02;
2.5115999959e+01;-1.6618309404e+02;
2.5119999959e+01;-1.6389758007e+02;
2.5123999959e+01;-1.6144526790e+02;
2.5127999959e+01;-1.5880886476e+02;
2.5131999959e+01;-1.5623994721e+02;
2.5135999959e+01;-1.5417412252e+02;
2.5139999959e+01;-1.5305821122e+02;
2.5143999959e+01;-1.5314089619e+02;
2.5147999959e+01;-1.5425432435e+02;
2.5151999959e+01;-1.5578032377e+02;
2.5155999959e+01;-1.5678962820e+02;
2.5159999959e+01;-1.5638004285e+02;
2.5163999959e+01;-1.5438462793e+02;
2.5167999959e+01;-1.5183839620e+02;
2.5171999959e+01;-1.5008337860e+02;
2.5175999959e+01;-1.4946318296e+02;
2.5179999959e+01;-1.4964021148e+02;
2.5183999959e+01;-1.5065286780e+02;
2.5187999959e+01;-1.5261601952e+02;
2.5191999959e+01;-1.5478891728e+02;
2.5195999959e+01;-1.5586728314e+02;
2.5199999959e+01;-1.5515649832e+02;
2.5203999959e+01;-1.5293352220e+02;
2.5207999959e+01;-1.4959563205e+02;
2.5211999959e+01;-1.4540999028e+02;
2.5215999959e+01;-1.4208343391e+02;
2.5219999959e+01;-1.4309297154e+02;
2.5223999959e+01;-1.5025099616e+02;
2.5227999959e+01;-1.6085515970e+02;
2.5231999959e+01;-1.6982717047e+02;
2.5235999959e+01;-1.7383111583e+02;
2.5239999959e+01;-1.7260160323e+02;
2.5243999959e+01;-1.6764020410e+02;
2.5247999959e+01;-1.6102550506e+02;
2.5251999959e+01;-1.5497614250e+02;
2.5255999959e+01;-1.5111100643e+02;
2.5259999959e+01;-1.4968668049e+02;
2.5263999959e+01;-1.5006967735e+02;
2.5267999959e+01;-1.5178773653e+02;
2.5271999959e+01;-1.5452359618e+02;
2.5275999959e+01;-1.5759313184e+02;
2.5279999959e+01;-1.6007287755e+02;
2.5283999959e+01;-1.6118437714e+02;
2.5287999959e+01;-1.6049118251e+02;
2.5291999959e+01;-1.5793351245e+02;
2.5295999959e+01;-1.5373791234e+02;
2.5299999959e+01;-1.4860718006e+02;
2.5303999959e+01;-1.4391503615e+02;
2.5307999959e+01;-1.4090073881e+02;
2.5311999959e+01;-1.3965687700e+02;
2.5315999959e+01;-1.3961016464e+02;
2.5319999959e+01;-1.4060016737e+02;
2.5323999959e+01;-1.4257950280e+02;
2.5327999959e+01;-1.4463986288e+02;
2.5331999959e+01;-1.4549254590e+02;
2.5335999959e+01;-1.4493962934e+02;
2.5339999959e+01;-1.4388660770e+02;
2.5343999959e+01;-1.4299927115e+02;
2.5347999959e+01;-1.4231683401e+02;
2.5351999959e+01;-1.4183697804e+02;
2.5355999959e+01;-1.4146957532e+02;
2.5359999959e+01;-1.4081417881e+02;
2.5363999959e+01;-1.3974537466e+02;
2.5367999959e+01;-1.3876694779e+02;
2.5371999959e+01;-1.3829371567e+02;
2.5375999959e+01;-1.3796823008e+02;
2.5379999959e+01;-1.3720396213e+02;
2.5383999959e+01;-1.3605203929e+02;
2.5387999959e+01;-1.3476774886e+02;
2.5391999959e+01;-1.3313739054e+02;
2.5395999959e+01;-1.3118409487e+02;
2.5399999959e+01;-1.2983806766e+02;
2.5403999959e+01;-1.3007670338e+02;
2.5407999959e+01;-1.3165966778e+02;
2.5411999959e+01;-1.3317986737e+02;
2.5415999959e+01;-1.3340634128e+02;
2.5419999959e+01;-1.3208138272e+02;
2.5423999959e+01;-1.2949377303e+02;
2.5427999959e+01;-1.2624223869e+02;
2.5431999959e+01;-1.2337467933e+02;
2.5435999959e+01;-1.2198044438e+02;
2.5439999959e+01;-1.2239539335e+02;
2.5443999959e+01;-1.2378440335e+02;
2.5447999959e+01;-1.2498075622e+02;
2.5451999959e+01;-1.2606161801e+02;
2.5455999959e+01;-1.2809967921e+02;
2.5459999959e+01;-1.3068338201e+02;
2.5463999959e+01;-1.3092056169e+02;
2.5467999959e+01;-1.2599658069e+02;
2.5471999959e+01;-1.1610331201e+02;
2.5475999959e+01;-1.0449267141e+02;
2.5479999959e+01;-9.5381544841e+01;
2.5483999959e+01;-9.1730470026e+01;
2.5487999959e+01;-9.3621485561e+01;
2.5491999959e+01;-9.8016713843e+01;
2.5495999959e+01;-1.0104619781e+02;
2.5499999959e+01;-1.0123730237e+02;
2.5503999959e+01;-1.0014202561e+02;
2.5507999959e+01;-9.9927561495e+01;
2.5511999959e+01;-1.0103024019e+02;
2.5515999959e+01;-1.0234772433e+02;
2.5519999959e+01;-1.0295148437e+02;
2.5523999959e+01;-1.0254893566e+02;
2.5527999959e+01;-1.0097956833e+02;
2.5531999959e+01;-9.8681788510e+01;
2.5535999959e+01;-9.6846587494e+01;
2.5539999959e+01;-9.6115929641e+01;
2.5543999959e+01;-9.6022286905e+01;
2.5547999959e+01;-9.6035908932e+01;
2.5551999959e+01;-9.6123092689e+01;
2.5555999959e+01;-9.5969433986e+01;
2.5559999959e+01;-9.4601360643e+01;
2.5563999959e+01;-9.1529753851e+01;
2.5567999959e+01;-8.7841841293e+01;
2.5571999959e+01;-8.5339918517e+01;
2.5575999959e+01;-8.4733782044e+01;
2.5579999959e+01;-8.5343201203e+01;
2.5583999959e+01;-8.6367285481e+01;
2.5587999959e+01;-8.7630240655e+01;
2.5591999959e+01;-8.8975884011e+01;
2.5595999959e+01;-8.9724408206e+01;
2.5599999959e+01;-8.9381640421e+01;
2.5603999959e+01;-8.8553099601e+01;
2.5607999959e+01;-8.8378065979e+01;
2.5611999959e+01;-8.9180331714e+01;
2.5615999958e+01;-9.0565494584e+01;
2.5619999958e+01;-9.2316697929e+01;
2.5623999959e+01;-9.3865360085e+01;
2.5627999959e+01;-9.3845449952e+01;
2.5631999959e+01;-9.1585081112e+01;
2.5635999958e+01;-8.8120411078e+01;
2.5639999958e+01;-8.4895393506e+01;
2.5643999959e+01;-8.2442076445e+01;
2.5647999959e+01;-8.0936421206e+01;
2.5651999959e+01;-8.0845215991e+01;
2.5655999959e+01;-8.2101073150e+01;
2.5659999958e+01;-8.3599559780e+01;
2.5663999958e+01;-8.4311319586e+01;
2.5667999959e+01;-8.4179477802e+01;
2.5671999959e+01;-8.3534937307e+01;
2.5675999959e+01;-8.2377701065e+01;
2.5679999958e+01;-8.0723977620e+01;
2.5683999958e+01;-7.9205740836e+01;
2.5687999959e+01;-7.8704694655e+01;
2.5691999959e+01;-7.9437104026e+01;
2.5695999959e+01;-8.0758700253e+01;
2.5699999959e+01;-8.1847604109e+01;
2.5703999958e+01;-8.2259281639e+01;
2.5707999958e+01;-8.1821801139e+01;
2.5711999959e+01;-8.0539888729e+01;
2.5715999959e+01;-7.8787527192e+01;
2.5719999959e+01;-7.7214934999e+01;
2.5723999958e+01;-7.6312580732e+01;
2.5727999958e+01;-7.6201302808e+01;
2.5731999958e+01;-7.6983326313e+01;
2.5735999958e+01;-7.8873451628e+01;
2.5739999958e+01;-8.1335969524e+01;
2.5743999958e+01;-8.2598247254e+01;
2.5747999958e+01;-8.1009358654e+01;
2.5751999958e+01;-7.6797403703e+01;
2.5755999958e+01;-7.1967475262e+01;
2.5759999958e+01;-6.8739240565e+01;
2.5763999958e+01;-6.8418909514e+01;
2.5767999958e+01;-7.1030876691e+01;
2.5771999958e+01;-7.5137291548e+01;
2.5775999958e+01;-7.8265528975e+01;
2.5779999958e+01;-7.8576324920e+01;
2.5783999958e+01;-7.6602288201e+01;
2.5787999958e+01;-7.4555468849e+01;
2.5791999958e+01;-7.3755240441e+01;
2.5795999958e+01;-7.3843258142e+01;
2.5799999958e+01;-7.4179267714e+01;
2.5803999958e+01;-7.4545296025e+01;
2.5807999958e+01;-7.4670139579e+01;
2.5811999958e+01;-7.4140287313e+01;
2.5815999958e+01;-7.3033682455e+01;
2.5819999958e+01;-7.2092760980e+01;
2.5823999958e+01;-7.1632863731e+01;
2.5827999958e+01;-7.0557557337e+01;
2.5831999958e+01;-6.7417854247e+01;
2.5835999958e+01;-6.2993834761e+01;
2.5839999958e+01;-6.1184719735e+01;
2.5843999958e+01;-6.6314378498e+01;
2.5847999958e+01;-7.9970962606e+01;
2.5851999958e+01;-1.0081609144e+02;
2.5855999958e+01;-1.2616259961e+02;
2.5859999958e+01;-1.5335780478e+02;
2.5863999958e+01;-1.8089372903e+02;
2.5867999958e+01;-2.0877976055e+02;
2.5871999958e+01;-2.3770931018e+02;
2.5875999958e+01;-2.6803339173e+02;
2.5879999958e+01;-2.9933772955e+02;
2.5883999958e+01;-3.3053344692e+02;
2.5887999958e+01;-3.6053938454e+02;
2.5891999958e+01;-3.8885103018e+02;
2.5895999958e+01;-4.1533134895e+02;
2.5899999958e+01;-4.4015555969e+02;
2.5903999958e+01;-4.6394696000e+02;
2.5907999958e+01;-4.8711852009e+02;
2.5911999958e+01;-5.0933486073e+02;
2.5915999958e+01;-5.3015450445e+02;
2.5919999958e+01;-5.4954595545e+02;
2.5923999958e+01;-5.6738945797e+02;
2.5927999958e+01;-5.8320029468e+02;
2.5931999958e+01;-5.9671140268e+02;
2.5935999958e+01;-6.0832229333e+02;
2.5939999958e+01;-6.1854714172e+02;
2.5943999958e+01;-6.2720919543e+02;
2.5947999958e+01;-6.3389515877e+02;
2.5951999958e+01;-6.3904588293e+02;
2.5955999958e+01;-6.4368271588e+02;
2.5959999958e+01;-6.4824228011e+02;
2.5963999958e+01;-6.5239938236e+02;
2.5967999958e+01;-6.5587464246e+02;
2.5971999958e+01;-6.5889033642e+02;
2.5975999958e+01;-6.6169911556e+02;
2.5979999958e+01;-6.6419250297e+02;
2.5983999958e+01;-6.6644284185e+02;
2.5987999958e+01;-6.6903615772e+02;
2.5991999958e+01;-6.7207823744e+02;
2.5995999958e+01;-6.7447569078e+02;
2.5999999958e+01;-6.7519129620e+02;
2.6003999958e+01;-6.7453486758e+02;
2.6007999958e+01;-6.7329688497e+02;
2.6011999958e+01;-6.7146219466e+02;
2.6015999958e+01;-6.6869261870e+02;
2.6019999958e+01;-6.6527527141e+02;
2.6023999958e+01;-6.6175194849e+02;
2.6027999958e+01;-6.5834061014e+02;
2.6031999958e+01;-6.5542113374e+02;
2.6035999958e+01;-6.5383580946e+02;
2.6039999958e+01;-6.5399263712e+02;
2.6043999958e+01;-6.5519453844e+02;
2.6047999958e+01;-6.5629329482e+02;
2.6051999958e+01;-6.5653192715e+02;
2.6055999958e+01;-6.5561552576e+02;
2.6059999958e+01;-6.5333856257e+02;
2.6063999958e+01;-6.4925896742e+02;
2.6067999958e+01;-6.4320758225e+02;
2.6071999958e+01;-6.3620699758e+02;
2.6075999958e+01;-6.2992726954e+02;
2.6079999958e+01;-6.2515123694e+02;
2.6083999958e+01;-6.2153960394e+02;
2.6087999958e+01;-6.1864688177e+02;
2.6091999958e+01;-6.1600900968e+02;
2.6095999958e+01;-6.1241220407e+02;
2.6099999958e+01;-6.0676647543e+02;
2.6103999958e+01;-5.9961849334e+02;
2.6107999958e+01;-5.9246139449e+02;
2.6111999958e+01;-5.8611419326e+02;
2.6115999958e+01;-5.8064577126e+02;
2.6119999958e+01;-5.7603413398e+02;
2.6123999958e+01;-5.7195763739e+02;
2.6127999958e+01;-5.6747935474e+02;
2.6131999958e+01;-5.6199096865e+02;
2.6135999958e+01;-5.5613745499e+02;
2.6139999958e+01;-5.5091534321e+02;
2.6143999958e+01;-5.4625879602e+02;
2.6147999958e+01;-5.4132823694e+02;
2.6151999958e+01;-5.3594522634e+02;
2.6155999958e+01;-5.3072098465e+02;
2.6159999958e+01;-5.2580863277e+02;
2.6163999958e+01;-5.2085515982e+02;
2.6167999958e+01;-5.1600324257e+02;
2.6171999958e+01;-5.1149142994e+02;
2.6175999958e+01;-5.0679307173e+02;
2.6179999958e+01;-5.0147919462e+02;
2.6183999958e+01;-4.9628309395e+02;
2.6187999958e+01;-4.9225785249e+02;
2.6191999958e+01;-4.8923508367e+02;
2.6195999958e+01;-4.8591842394e+02;
2.6199999958e+01;-4.8150595555e+02;
2.6203999958e+01;-4.7642036113e+02;
2.6207999958e+01;-4.7128698925e+02;
2.6211999958e+01;-4.6610055203e+02;
2.6215999958e+01;-4.6074165861e+02;
2.6219999958e+01;-4.5571576535e+02;
2.6223999958e+01;-4.5175507205e+02;
2.6227999958e+01;-4.4874948923e+02;
2.6231999958e+01;-4.4611063439e+02;
2.6235999958e+01;-4.4459323126e+02;
2.6239999958e+01;-4.4631908283e+02;
2.6243999958e+01;-4.5170013664e+02;
2.6247999958e+01;-4.5664251496e+02;
2.6251999957e+01;-4.5386671211e+02;
2.6255999957e+01;-4.3788905170e+02;
2.6259999957e+01;-4.0903123473e+02;
2.6263999958e+01;-3.7294076058e+02;
2.6267999958e+01;-3.3668988742e+02;
2.6271999958e+01;-3.0455832019e+02;
2.6275999957e+01;-2.7631125647e+02;
2.6279999957e+01;-2.4917554060e+02;
2.6283999958e+01;-2.2096031185e+02;
2.6287999958e+01;-1.9076407406e+02;
2.6291999958e+01;-1.5799382245e+02;
2.6295999957e+01;-1.2250728291e+02;
2.6299999957e+01;-8.5386449995e+01;
2.6303999957e+01;-4.8217606077e+01;
2.6307999958e+01;-1.1524117229e+01;
2.6311999958e+01;2.5317621410e+01;
2.6315999958e+01;6.2627667805e+01;
2.6319999957e+01;9.9584834852e+01;
2.6323999957e+01;1.3503606391e+02;
2.6327999958e+01;1.6864934826e+02;
2.6331999958e+01;2.0058052115e+02;
2.6335999958e+01;2.3026566408e+02;
2.6339999957e+01;2.5665517340e+02;
2.6343999957e+01;2.7949415204e+02;
2.6347999957e+01;2.9940141512e+02;
2.6351999958e+01;3.1702430201e+02;
2.6355999958e+01;3.3270461689e+02;
2.6359999957e+01;3.4643930864e+02;
2.6363999957e+01;3.5771682726e+02;
2.6367999957e+01;3.6565132913e+02;
2.6371999957e+01;3.6988212917e+02;
2.6375999957e+01;3.7163430532e+02;
2.6379999957e+01;3.7312756155e+02;
2.6383999957e+01;3.7546002119e+02;
2.6387999957e+01;3.7785187781e+02;
2.6391999957e+01;3.7916532816e+02;
2.6395999957e+01;3.7927428984e+02;
2.6399999957e+01;3.7865948372e+02;
2.6403999957e+01;3.7730266569e+02;
2.6407999957e+01;3.7476791659e+02;
2.6411999957e+01;3.7140271726e+02;
2.6415999957e+01;3.6843359754e+02;
2.6419999957e+01;3.6662024593e+02;
2.6423999957e+01;3.6576861346e+02;
2.6427999957e+01;3.6553072134e+02;
2.6431999957e+01;3.6572399171e+02;
2.6435999957e+01;3.6592594204e+02;
2.6439999957e+01;3.6563378278e+02;
2.6443999957e+01;3.6487268635e+02;
2.6447999957e+01;3.6389749208e+02;
2.6451999957e+01;3.6253126853e+02;
2.6455999957e+01;3.6080187567e+02;
2.6459999957e+01;3.5976161633e+02;
2.6463999957e+01;3.6042419630e+02;
2.6467999957e+01;3.6217893589e+02;
2.6471999957e+01;3.6322749119e+02;
2.6475999957e+01;3.6249688676e+02;
2.6479999957e+01;3.6055012986e+02;
2.6483999957e+01;3.5862908939e+02;
2.6487999957e+01;3.5738959738e+02;
2.6491999957e+01;3.5691121583e+02;
2.6495999957e+01;3.5729342079e+02;
2.6499999957e+01;3.5839917011e+02;
2.6503999957e+01;3.5931897515e+02;
2.6507999957e+01;3.5900729625e+02;
2.6511999957e+01;3.5741434032e+02;
2.6515999957e+01;3.5513568097e+02;
2.6519999957e+01;3.5214141342e+02;
2.6523999957e+01;3.4811937643e+02;
2.6527999957e+01;3.4382914408e+02;
2.6531999957e+01;3.4055022220e+02;
2.6535999957e+01;3.3843863753e+02;
2.6539999957e+01;3.3694085995e+02;
2.6543999957e+01;3.3645767000e+02;
2.6547999957e+01;3.3801930418e+02;
2.6551999957e+01;3.4140743872e+02;
2.6555999957e+01;3.4473061787e+02;
2.6559999957e+01;3.4592819101e+02;
2.6563999957e+01;3.4424448758e+02;
2.6567999957e+01;3.4028588508e+02;
2.6571999957e+01;3.3519505641e+02;
2.6575999957e+01;3.3030433483e+02;
2.6579999957e+01;3.2705017340e+02;
2.6583999957e+01;3.2616793280e+02;
2.6587999957e+01;3.2711745764e+02;
2.6591999957e+01;3.2877656602e+02;
2.6595999957e+01;3.3017841483e+02;
2.6599999957e+01;3.3043118088e+02;
2.6603999957e+01;3.2892297084e+02;
2.6607999957e+01;3.2613086014e+02;
2.6611999957e+01;3.2352032018e+02;
2.6615999957e+01;3.2202580630e+02;
2.6619999957e+01;3.2100229678e+02;
2.6623999957e+01;3.1931713276e+02;
2.6627999957e+01;3.1717103614e+02;
2.6631999957e+01;3.1577294488e+02;
2.6635999957e+01;3.1536571673e+02;
2.6639999957e+01;3.1499984341e+02;
2.6643999957e+01;3.1415645956e+02;
2.6647999957e+01;3.1321485800e+02;
2.6651999957e+01;3.1246635558e+02;
2.6655999957e+01;3.1174451670e+02;
2.6659999957e+01;3.1131064842e+02;
2.6663999957e+01;3.1248520894e+02;
2.6667999957e+01;3.1607552325e+02;
2.6671999957e+01;3.1989968604e+02;
2.6675999957e+01;3.1961814929e+02;
2.6679999957e+01;3.1275108750e+02;
2.6683999957e+01;3.0086451108e+02;
2.6687999957e+01;2.8815524761e+02;
2.6691999957e+01;2.7897157834e+02;
2.6695999957e+01;2.7589327277e+02;
2.6699999957e+01;2.7846667601e+02;
2.6703999957e+01;2.8349154529e+02;
2.6707999957e+01;2.8739350750e+02;
2.6711999957e+01;2.8849214794e+02;
2.6715999957e+01;2.8694878427e+02;
2.6719999957e+01;2.8358681765e+02;
2.6723999957e+01;2.7954380364e+02;
2.6727999957e+01;2.7618230921e+02;
2.6731999957e+01;2.7427412387e+02;
2.6735999957e+01;2.7340605108e+02;
2.6739999957e+01;2.7271840966e+02;
2.6743999957e+01;2.7202977518e+02;
2.6747999957e+01;2.7167280253e+02;
2.6751999957e+01;2.7155340447e+02;
2.6755999957e+01;2.7116913144e+02;
2.6759999957e+01;2.7056012012e+02;
2.6763999957e+01;2.7047296129e+02;
2.6767999957e+01;2.7121075408e+02;
2.6771999957e+01;2.7211435926e+02;
2.6775999957e+01;2.7254818194e+02;
2.6779999957e+01;2.7252683116e+02;
2.6783999957e+01;2.7205652681e+02;
2.6787999957e+01;2.7069837535e+02;
2.6791999957e+01;2.6837882593e+02;
2.6795999957e+01;2.6608538817e+02;
2.6799999957e+01;2.6488455509e+02;
2.6803999957e+01;2.6435576892e+02;
2.6807999957e+01;2.6298714317e+02;
2.6811999957e+01;2.6022074420e+02;
2.6815999957e+01;2.5702874879e+02;
2.6819999957e+01;2.5445136264e+02;
2.6823999957e+01;2.5267290747e+02;
2.6827999957e+01;2.5158733398e+02;
2.6831999957e+01;2.5128042968e+02;
2.6835999957e+01;2.5168051915e+02;
2.6839999957e+01;2.5238615136e+02;
2.6843999957e+01;2.5307640532e+02;
2.6847999957e+01;2.5371550676e+02;
2.6851999957e+01;2.5425113694e+02;
2.6855999957e+01;2.5448184117e+02;
2.6859999957e+01;2.5440173521e+02;
2.6863999957e+01;2.5420919182e+02;
2.6867999957e+01;2.5380109142e+02;
2.6871999957e+01;2.5286337761e+02;
2.6875999957e+01;2.5154109796e+02;
2.6879999957e+01;2.5036581168e+02;
2.6883999957e+01;2.4952498629e+02;
2.6887999956e+01;2.4866381751e+02;
2.6891999956e+01;2.4728953895e+02;
2.6895999956e+01;2.4531876920e+02;
2.6899999956e+01;2.4332408222e+02;
2.6903999957e+01;2.4203174556e+02;
2.6907999957e+01;2.4188455005e+02;
2.6911999956e+01;2.4321358099e+02;
2.6915999956e+01;2.4577327143e+02;
2.6919999956e+01;2.4788098359e+02;
2.6923999957e+01;2.4746216390e+02;
2.6927999957e+01;2.4436907677e+02;
2.6931999956e+01;2.4049977941e+02;
2.6935999956e+01;2.3761379864e+02;
2.6939999956e+01;2.3610661729e+02;
2.6943999956e+01;2.3564893035e+02;
2.6947999957e+01;2.3580416455e+02;
2.6951999957e+01;2.3588982319e+02;
2.6955999956e+01;2.3522543297e+02;
2.6959999956e+01;2.3397250828e+02;
2.6963999956e+01;2.3302794941e+02;
2.6967999957e+01;2.3278848900e+02;
2.6971999957e+01;2.3280060724e+02;
2.6975999956e+01;2.3268358589e+02;
2.6979999956e+01;2.3247390283e+02;
2.6983999956e+01;2.3199242341e+02;
2.6987999956e+01;2.3066018577e+02;
2.6991999957e+01;2.2841481979e+02;
2.6995999957e+01;2.2639840967e+02;
2.6999999956e+01;2.2586427865e+02;
2.7003999956e+01;2.2661792613e+02;
2.7007999956e+01;2.2739473180e+02;
2.7011999956e+01;2.2733469168e+02;
2.7015999956e+01;2.2631255587e+02;
2.7019999956e+01;2.2443276220e+02;
2.7023999956e+01;2.2201544756e+02;
2.7027999956e+01;2.1974667960e+02;
2.7031999956e+01;2.1814842155e+02;
2.7035999956e+01;2.1696956849e+02;
2.7039999956e+01;2.1572518797e+02;
2.7043999956e+01;2.1462201162e+02;
2.7047999956e+01;2.1421099604e+02;
2.7051999956e+01;2.1434735236e+02;
2.7055999956e+01;2.1403034994e+02;
2.7059999956e+01;2.1245446857e+02;
2.7063999956e+01;2.1003184659e+02;
2.7067999956e+01;2.0784180155e+02;
2.7071999956e+01;2.0632024028e+02;
2.7075999956e+01;2.0526384322e+02;
2.7079999956e+01;2.0460861627e+02;
2.7083999956e+01;2.0414729755e+02;
2.7087999956e+01;2.0320584777e+02;
2.7091999956e+01;2.0171846060e+02;
2.7095999956e+01;2.0063256399e+02;
2.7099999956e+01;2.0033547187e+02;
2.7103999956e+01;1.9995638199e+02;
2.7107999956e+01;1.9901162818e+02;
2.7111999956e+01;1.9841720084e+02;
2.7115999956e+01;1.9905691443e+02;
2.7119999956e+01;2.0019569058e+02;
2.7123999956e+01;2.0000502898e+02;
2.7127999956e+01;1.9779274533e+02;
2.7131999956e+01;1.9554748976e+02;
2.7135999956e+01;1.9632303157e+02;
2.7139999956e+01;2.0077306473e+02;
2.7143999956e+01;2.0621540810e+02;
2.7147999956e+01;2.0913617401e+02;
2.7151999956e+01;2.0780063131e+02;
2.7155999956e+01;2.0294339835e+02;
2.7159999956e+01;1.9727649562e+02;
2.7163999956e+01;1.9402485862e+02;
2.7167999956e+01;1.9452898031e+02;
2.7171999956e+01;1.9726428533e+02;
2.7175999956e+01;1.9978753738e+02;
2.7179999956e+01;2.0105512678e+02;
2.7183999956e+01;2.0132847337e+02;
2.7187999956e+01;2.0077755902e+02;
2.7191999956e+01;1.9924008722e+02;
2.7195999956e+01;1.9688168166e+02;
2.7199999956e+01;1.9414416131e+02;
2.7203999956e+01;1.9129223073e+02;
2.7207999956e+01;1.8866072155e+02;
2.7211999956e+01;1.8705524987e+02;
2.7215999956e+01;1.8726585048e+02;
2.7219999956e+01;1.8911228079e+02;
2.7223999956e+01;1.9144887626e+02;
2.7227999956e+01;1.9322961834e+02;
2.7231999956e+01;1.9394703635e+02;
2.7235999956e+01;1.9319801876e+02;
2.7239999956e+01;1.9083208900e+02;
2.7243999956e+01;1.8756280690e+02;
2.7247999956e+01;1.8463155643e+02;
2.7251999956e+01;1.8255039935e+02;
2.7255999956e+01;1.8092130576e+02;
2.7259999956e+01;1.7996360124e+02;
2.7263999956e+01;1.8091635927e+02;
2.7267999956e+01;1.8390258371e+02;
2.7271999956e+01;1.8664664761e+02;
2.7275999956e+01;1.8661632686e+02;
2.7279999956e+01;1.8370951783e+02;
2.7283999956e+01;1.7991634308e+02;
2.7287999956e+01;1.7706328036e+02;
2.7291999956e+01;1.7587692824e+02;
2.7295999956e+01;1.7658621816e+02;
2.7299999956e+01;1.7876545602e+02;
2.7303999956e+01;1.8063494255e+02;
2.7307999956e+01;1.8026629391e+02;
2.7311999956e+01;1.7769241861e+02;
2.7315999956e+01;1.7466012630e+02;
2.7319999956e+01;1.7252623938e+02;
2.7323999956e+01;1.7140159582e+02;
2.7327999956e+01;1.7092756250e+02;
2.7331999956e+01;1.7063991158e+02;
2.7335999956e+01;1.6969373068e+02;
2.7339999956e+01;1.6742511277e+02;
2.7343999956e+01;1.6449133130e+02;
2.7347999956e+01;1.6261921869e+02;
2.7351999956e+01;1.6267530514e+02;
2.7355999956e+01;1.6357421883e+02;
2.7359999956e+01;1.6368246199e+02;
2.7363999956e+01;1.6279814326e+02;
2.7367999956e+01;1.6192174538e+02;
2.7371999956e+01;1.6152449387e+02;
2.7375999956e+01;1.6121252329e+02;
2.7379999956e+01;1.6066073409e+02;
2.7383999956e+01;1.5979540028e+02;
2.7387999956e+01;1.5847196614e+02;
2.7391999956e+01;1.5682135565e+02;
2.7395999956e+01;1.5564624184e+02;
2.7399999956e+01;1.5560795147e+02;
2.7403999956e+01;1.5623369612e+02;
2.7407999956e+01;1.5657454892e+02;
2.7411999956e+01;1.5639492760e+02;
2.7415999956e+01;1.5593935642e+02;
2.7419999956e+01;1.5504254404e+02;
2.7423999956e+01;1.5337111457e+02;
2.7427999956e+01;1.5144504689e+02;
2.7431999956e+01;1.5045116893e+02;
2.7435999956e+01;1.5084764924e+02;
2.7439999956e+01;1.5198809647e+02;
2.7443999956e+01;1.5321506250e+02;
2.7447999956e+01;1.5444342634e+02;
2.7451999956e+01;1.5543347872e+02;
2.7455999956e+01;1.5544175871e+02;
2.7459999956e+01;1.5414755407e+02;
2.7463999956e+01;1.5221096769e+02;
2.7467999956e+01;1.5035387067e+02;
2.7471999956e+01;1.4840087437e+02;
2.7475999956e+01;1.4584919194e+02;
2.7479999956e+01;1.4287292435e+02;
2.7483999956e+01;1.3998044259e+02;
2.7487999956e+01;1.3724653867e+02;
2.7491999956e+01;1.3462300550e+02;
2.7495999956e+01;1.3245901154e+02;
2.7499999956e+01;1.3118342975e+02;
2.7503999956e+01;1.3077571542e+02;
2.7507999956e+01;1.3080516275e+02;
2.7511999956e+01;1.3105931245e+02;
2.7515999956e+01;1.3182874486e+02;
2.7519999956e+01;1.3309336200e+02;
2.7523999956e+01;1.3395622454e+02;
2.7527999955e+01;1.3358896634e+02;
2.7531999955e+01;1.3217051244e+02;
2.7535999955e+01;1.3026417640e+02;
2.7539999955e+01;1.2800311925e+02;
2.7543999956e+01;1.2556613130e+02;
2.7547999955e+01;1.2362292532e+02;
2.7551999955e+01;1.2253122768e+02;
2.7555999955e+01;1.2182150648e+02;
2.7559999955e+01;1.2123500798e+02;
2.7563999956e+01;1.2147009091e+02;
2.7567999955e+01;1.2301504657e+02;
2.7571999955e+01;1.2499036103e+02;
2.7575999955e+01;1.2598966517e+02;
2.7579999955e+01;1.2552928337e+02;
2.7583999955e+01;1.2404124042e+02;
2.7587999956e+01;1.2210895381e+02;
2.7591999955e+01;1.2050238565e+02;
2.7595999955e+01;1.2016868988e+02;
2.7599999955e+01;1.2123700514e+02;
2.7603999955e+01;1.2260091365e+02;
2.7607999956e+01;1.2312748659e+02;
2.7611999955e+01;1.2281051338e+02;
2.7615999955e+01;1.2223985190e+02;
2.7619999955e+01;1.2136800175e+02;
2.7623999955e+01;1.1952735708e+02;
2.7627999955e+01;1.1665862399e+02;
2.7631999956e+01;1.1386509056e+02;
2.7635999955e+01;1.1241666756e+02;
2.7639999955e+01;1.1258819830e+02;
2.7643999955e+01;1.1379398489e+02;
2.7647999955e+01;1.1533543468e+02;
2.7651999955e+01;1.1655361698e+02;
2.7655999955e+01;1.1687229294e+02;
2.7659999955e+01;1.1618101344e+02;
2.7663999955e+01;1.1486870200e+02;
2.7667999955e+01;1.1331803587e+02;
2.7671999955e+01;1.1145710425e+02;
2.7675999955e+01;1.0918871166e+02;
2.7679999955e+01;1.0735603031e+02;
2.7683999955e+01;1.0725594208e+02;
2.7687999955e+01;1.0889942719e+02;
2.7691999955e+01;1.1098038919e+02;
2.7695999955e+01;1.1264803274e+02;
2.7699999955e+01;1.1396125338e+02;
2.7703999955e+01;1.1461769776e+02;
2.7707999955e+01;1.1375090641e+02;
2.7711999955e+01;1.1127675827e+02;
2.7715999955e+01;1.0831634974e+02;
2.7719999955e+01;1.0599535521e+02;
2.7723999955e+01;1.0454622078e+02;
2.7727999955e+01;1.0384162820e+02;
2.7731999955e+01;1.0404590958e+02;
2.7735999955e+01;1.0516256908e+02;
2.7739999955e+01;1.0658990710e+02;
2.7743999955e+01;1.0767120379e+02;
2.7747999955e+01;1.0820764788e+02;
2.7751999955e+01;1.0811502551e+02;
2.7755999955e+01;1.0709533326e+02;
2.7759999955e+01;1.0511989645e+02;
2.7763999955e+01;1.0288779820e+02;
2.7767999955e+01;1.0122186423e+02;
2.7771999955e+01;1.0020984994e+02;
2.7775999955e+01;9.9610382712e+01;
2.7779999955e+01;9.9679882159e+01;
2.7783999955e+01;1.0064675613e+02;
2.7787999955e+01;1.0187441752e+02;
2.7791999955e+01;1.0236950274e+02;
2.7795999955e+01;1.0181979220e+02;
2.7799999955e+01;1.0061211916e+02;
2.7803999955e+01;9.8817999433e+01;
2.7807999955e+01;9.5941982591e+01;
2.7811999955e+01;9.2221085886e+01;
2.7815999955e+01;8.9171038370e+01;
2.7819999955e+01;8.8052543337e+01;
2.7823999955e+01;8.8625784940e+01;
2.7827999955e+01;8.9865229845e+01;
2.7831999955e+01;9.1012547675e+01;
2.7835999955e+01;9.1508763620e+01;
2.7839999955e+01;9.0733155064e+01;
2.7843999955e+01;8.8534175566e+01;
2.7847999955e+01;8.5717872733e+01;
2.7851999955e+01;8.3445306282e+01;
2.7855999955e+01;8.2253054088e+01;
2.7859999955e+01;8.2053639855e+01;
2.7863999955e+01;8.2752781224e+01;
2.7867999955e+01;8.4280082433e+01;
2.7871999955e+01;8.6106829517e+01;
2.7875999955e+01;8.7234627211e+01;
2.7879999955e+01;8.7006147102e+01;
2.7883999955e+01;8.5489822989e+01;
2.7887999955e+01;8.2723873018e+01;
2.7891999955e+01;7.8737421791e+01;
2.7895999955e+01;7.4801855879e+01;
2.7899999955e+01;7.2945664633e+01;
2.7903999955e+01;7.3680194378e+01;
2.7907999955e+01;7.5666768948e+01;
2.7911999955e+01;7.7619273718e+01;
2.7915999955e+01;7.9222095078e+01;
2.7919999955e+01;8.0211241285e+01;
2.7923999955e+01;7.9856591530e+01;
2.7927999955e+01;7.7994814681e+01;
2.7931999955e+01;7.5613613365e+01;
2.7935999955e+01;7.3709298909e+01;
2.7939999955e+01;7.2297998548e+01;
2.7943999955e+01;7.0997340729e+01;
2.7947999955e+01;6.9946807497e+01;
2.7951999955e+01;6.9475074577e+01;
2.7955999955e+01;6.8990937476e+01;
2.7959999955e+01;6.7087319366e+01;
2.7963999955e+01;6.3534685157e+01;
2.7967999955e+01;6.0825387135e+01;
2.7971999955e+01;6.2766509669e+01;
2.7975999955e+01;7.1869976852e+01;
2.7979999955e+01;8.8640884510e+01;
2.7983999955e+01;1.1195559299e+02;
2.7987999955e+01;1.3923295455e+02;
2.7991999955e+01;1.6760054179e+02;
2.7995999955e+01;1.9562387109e+02;
2.7999999955e+01;2.2328217741e+02;
2.8003999955e+01;2.5035407614e+02;
2.8007999955e+01;2.7583404928e+02;
2.8011999955e+01;2.9909432895e+02;
2.8015999955e+01;3.2054979418e+02;
2.8019999955e+01;3.4103999440e+02;
2.8023999955e+01;3.6129545930e+02;
2.8027999955e+01;3.8172130925e+02;
2.8031999955e+01;4.0211165417e+02;
2.8035999955e+01;4.2154393698e+02;
2.8039999955e+01;4.3895500240e+02;
2.8043999955e+01;4.5419785384e+02;
2.8047999955e+01;4.6819887996e+02;
2.8051999955e+01;4.8183127211e+02;
2.8055999955e+01;4.9495756683e+02;
2.8059999955e+01;5.0685440191e+02;
2.8063999955e+01;5.1733830723e+02;
2.8067999955e+01;5.2684884047e+02;
2.8071999955e+01;5.3576468711e+02;
2.8075999955e+01;5.4441405008e+02;
2.8079999955e+01;5.5317064644e+02;
2.8083999955e+01;5.6185260587e+02;
2.8087999955e+01;5.6937852372e+02;
2.8091999955e+01;5.7458536089e+02;
2.8095999955e+01;5.7760518039e+02;
2.8099999955e+01;5.8002233007e+02;
2.8103999955e+01;5.8331755719e+02;
2.8107999955e+01;5.8744291606e+02;
2.8111999955e+01;5.9136651940e+02;
2.8115999955e+01;5.9481579454e+02;
2.8119999955e+01;5.9843028298e+02;
2.8123999955e+01;6.0222920460e+02;
2.8127999955e+01;6.0526985550e+02;
2.8131999955e+01;6.0662602288e+02;
2.8135999955e+01;6.0567006579e+02;
2.8139999954e+01;6.0198033624e+02;
2.8143999955e+01;5.9585860589e+02;
2.8147999955e+01;5.8864604862e+02;
2.8151999955e+01;5.8198331181e+02;
2.8155999955e+01;5.7666944795e+02;
2.8159999955e+01;5.7238660458e+02;
2.8163999954e+01;5.6835352865e+02;
2.8167999954e+01;5.6378656171e+02;
2.8171999954e+01;5.5811845845e+02;
2.8175999954e+01;5.5155422338e+02;
2.8179999954e+01;5.4515389124e+02;
2.8183999954e+01;5.3990697257e+02;
2.8187999954e+01;5.3574202975e+02;
2.8191999954e+01;5.3160403659e+02;
2.8195999954e+01;5.2669296876e+02;
2.8199999954e+01;5.2130446129e+02;
2.8203999955e+01;5.1624707597e+02;
2.8207999954e+01;5.1206315764e+02;
2.8211999954e+01;5.0905050720e+02;
2.8215999954e+01;5.0716104521e+02;
2.8219999954e+01;5.0537487038e+02;
2.8223999954e+01;5.0212950147e+02;
2.8227999954e+01;4.9695494806e+02;
2.8231999954e+01;4.9092145927e+02;
2.8235999954e+01;4.8533527321e+02;
2.8239999954e+01;4.8074356041e+02;
2.8243999954e+01;4.7717025970e+02;
2.8247999955e+01;4.7459828244e+02;
2.8251999954e+01;4.7278005725e+02;
2.8255999954e+01;4.7075410600e+02;
2.8259999954e+01;4.6736064327e+02;
2.8263999954e+01;4.6250202063e+02;
2.8267999954e+01;4.5710197306e+02;
2.8271999954e+01;4.5175411322e+02;
2.8275999954e+01;4.4637095137e+02;
2.8279999954e+01;4.4115794469e+02;
2.8283999954e+01;4.3684300630e+02;
2.8287999954e+01;4.3374434969e+02;
2.8291999954e+01;4.3152584654e+02;
2.8295999954e+01;4.2985829412e+02;
2.8299999954e+01;4.2836943181e+02;
2.8303999954e+01;4.2613193850e+02;
2.8307999954e+01;4.2221606278e+02;
2.8311999954e+01;4.1694979147e+02;
2.8315999954e+01;4.1188905028e+02;
2.8319999954e+01;4.0817096515e+02;
2.8323999954e+01;4.0547572184e+02;
2.8327999954e+01;4.0268621269e+02;
2.8331999954e+01;3.9922109362e+02;
2.8335999954e+01;3.9572889849e+02;
2.8339999954e+01;3.9334889884e+02;
2.8343999954e+01;3.9280204375e+02;
2.8347999954e+01;3.9427847556e+02;
2.8351999954e+01;3.9642739288e+02;
2.8355999954e+01;3.9510197719e+02;
2.8359999954e+01;3.8515783683e+02;
2.8363999954e+01;3.6451376636e+02;
2.8367999954e+01;3.3579119778e+02;
2.8371999954e+01;3.0371089992e+02;
2.8375999954e+01;2.7170398666e+02;
2.8379999954e+01;2.4117710453e+02;
2.8383999954e+01;2.1238598673e+02;
2.8387999954e+01;1.8460216966e+02;
2.8391999954e+01;1.5607579224e+02;
2.8395999954e+01;1.2515053609e+02;
2.8399999954e+01;9.1394471589e+01;
2.8403999954e+01;5.5194960411e+01;
2.8407999954e+01;1.7043268536e+01;
2.8411999954e+01;-2.2118387161e+01;
2.8415999954e+01;-6.0688163117e+01;
2.8419999954e+01;-9.7339537269e+01;
2.8423999954e+01;-1.3184177214e+02;
2.8427999954e+01;-1.6453277754e+02;
2.8431999954e+01;-1.9532632989e+02;
2.8435999954e+01;-2.2398126755e+02;
2.8439999954e+01;-2.5107019320e+02;
2.8443999954e+01;-2.7714359171e+02;
2.8447999954e+01;-3.0077328754e+02;
2.8451999954e+01;-3.1920282453e+02;
2.8455999954e+01;-3.3136271874e+02;
2.8459999954e+01;-3.3902664266e+02;
2.8463999954e+01;-3.4474495044e+02;
2.8467999954e+01;-3.4917480156e+02;
2.8471999954e+01;-3.5057074872e+02;
2.8475999954e+01;-3.4694408188e+02;
2.8479999954e+01;-3.3876712251e+02;
2.8483999954e+01;-3.2950793575e+02;
2.8487999954e+01;-3.2336604133e+02;
2.8491999954e+01;-3.2188454682e+02;
2.8495999954e+01;-3.2266851734e+02;
2.8499999954e+01;-3.2221349234e+02;
2.8503999954e+01;-3.1957576328e+02;
2.8507999954e+01;-3.1634814205e+02;
2.8511999954e+01;-3.1417195298e+02;
2.8515999954e+01;-3.1338396915e+02;
2.8519999954e+01;-3.1332097663e+02;
2.8523999954e+01;-3.1311526502e+02;
2.8527999954e+01;-3.1208218758e+02;
2.8531999954e+01;-3.0978767705e+02;
2.8535999954e+01;-3.0646573520e+02;
2.8539999954e+01;-3.0323369349e+02;
2.8543999954e+01;-3.0117703922e+02;
2.8547999954e+01;-3.0031866366e+02;
2.8551999954e+01;-2.9998403166e+02;
2.8555999954e+01;-2.9988188258e+02;
2.8559999954e+01;-3.0018661677e+02;
2.8563999954e+01;-3.0065482694e+02;
2.8567999954e+01;-3.0049912187e+02;
2.8571999954e+01;-2.9946016766e+02;
2.8575999954e+01;-2.9823095791e+02;
2.8579999954e+01;-2.9741472034e+02;
2.8583999954e+01;-2.9680282485e+02;
2.8587999954e+01;-2.9603617237e+02;
2.8591999954e+01;-2.9519791657e+02;
2.8595999954e+01;-2.9429416208e+02;
2.8599999954e+01;-2.9289440685e+02;
2.8603999954e+01;-2.9092682315e+02;
2.8607999954e+01;-2.8916845928e+02;
2.8611999954e+01;-2.8825315262e+02;
2.8615999954e+01;-2.8773847954e+02;
2.8619999954e+01;-2.8672849314e+02;
2.8623999954e+01;-2.8508369112e+02;
2.8627999954e+01;-2.8343252445e+02;
2.8631999954e+01;-2.8208735517e+02;
2.8635999954e+01;-2.8077359462e+02;
2.8639999954e+01;-2.7933324384e+02;
2.8643999954e+01;-2.7772161096e+02;
2.8647999954e+01;-2.7552930551e+02;
2.8651999954e+01;-2.7255324050e+02;
2.8655999954e+01;-2.6984705062e+02;
2.8659999954e+01;-2.6909931560e+02;
2.8663999954e+01;-2.7062229516e+02;
2.8667999954e+01;-2.7286356285e+02;
2.8671999954e+01;-2.7412593351e+02;
2.8675999954e+01;-2.7397174702e+02;
2.8679999954e+01;-2.7274100895e+02;
2.8683999954e+01;-2.7061025987e+02;
2.8687999954e+01;-2.6779399258e+02;
2.8691999953e+01;-2.6506416341e+02;
2.8695999954e+01;-2.6339654269e+02;
2.8699999954e+01;-2.6309436182e+02;
2.8703999954e+01;-2.6336235016e+02;
2.8707999954e+01;-2.6294638677e+02;
2.8711999953e+01;-2.6117017303e+02;
2.8715999954e+01;-2.5832576351e+02;
2.8719999954e+01;-2.5555920551e+02;
2.8723999954e+01;-2.5428645556e+02;
2.8727999954e+01;-2.5489096912e+02;
2.8731999954e+01;-2.5597408365e+02;
2.8735999953e+01;-2.5575959870e+02;
2.8739999954e+01;-2.5428276005e+02;
2.8743999954e+01;-2.5306750680e+02;
2.8747999954e+01;-2.5290824994e+02;
2.8751999954e+01;-2.5358912645e+02;
2.8755999953e+01;-2.5515423102e+02;
2.8759999954e+01;-2.5723772307e+02;
2.8763999954e+01;-2.5733226215e+02;
2.8767999954e+01;-2.5203482670e+02;
2.8771999954e+01;-2.4076442557e+02;
2.8775999954e+01;-2.2709050118e+02;
2.8779999953e+01;-2.1607815083e+02;
2.8783999954e+01;-2.1095134261e+02;
2.8787999954e+01;-2.1200351835e+02;
2.8791999954e+01;-2.1738675304e+02;
2.8795999954e+01;-2.2405828042e+02;
2.8799999953e+01;-2.2869756058e+02;
2.8803999953e+01;-2.2936517072e+02;
2.8807999953e+01;-2.2662902427e+02;
2.8811999953e+01;-2.2238535364e+02;
2.8815999953e+01;-2.1800416191e+02;
2.8819999953e+01;-2.1424327128e+02;
2.8823999953e+01;-2.1200580070e+02;
2.8827999953e+01;-2.1187303507e+02;
2.8831999953e+01;-2.1312745159e+02;
2.8835999953e+01;-2.1428301942e+02;
2.8839999953e+01;-2.1456892931e+02;
2.8843999953e+01;-2.1431873771e+02;
2.8847999953e+01;-2.1403159654e+02;
2.8851999953e+01;-2.1353741773e+02;
2.8855999953e+01;-2.1239786624e+02;
2.8859999953e+01;-2.1070354750e+02;
2.8863999953e+01;-2.0874839088e+02;
2.8867999953e+01;-2.0641564088e+02;
2.8871999953e+01;-2.0375758740e+02;
2.8875999953e+01;-2.0166378386e+02;
2.8879999953e+01;-2.0101667746e+02;
2.8883999953e+01;-2.0169827031e+02;
2.8887999953e+01;-2.0320751951e+02;
2.8891999953e+01;-2.0535393699e+02;
2.8895999953e+01;-2.0748570026e+02;
2.8899999953e+01;-2.0805030731e+02;
2.8903999953e+01;-2.0601273621e+02;
2.8907999953e+01;-2.0223023876e+02;
2.8911999953e+01;-1.9875918718e+02;
2.8915999953e+01;-1.9707903216e+02;
2.8919999953e+01;-1.9738264433e+02;
2.8923999953e+01;-1.9925478237e+02;
2.8927999953e+01;-2.0208407806e+02;
2.8931999953e+01;-2.0482755305e+02;
2.8935999953e+01;-2.0652830134e+02;
2.8939999953e+01;-2.0702489139e+02;
2.8943999953e+01;-2.0643265898e+02;
2.8947999953e+01;-2.0457906776e+02;
2.8951999953e+01;-2.0165155915e+02;
2.8955999953e+01;-1.9881993761e+02;
2.8959999953e+01;-1.9757314945e+02;
2.8963999953e+01;-1.9854782972e+02;
2.8967999953e+01;-2.0105755958e+02;
2.8971999953e+01;-2.0356092788e+02;
2.8975999953e+01;-2.0468393005e+02;
2.8979999953e+01;-2.0383012190e+02;
2.8983999953e+01;-2.0117884295e+02;
2.8987999953e+01;-1.9796405251e+02;
2.8991999953e+01;-1.9618809765e+02;
2.8995999953e+01;-1.9673551118e+02;
2.8999999953e+01;-1.9822810351e+02;
2.9003999953e+01;-1.9867075263e+02;
2.9007999953e+01;-1.9764971435e+02;
2.9011999953e+01;-1.9627442526e+02;
2.9015999953e+01;-1.9560792236e+02;
2.9019999953e+01;-1.9567932584e+02;
2.9023999953e+01;-1.9566978877e+02;
2.9027999953e+01;-1.9479570567e+02;
2.9031999953e+01;-1.9294921391e+02;
2.9035999953e+01;-1.9070176023e+02;
2.9039999953e+01;-1.8900122471e+02;
2.9043999953e+01;-1.8849366521e+02;
2.9047999953e+01;-1.8877664130e+02;
2.9051999953e+01;-1.8860198841e+02;
2.9055999953e+01;-1.8704637275e+02;
2.9059999953e+01;-1.8429941790e+02;
2.9063999953e+01;-1.8159494114e+02;
2.9067999953e+01;-1.8098446145e+02;
2.9071999953e+01;-1.8448237448e+02;
2.9075999953e+01;-1.9217371040e+02;
2.9079999953e+01;-2.0101874980e+02;
2.9083999953e+01;-2.0630742788e+02;
2.9087999953e+01;-2.0525873215e+02;
2.9091999953e+01;-1.9934243370e+02;
2.9095999953e+01;-1.9259119230e+02;
2.9099999953e+01;-1.8800773107e+02;
2.9103999953e+01;-1.8624079816e+02;
2.9107999953e+01;-1.8677054296e+02;
2.9111999953e+01;-1.8864207900e+02;
2.9115999953e+01;-1.9024309040e+02;
2.9119999953e+01;-1.9021003958e+02;
2.9123999953e+01;-1.8884146939e+02;
2.9127999953e+01;-1.8736615782e+02;
2.9131999953e+01;-1.8600666700e+02;
2.9135999953e+01;-1.8388141757e+02;
2.9139999953e+01;-1.8065874544e+02;
2.9143999953e+01;-1.7734570781e+02;
2.9147999953e+01;-1.7514283744e+02;
2.9151999953e+01;-1.7427283095e+02;
2.9155999953e+01;-1.7435119928e+02;
2.9159999953e+01;-1.7505630407e+02;
2.9163999953e+01;-1.7595701422e+02;
2.9167999953e+01;-1.7648160694e+02;
2.9171999953e+01;-1.7651145566e+02;
2.9175999953e+01;-1.7638404788e+02;
2.9179999953e+01;-1.7612208760e+02;
2.9183999953e+01;-1.7531654500e+02;
2.9187999953e+01;-1.7387663340e+02;
2.9191999953e+01;-1.7237306489e+02;
2.9195999953e+01;-1.7146837526e+02;
2.9199999953e+01;-1.7119731970e+02;
2.9203999953e+01;-1.7115464330e+02;
2.9207999953e+01;-1.7132602076e+02;
2.9211999953e+01;-1.7191328664e+02;
2.9215999953e+01;-1.7242301667e+02;
2.9219999953e+01;-1.7200120615e+02;
2.9223999953e+01;-1.7059178397e+02;
2.9227999953e+01;-1.6893740103e+02;
2.9231999953e+01;-1.6755582251e+02;
2.9235999953e+01;-1.6642132955e+02;
2.9239999953e+01;-1.6556211879e+02;
2.9243999953e+01;-1.6516064780e+02;
2.9247999953e+01;-1.6499200411e+02;
2.9251999953e+01;-1.6457188120e+02;
2.9255999953e+01;-1.6406479744e+02;
2.9259999953e+01;-1.6419948336e+02;
2.9263999953e+01;-1.6502065726e+02;
2.9267999953e+01;-1.6566608141e+02;
2.9271999953e+01;-1.6561233150e+02;
2.9275999953e+01;-1.6518964375e+02;
2.9279999953e+01;-1.6469729216e+02;
2.9283999953e+01;-1.6393660538e+02;
2.9287999953e+01;-1.6284918862e+02;
2.9291999953e+01;-1.6182155830e+02;
2.9295999953e+01;-1.6108615827e+02;
2.9299999953e+01;-1.6035288412e+02;
2.9303999953e+01;-1.5921440839e+02;
2.9307999953e+01;-1.5777030390e+02;
2.9311999953e+01;-1.5659516574e+02;
2.9315999953e+01;-1.5587059234e+02;
2.9319999953e+01;-1.5521947330e+02;
2.9323999953e+01;-1.5471386417e+02;
2.9327999952e+01;-1.5487959439e+02;
2.9331999952e+01;-1.5534449197e+02;
2.9335999953e+01;-1.5486699456e+02;
2.9339999953e+01;-1.5314276859e+02;
2.9343999953e+01;-1.5125902594e+02;
2.9347999953e+01;-1.5013070016e+02;
2.9351999952e+01;-1.4982233325e+02;
2.9355999953e+01;-1.5033659195e+02;
2.9359999953e+01;-1.5167166195e+02;
2.9363999953e+01;-1.5311914468e+02;
2.9367999953e+01;-1.5363601210e+02;
2.9371999952e+01;-1.5303017108e+02;
2.9375999952e+01;-1.5205928136e+02;
2.9379999953e+01;-1.5136947247e+02;
2.9383999953e+01;-1.5084382849e+02;
2.9387999953e+01;-1.4996766152e+02;
2.9391999952e+01;-1.4850292975e+02;
2.9395999952e+01;-1.4663160408e+02;
2.9399999953e+01;-1.4467577989e+02;
2.9403999953e+01;-1.4313190105e+02;
2.9407999953e+01;-1.4286005493e+02;
2.9411999953e+01;-1.4447966996e+02;
2.9415999952e+01;-1.4732380686e+02;
2.9419999952e+01;-1.4964110431e+02;
2.9423999953e+01;-1.5012625401e+02;
2.9427999953e+01;-1.4872851265e+02;
2.9431999953e+01;-1.4581126822e+02;
2.9435999952e+01;-1.4166088278e+02;
2.9439999952e+01;-1.3757615415e+02;
2.9443999952e+01;-1.3562864570e+02;
2.9447999952e+01;-1.3564948849e+02;
2.9451999952e+01;-1.3403907536e+02;
2.9455999952e+01;-1.2734819537e+02;
2.9459999952e+01;-1.1632816672e+02;
2.9463999952e+01;-1.0570384710e+02;
2.9467999952e+01;-1.0042956533e+02;
2.9471999952e+01;-1.0229127035e+02;
2.9475999952e+01;-1.0941398676e+02;
2.9479999952e+01;-1.1813175203e+02;
2.9483999952e+01;-1.2524975916e+02;
2.9487999952e+01;-1.2948237193e+02;
2.9491999952e+01;-1.3126053339e+02;
2.9495999952e+01;-1.3099463506e+02;
2.9499999952e+01;-1.2814667904e+02;
2.9503999952e+01;-1.2274899346e+02;
2.9507999952e+01;-1.1710596481e+02;
2.9511999952e+01;-1.1470312140e+02;
2.9515999952e+01;-1.1709403145e+02;
2.9519999952e+01;-1.2244003606e+02;
2.9523999952e+01;-1.2731135019e+02;
2.9527999952e+01;-1.2919748274e+02;
2.9531999952e+01;-1.2739991589e+02;
2.9535999952e+01;-1.2306190681e+02;
2.9539999952e+01;-1.1883982172e+02;
2.9543999952e+01;-1.1722593123e+02;
2.9547999952e+01;-1.1850422724e+02;
2.9551999952e+01;-1.2089394255e+02;
2.9555999952e+01;-1.2266314465e+02;
2.9559999952e+01;-1.2343958148e+02;
2.9563999952e+01;-1.2355875109e+02;
2.9567999952e+01;-1.2308917909e+02;
2.9571999952e+01;-1.2191164720e+02;
2.9575999952e+01;-1.2019952454e+02;
2.9579999952e+01;-1.1841057613e+02;
2.9583999952e+01;-1.1685942640e+02;
2.9587999952e+01;-1.1568767534e+02;
2.9591999952e+01;-1.1549239828e+02;
2.9595999952e+01;-1.1706445429e+02;
2.9599999952e+01;-1.1986400777e+02;
2.9603999952e+01;-1.2200332553e+02;
2.9607999952e+01;-1.2241380165e+02;
2.9611999952e+01;-1.2169354498e+02;
2.9615999952e+01;-1.2053098175e+02;
2.9619999952e+01;-1.1884733228e+02;
2.9623999952e+01;-1.1681051280e+02;
2.9627999952e+01;-1.1524269222e+02;
2.9631999952e+01;-1.1449259081e+02;
2.9635999952e+01;-1.1400770234e+02;
2.9639999952e+01;-1.1345332021e+02;
2.9643999952e+01;-1.1328948329e+02;
2.9647999952e+01;-1.1373534708e+02;
2.9651999952e+01;-1.1408198063e+02;
2.9655999952e+01;-1.1380056625e+02;
2.9659999952e+01;-1.1341768180e+02;
2.9663999952e+01;-1.1343552944e+02;
2.9667999952e+01;-1.1323037064e+02;
2.9671999952e+01;-1.1198046760e+02;
2.9675999952e+01;-1.1017475480e+02;
2.9679999952e+01;-1.0918135062e+02;
2.9683999952e+01;-1.0959807504e+02;
2.9687999952e+01;-1.1086564874e+02;
2.9691999952e+01;-1.1209326375e+02;
2.9695999952e+01;-1.1246074724e+02;
2.9699999952e+01;-1.1125827235e+02;
2.9703999952e+01;-1.0854680814e+02;
2.9707999952e+01;-1.0567507050e+02;
2.9711999952e+01;-1.0420093994e+02;
2.9715999952e+01;-1.0419655028e+02;
2.9719999952e+01;-1.0436613523e+02;
2.9723999952e+01;-1.0378233113e+02;
2.9727999952e+01;-1.0260465168e+02;
2.9731999952e+01;-1.0120671330e+02;
2.9735999952e+01;-9.9579429756e+01;
2.9739999952e+01;-9.7648361069e+01;
2.9743999952e+01;-9.5616034313e+01;
2.9747999952e+01;-9.3970491070e+01;
2.9751999952e+01;-9.3372035443e+01;
2.9755999952e+01;-9.4281183244e+01;
2.9759999952e+01;-9.6275189782e+01;
2.9763999952e+01;-9.7925032873e+01;
2.9767999952e+01;-9.7954961529e+01;
2.9771999952e+01;-9.6637850056e+01;
2.9775999952e+01;-9.5560295685e+01;
2.9779999952e+01;-9.5801380322e+01;
2.9783999952e+01;-9.6817220448e+01;
2.9787999952e+01;-9.7340493294e+01;
2.9791999952e+01;-9.6807262178e+01;
2.9795999952e+01;-9.5511230949e+01;
2.9799999952e+01;-9.3863148638e+01;
2.9803999952e+01;-9.2205826106e+01;
2.9807999952e+01;-9.1149407478e+01;
2.9811999952e+01;-9.1108570716e+01;
2.9815999952e+01;-9.1399648489e+01;
2.9819999952e+01;-9.0758849609e+01;
2.9823999952e+01;-8.8940165238e+01;
2.9827999952e+01;-8.7027919675e+01;
2.9831999952e+01;-8.5967078651e+01;
2.9835999952e+01;-8.5680577139e+01;
2.9839999952e+01;-8.6077085913e+01;
2.9843999952e+01;-8.7645067614e+01;
2.9847999952e+01;-9.0264847121e+01;
2.9851999952e+01;-9.2478294918e+01;
2.9855999952e+01;-9.2706451179e+01;
2.9859999952e+01;-9.0847890421e+01;
2.9863999952e+01;-8.8097261846e+01;
2.9867999952e+01;-8.5269538895e+01;
2.9871999952e+01;-8.2351325309e+01;
2.9875999952e+01;-8.0223484303e+01;
2.9879999952e+01;-8.1467082680e+01;
2.9883999952e+01;-8.8425716009e+01;
2.9887999952e+01;-1.0155768869e+02;
2.9891999952e+01;-1.2008982558e+02;
2.9895999952e+01;-1.4299173374e+02;
2.9899999952e+01;-1.6913976663e+02;
2.9903999952e+01;-1.9745315227e+02;
2.9907999952e+01;-2.2703350113e+02;
2.9911999952e+01;-2.5711407950e+02;
2.9915999952e+01;-2.8700946770e+02;
2.9919999952e+01;-3.1609443167e+02;
2.9923999952e+01;-3.4408098781e+02;
2.9927999952e+01;-3.7115056894e+02;
2.9931999952e+01;-3.9726263238e+02;
2.9935999952e+01;-4.2180853832e+02;
2.9939999952e+01;-4.4443263039e+02;
2.9943999952e+01;-4.6558208485e+02;
2.9947999952e+01;-4.8592380070e+02;
2.9951999952e+01;-5.0564992458e+02;
2.9955999952e+01;-5.2451283256e+02;
2.9959999952e+01;-5.4220078828e+02;
2.9963999951e+01;-5.5834286646e+02;
2.9967999951e+01;-5.7245802391e+02;
2.9971999951e+01;-5.8459221466e+02;
2.9975999952e+01;-5.9572664424e+02;
2.9979999952e+01;-6.0669045229e+02;
2.9983999952e+01;-6.1703645002e+02;
2.9987999951e+01;-6.2587221364e+02;
2.9991999951e+01;-6.3331247515e+02;
2.9995999952e+01;-6.4020662217e+02;
2.9999999952e+01;-6.4680879750e+02;
3.0003999952e+01;-6.5262854513e+02;
3.0007999951e+01;-6.5748690510e+02;
3.0011999951e+01;-6.6188021811e+02;
3.0015999951e+01;-6.6622529078e+02;
3.0019999952e+01;-6.7042024671e+02;
3.0023999952e+01;-6.7426602759e+02;
3.0027999952e+01;-6.7778266561e+02;
3.0031999951e+01;-6.8089793543e+02;
3.0035999951e+01;-6.8334447788e+02;
3.0039999952e+01;-6.8527843918e+02;
3.0043999952e+01;-6.8737999855e+02;
3.0047999952e+01;-6.8978613694e+02;
3.0051999951e+01;-6.9160730185e+02;
3.0055999951e+01;-6.9210734073e+02;
3.0059999951e+01;-6.9166590969e+02;
3.0063999952e+01;-6.9075159245e+02;
3.0067999952e+01;-6.8864712394e+02;
3.0071999951e+01;-6.8443273345e+02;
3.0075999951e+01;-6.7881353031e+02;
3.0079999951e+01;-6.7367120657e+02;
3.0083999951e+01;-6.6991435662e+02;
3.0087999951e+01;-6.6679214824e+02;
3.0091999951e+01;-6.6319488329e+02;
3.0095999951e+01;-6.5863787779e+02;
3.0099999951e+01;-6.5308114187e+02;
3.0103999951e+01;-6.4691905135e+02;
3.0107999951e+01;-6.4123910204e+02;
3.0111999951e+01;-6.3701124848e+02;
3.0115999951e+01;-6.3376764157e+02;
3.0119999951e+01;-6.2990262277e+02;
3.0123999951e+01;-6.2443116427e+02;
3.0127999951e+01;-6.1783713910e+02;
3.0131999951e+01;-6.1117555500e+02;
3.0135999951e+01;-6.0489513323e+02;
3.0139999951e+01;-5.9901686868e+02;
3.0143999951e+01;-5.9404291075e+02;
3.0147999951e+01;-5.9051180595e+02;
3.0151999951e+01;-5.8785261271e+02;
3.0155999951e+01;-5.8483737744e+02;
3.0159999951e+01;-5.8094520255e+02;
3.0163999951e+01;-5.7645533420e+02;
3.0167999951e+01;-5.7154595474e+02;
3.0171999951e+01;-5.6612362870e+02;
3.0175999951e+01;-5.6044237346e+02;
3.0179999951e+01;-5.5516516010e+02;
3.0183999951e+01;-5.5074783028e+02;
3.0187999951e+01;-5.4734461645e+02;
3.0191999951e+01;-5.4507493814e+02;
3.0195999951e+01;-5.4367335187e+02;
3.0199999951e+01;-5.4214009750e+02;
3.0203999951e+01;-5.3923635206e+02;
3.0207999951e+01;-5.3448152476e+02;
3.0211999951e+01;-5.2857274879e+02;
3.0215999951e+01;-5.2255962208e+02;
3.0219999951e+01;-5.1698015216e+02;
3.0223999951e+01;-5.1196633247e+02;
3.0227999951e+01;-5.0752054295e+02;
3.0231999951e+01;-5.0348849886e+02;
3.0235999951e+01;-4.9957034943e+02;
3.0239999951e+01;-4.9549051881e+02;
3.0243999951e+01;-4.9107461103e+02;
3.0247999951e+01;-4.8626403018e+02;
3.0251999951e+01;-4.8121495304e+02;
3.0255999951e+01;-4.7625220231e+02;
3.0259999951e+01;-4.7198077525e+02;
3.0263999951e+01;-4.6961801938e+02;
3.0267999951e+01;-4.7038730451e+02;
3.0271999951e+01;-4.7350858252e+02;
3.0275999951e+01;-4.7459327724e+02;
3.0279999951e+01;-4.6718188075e+02;
3.0283999951e+01;-4.4691748078e+02;
3.0287999951e+01;-4.1426195408e+02;
3.0291999951e+01;-3.7382525995e+02;
3.0295999951e+01;-3.3149599802e+02;
3.0299999951e+01;-2.9101552030e+02;
3.0303999951e+01;-2.5261459189e+02;
3.0307999951e+01;-2.1488416876e+02;
3.0311999951e+01;-1.7690226857e+02;
3.0315999951e+01;-1.3826512858e+02;
3.0319999951e+01;-9.8594924412e+01;
3.0323999951e+01;-5.7868472983e+01;
3.0327999951e+01;-1.6781071063e+01;
3.0331999951e+01;2.3570164469e+01;
3.0335999951e+01;6.2481262518e+01;
3.0339999951e+01;9.9930180683e+01;
3.0343999951e+01;1.3605078588e+02;
3.0347999951e+01;1.7094546142e+02;
3.0351999951e+01;2.0496281532e+02;
3.0355999951e+01;2.3794149774e+02;
3.0359999951e+01;2.6778663797e+02;
3.0363999951e+01;2.9092015811e+02;
3.0367999951e+01;3.0474688102e+02;
3.0371999951e+01;3.0942397310e+02;
3.0375999951e+01;3.0755811177e+02;
3.0379999951e+01;3.0281670923e+02;
3.0383999951e+01;2.9857367384e+02;
3.0387999951e+01;2.9666333292e+02;
3.0391999951e+01;2.9672144272e+02;
3.0395999951e+01;2.9717216598e+02;
3.0399999951e+01;2.9705179477e+02;
3.0403999951e+01;2.9665430968e+02;
3.0407999951e+01;2.9651125917e+02;
3.0411999951e+01;2.9621335756e+02;
3.0415999951e+01;2.9482860405e+02;
3.0419999951e+01;2.9230270717e+02;
3.0423999951e+01;2.8963403011e+02;
3.0427999951e+01;2.8768496643e+02;
3.0431999951e+01;2.8661502680e+02;
3.0435999951e+01;2.8636538740e+02;
3.0439999951e+01;2.8671236069e+02;
3.0443999951e+01;2.8703686336e+02;
3.0447999951e+01;2.8692321186e+02;
3.0451999951e+01;2.8660417116e+02;
3.0455999951e+01;2.8625736079e+02;
3.0459999951e+01;2.8559755510e+02;
3.0463999951e+01;2.8461232908e+02;
3.0467999951e+01;2.8366277431e+02;
3.0471999951e+01;2.8253217733e+02;
3.0475999951e+01;2.8055623663e+02;
3.0479999951e+01;2.7771470230e+02;
3.0483999951e+01;2.7455252401e+02;
3.0487999951e+01;2.7162504326e+02;
3.0491999951e+01;2.7019386309e+02;
3.0495999951e+01;2.7276987869e+02;
3.0499999951e+01;2.8177607568e+02;
3.0503999951e+01;2.9753799959e+02;
3.0507999951e+01;3.1739733499e+02;
3.0511999951e+01;3.3623118506e+02;
3.0515999951e+01;3.4817422137e+02;
3.0519999951e+01;3.4935984352e+02;
3.0523999951e+01;3.4031618763e+02;
3.0527999951e+01;3.2581372462e+02;
3.0531999951e+01;3.1191769731e+02;
3.0535999951e+01;3.0248601144e+02;
3.0539999951e+01;2.9763228336e+02;
3.0543999951e+01;2.9515481095e+02;
3.0547999951e+01;2.9312518472e+02;
3.0551999951e+01;2.9097678994e+02;
3.0555999951e+01;2.8888358864e+02;
3.0559999951e+01;2.8687160011e+02;
3.0563999951e+01;2.8477920994e+02;
3.0567999951e+01;2.8280264656e+02;
3.0571999951e+01;2.8128385935e+02;
3.0575999951e+01;2.8000349300e+02;
3.0579999951e+01;2.7857738280e+02;
3.0583999951e+01;2.7734385753e+02;
3.0587999951e+01;2.7695058305e+02;
3.0591999951e+01;2.7718972739e+02;
3.0595999951e+01;2.7698192819e+02;
3.0599999951e+01;2.7561737868e+02;
3.0603999950e+01;2.7337899023e+02;
3.0607999950e+01;2.7085706614e+02;
3.0611999950e+01;2.6839957949e+02;
3.0615999951e+01;2.6634133497e+02;
3.0619999951e+01;2.6513013263e+02;
3.0623999950e+01;2.6476546647e+02;
3.0627999950e+01;2.6441680885e+02;
3.0631999950e+01;2.6324320807e+02;
3.0635999951e+01;2.6130666180e+02;
3.0639999951e+01;2.5928314020e+02;
3.0643999950e+01;2.5782897432e+02;
3.0647999950e+01;2.5750417569e+02;
3.0651999950e+01;2.5868109613e+02;
3.0655999950e+01;2.6097378388e+02;
3.0659999951e+01;2.6307343424e+02;
3.0663999951e+01;2.6376619333e+02;
3.0667999950e+01;2.6304469265e+02;
3.0671999950e+01;2.6172611782e+02;
3.0675999950e+01;2.6020629796e+02;
3.0679999951e+01;2.5848723766e+02;
3.0683999951e+01;2.5726910992e+02;
3.0687999950e+01;2.5761300004e+02;
3.0691999950e+01;2.5923971731e+02;
3.0695999950e+01;2.6044873828e+02;
3.0699999950e+01;2.6005586719e+02;
3.0703999951e+01;2.5845981788e+02;
3.0707999951e+01;2.5673321188e+02;
3.0711999950e+01;2.5546654654e+02;
3.0715999950e+01;2.5471649573e+02;
3.0719999950e+01;2.5445542123e+02;
3.0723999950e+01;2.5446229523e+02;
3.0727999950e+01;2.5410165694e+02;
3.0731999950e+01;2.5306710209e+02;
3.0735999950e+01;2.5227714618e+02;
3.0739999950e+01;2.5294406878e+02;
3.0743999950e+01;2.5467458765e+02;
3.0747999950e+01;2.5569678194e+02;
3.0751999950e+01;2.5505172647e+02;
3.0755999950e+01;2.5339614383e+02;
3.0759999950e+01;2.5164269817e+02;
3.0763999950e+01;2.5006777774e+02;
3.0767999950e+01;2.4885011152e+02;
3.0771999950e+01;2.4826629612e+02;
3.0775999950e+01;2.4811733795e+02;
3.0779999950e+01;2.4784417000e+02;
3.0783999950e+01;2.4728816381e+02;
3.0787999950e+01;2.4658478255e+02;
3.0791999950e+01;2.4545123942e+02;
3.0795999950e+01;2.4353955958e+02;
3.0799999950e+01;2.4139456144e+02;
3.0803999950e+01;2.4011217271e+02;
3.0807999950e+01;2.4016863845e+02;
3.0811999950e+01;2.4135161120e+02;
3.0815999950e+01;2.4362490799e+02;
3.0819999950e+01;2.4690916348e+02;
3.0823999950e+01;2.4937336373e+02;
3.0827999950e+01;2.4728022428e+02;
3.0831999950e+01;2.3837479119e+02;
3.0835999950e+01;2.2503990745e+02;
3.0839999950e+01;2.1273060998e+02;
3.0843999950e+01;2.0554756262e+02;
3.0847999950e+01;2.0402844344e+02;
3.0851999950e+01;2.0624687331e+02;
3.0855999950e+01;2.0962932443e+02;
3.0859999950e+01;2.1192599446e+02;
3.0863999950e+01;2.1177237933e+02;
3.0867999950e+01;2.0929452509e+02;
3.0871999950e+01;2.0603044951e+02;
3.0875999950e+01;2.0360477168e+02;
3.0879999950e+01;2.0254225871e+02;
3.0883999950e+01;2.0248131989e+02;
3.0887999950e+01;2.0273447153e+02;
3.0891999950e+01;2.0234066647e+02;
3.0895999950e+01;2.0053480985e+02;
3.0899999950e+01;1.9770874880e+02;
3.0903999950e+01;1.9528246730e+02;
3.0907999950e+01;1.9425434961e+02;
3.0911999950e+01;1.9435275230e+02;
3.0915999950e+01;1.9480367988e+02;
3.0919999950e+01;1.9524397200e+02;
3.0923999950e+01;1.9548587022e+02;
3.0927999950e+01;1.9515782830e+02;
3.0931999950e+01;1.9413254645e+02;
3.0935999950e+01;1.9286556129e+02;
3.0939999950e+01;1.9196663392e+02;
3.0943999950e+01;1.9161081772e+02;
3.0947999950e+01;1.9154024050e+02;
3.0951999950e+01;1.9147783089e+02;
3.0955999950e+01;1.9128234525e+02;
3.0959999950e+01;1.9074916796e+02;
3.0963999950e+01;1.8971449626e+02;
3.0967999950e+01;1.8853087900e+02;
3.0971999950e+01;1.8773194272e+02;
3.0975999950e+01;1.8699631335e+02;
3.0979999950e+01;1.8551229067e+02;
3.0983999950e+01;1.8363347847e+02;
3.0987999950e+01;1.8286463317e+02;
3.0991999950e+01;1.8373941132e+02;
3.0995999950e+01;1.8500572627e+02;
3.0999999950e+01;1.8552985559e+02;
3.1003999950e+01;1.8563169951e+02;
3.1007999950e+01;1.8588627610e+02;
3.1011999950e+01;1.8594402599e+02;
3.1015999950e+01;1.8514951100e+02;
3.1019999950e+01;1.8352040855e+02;
3.1023999950e+01;1.8169298596e+02;
3.1027999950e+01;1.8022976316e+02;
3.1031999950e+01;1.7929847773e+02;
3.1035999950e+01;1.7886271383e+02;
3.1039999950e+01;1.7872667202e+02;
3.1043999950e+01;1.7834577785e+02;
3.1047999950e+01;1.7718350490e+02;
3.1051999950e+01;1.7541095445e+02;
3.1055999950e+01;1.7374856897e+02;
3.1059999950e+01;1.7277951243e+02;
3.1063999950e+01;1.7281077465e+02;
3.1067999950e+01;1.7401779065e+02;
3.1071999950e+01;1.7619123718e+02;
3.1075999950e+01;1.7836808171e+02;
3.1079999950e+01;1.7931608896e+02;
3.1083999950e+01;1.7863304781e+02;
3.1087999950e+01;1.7690256894e+02;
3.1091999950e+01;1.7466111539e+02;
3.1095999950e+01;1.7186739958e+02;
3.1099999950e+01;1.6877300545e+02;
3.1103999950e+01;1.6646207442e+02;
3.1107999950e+01;1.6572125496e+02;
3.1111999950e+01;1.6610905977e+02;
3.1115999950e+01;1.6672723836e+02;
3.1119999950e+01;1.6720939204e+02;
3.1123999950e+01;1.6760342076e+02;
3.1127999950e+01;1.6764806159e+02;
3.1131999950e+01;1.6658769469e+02;
3.1135999950e+01;1.6412794836e+02;
3.1139999950e+01;1.6123460558e+02;
3.1143999950e+01;1.5916439305e+02;
3.1147999950e+01;1.5808828942e+02;
3.1151999950e+01;1.5741776421e+02;
3.1155999950e+01;1.5687794309e+02;
3.1159999950e+01;1.5668317874e+02;
3.1163999950e+01;1.5708910454e+02;
3.1167999950e+01;1.5800772075e+02;
3.1171999950e+01;1.5890220346e+02;
3.1175999950e+01;1.5897301738e+02;
3.1179999950e+01;1.5771795740e+02;
3.1183999950e+01;1.5560122392e+02;
3.1187999950e+01;1.5369681798e+02;
3.1191999950e+01;1.5246263956e+02;
3.1195999950e+01;1.5149279324e+02;
3.1199999950e+01;1.5040375640e+02;
3.1203999950e+01;1.4926423145e+02;
3.1207999950e+01;1.4805613197e+02;
3.1211999950e+01;1.4638403459e+02;
3.1215999950e+01;1.4433417453e+02;
3.1219999950e+01;1.4303412719e+02;
3.1223999950e+01;1.4351106354e+02;
3.1227999950e+01;1.4543697064e+02;
3.1231999950e+01;1.4757986306e+02;
3.1235999950e+01;1.4897028512e+02;
3.1239999949e+01;1.4919360305e+02;
3.1243999949e+01;1.4814410308e+02;
3.1247999949e+01;1.4614073676e+02;
3.1251999949e+01;1.4403480138e+02;
3.1255999950e+01;1.4265639366e+02;
3.1259999949e+01;1.4210487636e+02;
3.1263999949e+01;1.4172205354e+02;
3.1267999949e+01;1.4078001851e+02;
3.1271999949e+01;1.3910517234e+02;
3.1275999950e+01;1.3703266910e+02;
3.1279999950e+01;1.3511937092e+02;
3.1283999949e+01;1.3403325119e+02;
3.1287999949e+01;1.3431518616e+02;
3.1291999949e+01;1.3584860094e+02;
3.1295999949e+01;1.3754902532e+02;
3.1299999950e+01;1.3818351410e+02;
3.1303999949e+01;1.3773751289e+02;
3.1307999949e+01;1.3706580872e+02;
3.1311999949e+01;1.3631759186e+02;
3.1315999949e+01;1.3513328294e+02;
3.1319999950e+01;1.3395733705e+02;
3.1323999949e+01;1.3339216935e+02;
3.1327999949e+01;1.3271551078e+02;
3.1331999949e+01;1.3090334736e+02;
3.1335999949e+01;1.2870398437e+02;
3.1339999949e+01;1.2800484534e+02;
3.1343999950e+01;1.2944702336e+02;
3.1347999949e+01;1.3181690228e+02;
3.1351999949e+01;1.3351777452e+02;
3.1355999949e+01;1.3368907584e+02;
3.1359999949e+01;1.3202770499e+02;
3.1363999949e+01;1.2873008720e+02;
3.1367999949e+01;1.2500459109e+02;
3.1371999949e+01;1.2260533615e+02;
3.1375999949e+01;1.2225037767e+02;
3.1379999949e+01;1.2317544792e+02;
3.1383999949e+01;1.2443629851e+02;
3.1387999949e+01;1.2575417175e+02;
3.1391999949e+01;1.2688098764e+02;
3.1395999949e+01;1.2708957647e+02;
3.1399999949e+01;1.2604021328e+02;
3.1403999949e+01;1.2458172026e+02;
3.1407999949e+01;1.2351611916e+02;
3.1411999949e+01;1.2215203381e+02;
3.1415999949e+01;1.1958943955e+02;
3.1419999949e+01;1.1652772674e+02;
3.1423999949e+01;1.1438495700e+02;
3.1427999949e+01;1.1360701989e+02;
3.1431999949e+01;1.1373521021e+02;
3.1435999949e+01;1.1450720493e+02;
3.1439999949e+01;1.1615297148e+02;
3.1443999949e+01;1.1847872009e+02;
3.1447999949e+01;1.2030236366e+02;
3.1451999949e+01;1.2036852445e+02;
3.1455999949e+01;1.1852169148e+02;
3.1459999949e+01;1.1544748688e+02;
3.1463999949e+01;1.1168206786e+02;
3.1467999949e+01;1.0779347612e+02;
3.1471999949e+01;1.0498264069e+02;
3.1475999949e+01;1.0420727565e+02;
3.1479999949e+01;1.0497675882e+02;
3.1483999949e+01;1.0599173524e+02;
3.1487999949e+01;1.0667115661e+02;
3.1491999949e+01;1.0724576618e+02;
3.1495999949e+01;1.0777466194e+02;
3.1499999949e+01;1.0802705227e+02;
3.1503999949e+01;1.0816797079e+02;
3.1507999949e+01;1.0875274711e+02;
3.1511999949e+01;1.1004624566e+02;
3.1515999949e+01;1.1173806284e+02;
3.1519999949e+01;1.1310587311e+02;
3.1523999949e+01;1.1318666185e+02;
3.1527999949e+01;1.1109004589e+02;
3.1531999949e+01;1.0680188356e+02;
3.1535999949e+01;1.0203840426e+02;
3.1539999949e+01;9.9469786220e+01;
3.1543999949e+01;1.0027181436e+02;
3.1547999949e+01;1.0318057378e+02;
3.1551999949e+01;1.0625556645e+02;
3.1555999949e+01;1.0847936173e+02;
3.1559999949e+01;1.0949420675e+02;
3.1563999949e+01;1.0898785411e+02;
3.1567999949e+01;1.0695607152e+02;
3.1571999949e+01;1.0408107255e+02;
3.1575999949e+01;1.0140334690e+02;
3.1579999949e+01;9.9579288259e+01;
3.1583999949e+01;9.8574316349e+01;
3.1587999949e+01;9.8160224399e+01;
3.1591999949e+01;9.8246327504e+01;
3.1595999949e+01;9.8529033763e+01;
3.1599999949e+01;9.8672587624e+01;
3.1603999949e+01;9.8941171163e+01;
3.1607999949e+01;9.9630385376e+01;
3.1611999949e+01;1.0012197764e+02;
3.1615999949e+01;9.9666138676e+01;
3.1619999949e+01;9.8657995080e+01;
3.1623999949e+01;9.8007790972e+01;
3.1627999949e+01;9.7771536860e+01;
3.1631999949e+01;9.7373074095e+01;
3.1635999949e+01;9.6603992326e+01;
3.1639999949e+01;9.5646223098e+01;
3.1643999949e+01;9.4468388054e+01;
3.1647999949e+01;9.2755277004e+01;
3.1651999949e+01;9.0653250651e+01;
3.1655999949e+01;8.9080192399e+01;
3.1659999949e+01;8.8641858753e+01;
3.1663999949e+01;8.8850704970e+01;
3.1667999949e+01;8.8979201271e+01;
3.1671999949e+01;8.8930759346e+01;
3.1675999949e+01;8.8855271317e+01;
3.1679999949e+01;8.8621967791e+01;
3.1683999949e+01;8.8134266369e+01;
3.1687999949e+01;8.7616871409e+01;
3.1691999949e+01;8.6968601203e+01;
3.1695999949e+01;8.5250735132e+01;
3.1699999949e+01;8.1784610365e+01;
3.1703999949e+01;7.7693423590e+01;
3.1707999949e+01;7.5339451893e+01;
3.1711999949e+01;7.6032113726e+01;
3.1715999949e+01;7.8992780301e+01;
3.1719999949e+01;8.2536429130e+01;
3.1723999949e+01;8.5429848418e+01;
3.1727999949e+01;8.6968169058e+01;
3.1731999949e+01;8.6859196563e+01;
3.1735999949e+01;8.5730949377e+01;
3.1739999949e+01;8.4777563748e+01;
3.1743999949e+01;8.4391199308e+01;
3.1747999949e+01;8.3925459901e+01;
3.1751999949e+01;8.2932697530e+01;
3.1755999949e+01;8.1984431191e+01;
3.1759999949e+01;8.1866464783e+01;
3.1763999949e+01;8.2435952648e+01;
3.1767999949e+01;8.3025863664e+01;
3.1771999949e+01;8.3503983781e+01;
3.1775999949e+01;8.4123671431e+01;
3.1779999949e+01;8.4698883926e+01;
3.1783999949e+01;8.4678947129e+01;
3.1787999949e+01;8.3942865952e+01;
3.1791999949e+01;8.2792587242e+01;
3.1795999949e+01;8.1198542689e+01;
3.1799999949e+01;7.9092610429e+01;
3.1803999949e+01;7.7729696902e+01;
3.1807999949e+01;7.9826116382e+01;
3.1811999949e+01;8.7700434336e+01;
3.1815999949e+01;1.0169113834e+02;
3.1819999949e+01;1.2083706439e+02;
3.1823999949e+01;1.4424107870e+02;
3.1827999949e+01;1.7075642474e+02;
3.1831999949e+01;1.9838976211e+02;
3.1835999949e+01;2.2540991506e+02;
3.1839999949e+01;2.5140690892e+02;
3.1843999949e+01;2.7656804207e+02;
3.1847999949e+01;3.0074213000e+02;
3.1851999948e+01;3.2367691197e+02;
3.1855999949e+01;3.4554177879e+02;
3.1859999949e+01;3.6666440497e+02;
3.1863999949e+01;3.8682226492e+02;
3.1867999949e+01;4.0544167556e+02;
3.1871999949e+01;4.2261539962e+02;
3.1875999948e+01;4.3912805255e+02;
3.1879999948e+01;4.5534497972e+02;
3.1883999948e+01;4.7080512984e+02;
3.1887999948e+01;4.8501672833e+02;
3.1891999948e+01;4.9792950982e+02;
3.1895999948e+01;5.0956392922e+02;
3.1899999948e+01;5.1999909846e+02;
3.1903999948e+01;5.2969675349e+02;
3.1907999948e+01;5.3899611717e+02;
3.1911999948e+01;5.4742133205e+02;
3.1915999949e+01;5.5433081807e+02;
3.1919999948e+01;5.5996177943e+02;
3.1923999948e+01;5.6502394199e+02;
3.1927999948e+01;5.6978740911e+02;
3.1931999948e+01;5.7433589027e+02;
3.1935999948e+01;5.7923681172e+02;
3.1939999948e+01;5.8503150291e+02;
3.1943999948e+01;5.9093524359e+02;
3.1947999948e+01;5.9506265213e+02;
3.1951999948e+01;5.9657907335e+02;
3.1955999948e+01;5.9674233278e+02;
3.1959999949e+01;5.9731932303e+02;
3.1963999948e+01;5.9897098462e+02;
3.1967999948e+01;6.0152099127e+02;
3.1971999948e+01;6.0459793950e+02;
3.1975999948e+01;6.0742242976e+02;
3.1979999948e+01;6.0886589262e+02;
3.1983999948e+01;6.0838961156e+02;
3.1987999948e+01;6.0659297449e+02;
3.1991999948e+01;6.0453717616e+02;
3.1995999948e+01;6.0264497642e+02;
3.1999999948e+01;6.0052190984e+02;
3.2003999948e+01;5.9778177743e+02;
3.2007999948e+01;5.9428846669e+02;
3.2011999948e+01;5.8944375146e+02;
3.2015999948e+01;5.8247223761e+02;
3.2019999948e+01;5.7399629348e+02;
3.2023999948e+01;5.6618753283e+02;
3.2027999948e+01;5.6075263480e+02;
3.2031999948e+01;5.5757528213e+02;
3.2035999948e+01;5.5538741701e+02;
3.2039999948e+01;5.5287214782e+02;
3.2043999948e+01;5.4910518988e+02;
3.2047999948e+01;5.4383141085e+02;
3.2051999948e+01;5.3786739519e+02;
3.2055999948e+01;5.3284990634e+02;
3.2059999948e+01;5.2981736404e+02;
3.2063999948e+01;5.2810301976e+02;
3.2067999948e+01;5.2623729573e+02;
3.2071999948e+01;5.2352336812e+02;
3.2075999948e+01;5.2000496173e+02;
3.2079999948e+01;5.1558674288e+02;
3.2083999948e+01;5.1025842698e+02;
3.2087999948e+01;5.0474784135e+02;
3.2091999948e+01;4.9987678110e+02;
3.2095999948e+01;4.9547992227e+02;
3.2099999948e+01;4.9079946041e+02;
3.2103999948e+01;4.8566874232e+02;
3.2107999948e+01;4.8051074177e+02;
3.2111999948e+01;4.7538629198e+02;
3.2115999948e+01;4.6993875776e+02;
3.2119999948e+01;4.6440742162e+02;
3.2123999948e+01;4.5982164682e+02;
3.2127999948e+01;4.5680080330e+02;
3.2131999948e+01;4.5481715573e+02;
3.2135999948e+01;4.5294013773e+02;
3.2139999948e+01;4.5073239563e+02;
3.2143999948e+01;4.4802704902e+02;
3.2147999948e+01;4.4438603930e+02;
3.2151999948e+01;4.3959731684e+02;
3.2155999948e+01;4.3433234618e+02;
3.2159999948e+01;4.2936797308e+02;
3.2163999948e+01;4.2450777335e+02;
3.2167999948e+01;4.1925347173e+02;
3.2171999948e+01;4.1415541074e+02;
3.2175999948e+01;4.1032675911e+02;
3.2179999948e+01;4.0782435467e+02;
3.2183999948e+01;4.0552865852e+02;
3.2187999948e+01;4.0250713110e+02;
3.2191999948e+01;3.9881337527e+02;
3.2195999948e+01;3.9505334029e+02;
3.2199999948e+01;3.9167012774e+02;
3.2203999948e+01;3.8894122495e+02;
3.2207999948e+01;3.8755678277e+02;
3.2211999948e+01;3.8828368075e+02;
3.2215999948e+01;3.9030535607e+02;
3.2219999948e+01;3.9028250172e+02;
3.2223999948e+01;3.8350922215e+02;
3.2227999948e+01;3.6621052015e+02;
3.2231999948e+01;3.3747540760e+02;
3.2235999948e+01;2.9990270270e+02;
3.2239999948e+01;2.5850760263e+02;
3.2243999948e+01;2.1796221419e+02;
3.2247999948e+01;1.8002426650e+02;
3.2251999948e+01;1.4370291691e+02;
3.2255999948e+01;1.0740639453e+02;
3.2259999948e+01;7.0180427826e+01;
3.2263999948e+01;3.1632765527e+01;
3.2267999948e+01;-8.0783262264e+00;
3.2271999948e+01;-4.8113424143e+01;
3.2275999948e+01;-8.7283258089e+01;
3.2279999948e+01;-1.2468146480e+02;
3.2283999948e+01;-1.6000838197e+02;
3.2287999948e+01;-1.9312715978e+02;
3.2291999948e+01;-2.2363063752e+02;
3.2295999948e+01;-2.5133108450e+02;
3.2299999948e+01;-2.7632304299e+02;
3.2303999948e+01;-2.9766673011e+02;
3.2307999948e+01;-3.1308623032e+02;
3.2311999948e+01;-3.2121749329e+02;
3.2315999948e+01;-3.2330347531e+02;
3.2319999948e+01;-3.2187528331e+02;
3.2323999948e+01;-3.1895085014e+02;
3.2327999948e+01;-3.1596855662e+02;
3.2331999948e+01;-3.1399671209e+02;
3.2335999948e+01;-3.1322495583e+02;
3.2339999948e+01;-3.1296218311e+02;
3.2343999948e+01;-3.1260647124e+02;
3.2347999948e+01;-3.1221833088e+02;
3.2351999948e+01;-3.1195725569e+02;
3.2355999948e+01;-3.1151389352e+02;
3.2359999948e+01;-3.1051479816e+02;
3.2363999948e+01;-3.0909182555e+02;
3.2367999948e+01;-3.0757387746e+02;
3.2371999948e+01;-3.0596143351e+02;
3.2375999948e+01;-3.0408054221e+02;
3.2379999948e+01;-3.0195726986e+02;
3.2383999948e+01;-2.9978904049e+02;
3.2387999948e+01;-2.9752887461e+02;
3.2391999948e+01;-2.9482185409e+02;
3.2395999948e+01;-2.9170665393e+02;
3.2399999948e+01;-2.8891244682e+02;
3.2403999947e+01;-2.8721643674e+02;
3.2407999948e+01;-2.8703325969e+02;
3.2411999948e+01;-2.8852665570e+02;
3.2415999948e+01;-2.9137891135e+02;
3.2419999948e+01;-2.9439606349e+02;
3.2423999947e+01;-2.9600436272e+02;
3.2427999948e+01;-2.9546321643e+02;
3.2431999948e+01;-2.9341076080e+02;
3.2435999948e+01;-2.9107678728e+02;
3.2439999948e+01;-2.8920490750e+02;
3.2443999948e+01;-2.8806593128e+02;
3.2447999947e+01;-2.8790215330e+02;
3.2451999948e+01;-2.8845758524e+02;
3.2455999948e+01;-2.8865376521e+02;
3.2459999948e+01;-2.8776629594e+02;
3.2463999948e+01;-2.8645520428e+02;
3.2467999947e+01;-2.8571828474e+02;
3.2471999948e+01;-2.8529517238e+02;
3.2475999948e+01;-2.8408418484e+02;
3.2479999948e+01;-2.8188577617e+02;
3.2483999948e+01;-2.7965963113e+02;
3.2487999948e+01;-2.7806940761e+02;
3.2491999947e+01;-2.7694420673e+02;
3.2495999948e+01;-2.7630883484e+02;
3.2499999948e+01;-2.7669034189e+02;
3.2503999948e+01;-2.7798700302e+02;
3.2507999948e+01;-2.7911256772e+02;
3.2511999947e+01;-2.7918680140e+02;
3.2515999947e+01;-2.7818100763e+02;
3.2519999947e+01;-2.7626713598e+02;
3.2523999947e+01;-2.7352299032e+02;
3.2527999947e+01;-2.7046696765e+02;
3.2531999947e+01;-2.6806704538e+02;
3.2535999947e+01;-2.6690558789e+02;
3.2539999947e+01;-2.6664583551e+02;
3.2543999947e+01;-2.6648001044e+02;
3.2547999947e+01;-2.6578540725e+02;
3.2551999947e+01;-2.6396331639e+02;
3.2555999947e+01;-2.6054188016e+02;
3.2559999947e+01;-2.5676257516e+02;
3.2563999947e+01;-2.5619780170e+02;
3.2567999947e+01;-2.6194714722e+02;
3.2571999947e+01;-2.7309799073e+02;
3.2575999947e+01;-2.8464771982e+02;
3.2579999947e+01;-2.9120146349e+02;
3.2583999947e+01;-2.9097517128e+02;
3.2587999947e+01;-2.8630484573e+02;
3.2591999947e+01;-2.8089517635e+02;
3.2595999947e+01;-2.7723218467e+02;
3.2599999947e+01;-2.7568768493e+02;
3.2603999947e+01;-2.7498201603e+02;
3.2607999947e+01;-2.7377029165e+02;
3.2611999947e+01;-2.7201548518e+02;
3.2615999947e+01;-2.7051603479e+02;
3.2619999947e+01;-2.6945682633e+02;
3.2623999947e+01;-2.6815464554e+02;
3.2627999947e+01;-2.6608143531e+02;
3.2631999947e+01;-2.6354484244e+02;
3.2635999947e+01;-2.6127454688e+02;
3.2639999947e+01;-2.5963825095e+02;
3.2643999947e+01;-2.5856016990e+02;
3.2647999947e+01;-2.5806785936e+02;
3.2651999947e+01;-2.5830345169e+02;
3.2655999947e+01;-2.5895134815e+02;
3.2659999947e+01;-2.5932321672e+02;
3.2663999947e+01;-2.5909722656e+02;
3.2667999947e+01;-2.5850750509e+02;
3.2671999947e+01;-2.5779870801e+02;
3.2675999947e+01;-2.5697755364e+02;
3.2679999947e+01;-2.5629040864e+02;
3.2683999947e+01;-2.5625422806e+02;
3.2687999947e+01;-2.5676333330e+02;
3.2691999947e+01;-2.5704623681e+02;
3.2695999947e+01;-2.5685602424e+02;
3.2699999947e+01;-2.5646382580e+02;
3.2703999947e+01;-2.5531143231e+02;
3.2707999947e+01;-2.5233161245e+02;
3.2711999947e+01;-2.4791523881e+02;
3.2715999947e+01;-2.4406008274e+02;
3.2719999947e+01;-2.4224559383e+02;
3.2723999947e+01;-2.4216318227e+02;
3.2727999947e+01;-2.4263112123e+02;
3.2731999947e+01;-2.4285249033e+02;
3.2735999947e+01;-2.4246302030e+02;
3.2739999947e+01;-2.4114505107e+02;
3.2743999947e+01;-2.3890151131e+02;
3.2747999947e+01;-2.3650518830e+02;
3.2751999947e+01;-2.3513543938e+02;
3.2755999947e+01;-2.3532028191e+02;
3.2759999947e+01;-2.3648066263e+02;
3.2763999947e+01;-2.3759191031e+02;
3.2767999947e+01;-2.3795583963e+02;
3.2771999947e+01;-2.3737938629e+02;
3.2775999947e+01;-2.3598629101e+02;
3.2779999947e+01;-2.3416222256e+02;
3.2783999947e+01;-2.3244737716e+02;
3.2787999947e+01;-2.3093941940e+02;
3.2791999947e+01;-2.2923341898e+02;
3.2795999947e+01;-2.2734672413e+02;
3.2799999947e+01;-2.2590479795e+02;
3.2803999947e+01;-2.2519171794e+02;
3.2807999947e+01;-2.2464642497e+02;
3.2811999947e+01;-2.2342202839e+02;
3.2815999947e+01;-2.2135226780e+02;
3.2819999947e+01;-2.1920651787e+02;
3.2823999947e+01;-2.1782850129e+02;
3.2827999947e+01;-2.1740755179e+02;
3.2831999947e+01;-2.1762584006e+02;
3.2835999947e+01;-2.1793414565e+02;
3.2839999947e+01;-2.1781111632e+02;
3.2843999947e+01;-2.1717998360e+02;
3.2847999947e+01;-2.1635219507e+02;
3.2851999947e+01;-2.1547157116e+02;
3.2855999947e+01;-2.1430473701e+02;
3.2859999947e+01;-2.1269654613e+02;
3.2863999947e+01;-2.1105459022e+02;
3.2867999947e+01;-2.0999534916e+02;
3.2871999947e+01;-2.0956121535e+02;
3.2875999947e+01;-2.0933317301e+02;
3.2879999947e+01;-2.0914505885e+02;
3.2883999947e+01;-2.0900875177e+02;
3.2887999947e+01;-2.0855264304e+02;
3.2891999947e+01;-2.0722405630e+02;
3.2895999947e+01;-2.0510873996e+02;
3.2899999947e+01;-2.0313390539e+02;
3.2903999947e+01;-2.0207314540e+02;
3.2907999947e+01;-2.0161221991e+02;
3.2911999947e+01;-2.0106077971e+02;
3.2915999947e+01;-2.0053002931e+02;
3.2919999947e+01;-2.0041586749e+02;
3.2923999947e+01;-2.0026539533e+02;
3.2927999947e+01;-1.9933139405e+02;
3.2931999947e+01;-1.9786424560e+02;
3.2935999947e+01;-1.9669262433e+02;
3.2939999947e+01;-1.9580778076e+02;
3.2943999947e+01;-1.9448454864e+02;
3.2947999947e+01;-1.9257940843e+02;
3.2951999947e+01;-1.9069178234e+02;
3.2955999947e+01;-1.8910838735e+02;
3.2959999947e+01;-1.8742663811e+02;
3.2963999947e+01;-1.8538412587e+02;
3.2967999947e+01;-1.8347722232e+02;
3.2971999947e+01;-1.8242556816e+02;
3.2975999947e+01;-1.8225079404e+02;
3.2979999947e+01;-1.8220712780e+02;
3.2983999947e+01;-1.8153640022e+02;
3.2987999947e+01;-1.7986031402e+02;
3.2991999947e+01;-1.7715647369e+02;
3.2995999947e+01;-1.7415737033e+02;
3.2999999947e+01;-1.7224452007e+02;
3.3003999947e+01;-1.7213763198e+02;
3.3007999947e+01;-1.7325088353e+02;
3.3011999947e+01;-1.7467359267e+02;
3.3015999947e+01;-1.7597294812e+02;
3.3019999947e+01;-1.7682471444e+02;
3.3023999947e+01;-1.7674172731e+02;
3.3027999947e+01;-1.7545559554e+02;
3.3031999947e+01;-1.7318781505e+02;
3.3035999947e+01;-1.7050776940e+02;
3.3039999946e+01;-1.6795643344e+02;
3.3043999946e+01;-1.6596959870e+02;
3.3047999947e+01;-1.6520607420e+02;
3.3051999947e+01;-1.6631684193e+02;
3.3055999947e+01;-1.6907754693e+02;
3.3059999947e+01;-1.7223923502e+02;
3.3063999946e+01;-1.7453052174e+02;
3.3067999947e+01;-1.7546986482e+02;
3.3071999947e+01;-1.7508526239e+02;
3.3075999947e+01;-1.7351205799e+02;
3.3079999947e+01;-1.7127701252e+02;
3.3083999946e+01;-1.6938710117e+02;
3.3087999946e+01;-1.6856663205e+02;
3.3091999947e+01;-1.6866174809e+02;
3.3095999947e+01;-1.6907649299e+02;
3.3099999947e+01;-1.6929802182e+02;
3.3103999946e+01;-1.6870939767e+02;
3.3107999946e+01;-1.6664338293e+02;
3.3111999947e+01;-1.6321271193e+02;
3.3115999947e+01;-1.5972357880e+02;
3.3119999947e+01;-1.5768267782e+02;
3.3123999947e+01;-1.5729246875e+02;
3.3127999946e+01;-1.5723073483e+02;
3.3131999946e+01;-1.5610348674e+02;
3.3135999947e+01;-1.5381246840e+02;
3.3139999947e+01;-1.5113262418e+02;
3.3143999947e+01;-1.4861789034e+02;
3.3147999946e+01;-1.4681530013e+02;
3.3151999946e+01;-1.4679782786e+02;
3.3155999946e+01;-1.4917435574e+02;
3.3159999946e+01;-1.5290617966e+02;
3.3163999946e+01;-1.5610621007e+02;
3.3167999946e+01;-1.5753932821e+02;
3.3171999946e+01;-1.5678246797e+02;
3.3175999946e+01;-1.5404571830e+02;
3.3179999946e+01;-1.5050637033e+02;
3.3183999946e+01;-1.4784333835e+02;
3.3187999946e+01;-1.4680007382e+02;
3.3191999946e+01;-1.4672898525e+02;
3.3195999946e+01;-1.4675503300e+02;
3.3199999946e+01;-1.4655593231e+02;
3.3203999946e+01;-1.4587527143e+02;
3.3207999946e+01;-1.4428777943e+02;
3.3211999946e+01;-1.4192841769e+02;
3.3215999946e+01;-1.3996277469e+02;
3.3219999946e+01;-1.3953866394e+02;
3.3223999946e+01;-1.4029941271e+02;
3.3227999946e+01;-1.4071154326e+02;
3.3231999946e+01;-1.3971330728e+02;
3.3235999946e+01;-1.3749214458e+02;
3.3239999946e+01;-1.3498004427e+02;
3.3243999946e+01;-1.3300175879e+02;
3.3247999946e+01;-1.3189716854e+02;
3.3251999946e+01;-1.3162827148e+02;
3.3255999946e+01;-1.3182194206e+02;
3.3259999946e+01;-1.3184855573e+02;
3.3263999946e+01;-1.3130082038e+02;
3.3267999946e+01;-1.3041172457e+02;
3.3271999946e+01;-1.2972811107e+02;
3.3275999946e+01;-1.2952584558e+02;
3.3279999946e+01;-1.2981863064e+02;
3.3283999946e+01;-1.3057348156e+02;
3.3287999946e+01;-1.3142476670e+02;
3.3291999946e+01;-1.3147669011e+02;
3.3295999946e+01;-1.3028486847e+02;
3.3299999946e+01;-1.2875601197e+02;
3.3303999946e+01;-1.2797486460e+02;
3.3307999946e+01;-1.2764667412e+02;
3.3311999946e+01;-1.2674652263e+02;
3.3315999946e+01;-1.2508440903e+02;
3.3319999946e+01;-1.2325498361e+02;
3.3323999946e+01;-1.2158330036e+02;
3.3327999946e+01;-1.1996383326e+02;
3.3331999946e+01;-1.1852659761e+02;
3.3335999946e+01;-1.1786377382e+02;
3.3339999946e+01;-1.1827526768e+02;
3.3343999946e+01;-1.1914556845e+02;
3.3347999946e+01;-1.1954602032e+02;
3.3351999946e+01;-1.1906089836e+02;
3.3355999946e+01;-1.1776882241e+02;
3.3359999946e+01;-1.1615652160e+02;
3.3363999946e+01;-1.1527280980e+02;
3.3367999946e+01;-1.1601947455e+02;
3.3371999946e+01;-1.1803909444e+02;
3.3375999946e+01;-1.1995128644e+02;
3.3379999946e+01;-1.2063297490e+02;
3.3383999946e+01;-1.1999450576e+02;
3.3387999946e+01;-1.1869153018e+02;
3.3391999946e+01;-1.1739022273e+02;
3.3395999946e+01;-1.1662012903e+02;
3.3399999946e+01;-1.1684413961e+02;
3.3403999946e+01;-1.1775599295e+02;
3.3407999946e+01;-1.1795268354e+02;
3.3411999946e+01;-1.1641960239e+02;
3.3415999946e+01;-1.1392581838e+02;
3.3419999946e+01;-1.1187952801e+02;
3.3423999946e+01;-1.1050317786e+02;
3.3427999946e+01;-1.0930108169e+02;
3.3431999946e+01;-1.0854973005e+02;
3.3435999946e+01;-1.0891783703e+02;
3.3439999946e+01;-1.0994967498e+02;
3.3443999946e+01;-1.1033838168e+02;
3.3447999946e+01;-1.0980804003e+02;
3.3451999946e+01;-1.0965340037e+02;
3.3455999946e+01;-1.1106010989e+02;
3.3459999946e+01;-1.1349183542e+02;
3.3463999946e+01;-1.1522344077e+02;
3.3467999946e+01;-1.1496712380e+02;
3.3471999946e+01;-1.1242077716e+02;
3.3475999946e+01;-1.0800991165e+02;
3.3479999946e+01;-1.0299809573e+02;
3.3483999946e+01;-9.9461584489e+01;
3.3487999946e+01;-9.9097582587e+01;
3.3491999946e+01;-1.0168626575e+02;
3.3495999946e+01;-1.0538945716e+02;
3.3499999946e+01;-1.0862778828e+02;
3.3503999946e+01;-1.1081884537e+02;
3.3507999946e+01;-1.1161167276e+02;
3.3511999946e+01;-1.1071592730e+02;
3.3515999946e+01;-1.0848788906e+02;
3.3519999946e+01;-1.0577209036e+02;
3.3523999946e+01;-1.0318516012e+02;
3.3527999946e+01;-1.0105750173e+02;
3.3531999946e+01;-9.9826636581e+01;
3.3535999946e+01;-9.9753607514e+01;
3.3539999946e+01;-1.0022113646e+02;
3.3543999946e+01;-1.0014288768e+02;
3.3547999946e+01;-9.9164598589e+01;
3.3551999946e+01;-9.7727506087e+01;
3.3555999946e+01;-9.6437345495e+01;
3.3559999946e+01;-9.6457573465e+01;
3.3563999946e+01;-1.0004766359e+02;
3.3567999946e+01;-1.0953538134e+02;
3.3571999946e+01;-1.2543989436e+02;
3.3575999946e+01;-1.4601798947e+02;
3.3579999946e+01;-1.6902410418e+02;
3.3583999946e+01;-1.9357078974e+02;
3.3587999946e+01;-2.1978789813e+02;
3.3591999946e+01;-2.4740826961e+02;
3.3595999946e+01;-2.7579670738e+02;
3.3599999946e+01;-3.0472366451e+02;
3.3603999946e+01;-3.3388728550e+02;
3.3607999946e+01;-3.6222115625e+02;
3.3611999946e+01;-3.8858102338e+02;
3.3615999946e+01;-4.1262616508e+02;
3.3619999946e+01;-4.3454814387e+02;
3.3623999946e+01;-4.5439854563e+02;
3.3627999946e+01;-4.7220221771e+02;
3.3631999946e+01;-4.8858521792e+02;
3.3635999946e+01;-5.0465041017e+02;
3.3639999946e+01;-5.2112633556e+02;
3.3643999946e+01;-5.3818335884e+02;
3.3647999946e+01;-5.5591059485e+02;
3.3651999946e+01;-5.7417688100e+02;
3.3655999946e+01;-5.9215033299e+02;
3.3659999946e+01;-6.0859649371e+02;
3.3663999946e+01;-6.2268483726e+02;
3.3667999946e+01;-6.3424118423e+02;
3.3671999946e+01;-6.4330273862e+02;
3.3675999945e+01;-6.5009442176e+02;
3.3679999945e+01;-6.5565683177e+02;
3.3683999945e+01;-6.6151297206e+02;
3.3687999946e+01;-6.6806496788e+02;
3.3691999946e+01;-6.7406022286e+02;
3.3695999946e+01;-6.7829423971e+02;
3.3699999945e+01;-6.8129694183e+02;
3.3703999945e+01;-6.8462816029e+02;
3.3707999946e+01;-6.8870103056e+02;
3.3711999946e+01;-6.9222079521e+02;
3.3715999946e+01;-6.9395422841e+02;
3.3719999945e+01;-6.9396598184e+02;
3.3723999945e+01;-6.9288598290e+02;
3.3727999945e+01;-6.9110438439e+02;
3.3731999946e+01;-6.8898774241e+02;
3.3735999946e+01;-6.8698865400e+02;
3.3739999946e+01;-6.8515661452e+02;
3.3743999945e+01;-6.8314404417e+02;
3.3747999945e+01;-6.8101890279e+02;
3.3751999946e+01;-6.7951339708e+02;
3.3755999946e+01;-6.7900316703e+02;
3.3759999946e+01;-6.7869356825e+02;
3.3763999945e+01;-6.7752848754e+02;
3.3767999945e+01;-6.7553910418e+02;
3.3771999945e+01;-6.7338209663e+02;
3.3775999946e+01;-6.7102710673e+02;
3.3779999946e+01;-6.6807431320e+02;
3.3783999946e+01;-6.6485207515e+02;
3.3787999945e+01;-6.6190351182e+02;
3.3791999945e+01;-6.5876445831e+02;
3.3795999945e+01;-6.5441160243e+02;
3.3799999945e+01;-6.4866054286e+02;
3.3803999945e+01;-6.4220077854e+02;
3.3807999945e+01;-6.3561045379e+02;
3.3811999945e+01;-6.2919686150e+02;
3.3815999945e+01;-6.2353997661e+02;
3.3819999945e+01;-6.1935578718e+02;
3.3823999945e+01;-6.1656877595e+02;
3.3827999945e+01;-6.1405711909e+02;
3.3831999945e+01;-6.1073785373e+02;
3.3835999945e+01;-6.0638667194e+02;
3.3839999945e+01;-6.0111004256e+02;
3.3843999945e+01;-5.9490082770e+02;
3.3847999945e+01;-5.8818075341e+02;
3.3851999945e+01;-5.8193700783e+02;
3.3855999945e+01;-5.7682165805e+02;
3.3859999945e+01;-5.7265309108e+02;
3.3863999945e+01;-5.6890516500e+02;
3.3867999945e+01;-5.6508239540e+02;
3.3871999945e+01;-5.6060716336e+02;
3.3875999945e+01;-5.5493362012e+02;
3.3879999945e+01;-5.4811934298e+02;
3.3883999945e+01;-5.4115940376e+02;
3.3887999945e+01;-5.3529082490e+02;
3.3891999945e+01;-5.3083294818e+02;
3.3895999945e+01;-5.2719508210e+02;
3.3899999945e+01;-5.2393324558e+02;
3.3903999945e+01;-5.2096132448e+02;
3.3907999945e+01;-5.1778247989e+02;
3.3911999945e+01;-5.1344462913e+02;
3.3915999945e+01;-5.0744709809e+02;
3.3919999945e+01;-5.0013810531e+02;
3.3923999945e+01;-4.9223103562e+02;
3.3927999945e+01;-4.8449139918e+02;
3.3931999945e+01;-4.7780154287e+02;
3.3935999945e+01;-4.7279671348e+02;
3.3939999945e+01;-4.6914687859e+02;
3.3943999945e+01;-4.6566485254e+02;
3.3947999945e+01;-4.6147182963e+02;
3.3951999945e+01;-4.5668398609e+02;
3.3955999945e+01;-4.5178890993e+02;
3.3959999945e+01;-4.4698484911e+02;
3.3963999945e+01;-4.4240460522e+02;
3.3967999945e+01;-4.3833744663e+02;
3.3971999945e+01;-4.3481464587e+02;
3.3975999945e+01;-4.3139926642e+02;
3.3979999945e+01;-4.2775586427e+02;
3.3983999945e+01;-4.2394441612e+02;
3.3987999945e+01;-4.1972944231e+02;
3.3991999945e+01;-4.1427663322e+02;
3.3995999945e+01;-4.0723766226e+02;
3.3999999945e+01;-3.9982352059e+02;
3.4003999945e+01;-3.9398464723e+02;
3.4007999945e+01;-3.9054534803e+02;
3.4011999945e+01;-3.8922740418e+02;
3.4015999945e+01;-3.9038132271e+02;
3.4019999945e+01;-3.9471883787e+02;
3.4023999945e+01;-4.0030761528e+02;
3.4027999945e+01;-4.0115943290e+02;
3.4031999945e+01;-3.9047996944e+02;
3.4035999945e+01;-3.6563152874e+02;
3.4039999945e+01;-3.2978104561e+02;
3.4043999945e+01;-2.8918541167e+02;
3.4047999945e+01;-2.4922473305e+02;
3.4051999945e+01;-2.1222182046e+02;
3.4055999945e+01;-1.7746678374e+02;
3.4059999945e+01;-1.4257578911e+02;
3.4063999945e+01;-1.0552992310e+02;
3.4067999945e+01;-6.6137720932e+01;
3.4071999945e+01;-2.5525171285e+01;
3.4075999945e+01;1.5383059805e+01;
3.4079999945e+01;5.6162078780e+01;
3.4083999945e+01;9.6129456372e+01;
3.4087999945e+01;1.3445034363e+02;
3.4091999945e+01;1.7107471238e+02;
3.4095999945e+01;2.0674824226e+02;
3.4099999945e+01;2.4211044174e+02;
3.4103999945e+01;2.7734664224e+02;
3.4107999945e+01;3.1228948644e+02;
3.4111999945e+01;3.4591352627e+02;
3.4115999945e+01;3.7587663967e+02;
3.4119999945e+01;3.9961381973e+02;
3.4123999945e+01;4.1601100929e+02;
3.4127999945e+01;4.2543397000e+02;
3.4131999945e+01;4.2866768733e+02;
3.4135999945e+01;4.2680727716e+02;
3.4139999945e+01;4.2196354739e+02;
3.4143999945e+01;4.1695693079e+02;
3.4147999945e+01;4.1366665944e+02;
3.4151999945e+01;4.1203936568e+02;
3.4155999945e+01;4.1125430905e+02;
3.4159999945e+01;4.1130326505e+02;
3.4163999945e+01;4.1235840379e+02;
3.4167999945e+01;4.1330887730e+02;
3.4171999945e+01;4.1261376614e+02;
3.4175999945e+01;4.1040680930e+02;
3.4179999945e+01;4.0840468489e+02;
3.4183999945e+01;4.0774099757e+02;
3.4187999945e+01;4.0795618250e+02;
3.4191999945e+01;4.0800156351e+02;
3.4195999945e+01;4.0711950768e+02;
3.4199999945e+01;4.0489369446e+02;
3.4203999945e+01;4.0158092540e+02;
3.4207999945e+01;3.9849672297e+02;
3.4211999945e+01;3.9720250234e+02;
3.4215999945e+01;3.9789265829e+02;
3.4219999945e+01;3.9920423263e+02;
3.4223999945e+01;4.0002484898e+02;
3.4227999945e+01;4.0054493313e+02;
3.4231999945e+01;4.0107638299e+02;
3.4235999945e+01;4.0102341156e+02;
3.4239999945e+01;3.9972728955e+02;
3.4243999945e+01;3.9749169856e+02;
3.4247999945e+01;3.9503222509e+02;
3.4251999945e+01;3.9253484781e+02;
3.4255999945e+01;3.9003530746e+02;
3.4259999945e+01;3.8815084070e+02;
3.4263999945e+01;3.8759671205e+02;
3.4267999945e+01;3.8819451561e+02;
3.4271999945e+01;3.8876549885e+02;
3.4275999945e+01;3.8800508507e+02;
3.4279999945e+01;3.8545359966e+02;
3.4283999945e+01;3.8170855773e+02;
3.4287999945e+01;3.7796034211e+02;
3.4291999945e+01;3.7539818456e+02;
3.4295999945e+01;3.7459211336e+02;
3.4299999945e+01;3.7497707273e+02;
3.4303999945e+01;3.7509265303e+02;
3.4307999945e+01;3.7380029159e+02;
3.4311999945e+01;3.7123010748e+02;
3.4315999944e+01;3.6827927170e+02;
3.4319999944e+01;3.6562310919e+02;
3.4323999944e+01;3.6368977188e+02;
3.4327999945e+01;3.6293116624e+02;
3.4331999945e+01;3.6324551958e+02;
3.4335999944e+01;3.6354185494e+02;
3.4339999944e+01;3.6267414801e+02;
3.4343999944e+01;3.6059284175e+02;
3.4347999945e+01;3.5810709543e+02;
3.4351999945e+01;3.5592774887e+02;
3.4355999944e+01;3.5452179512e+02;
3.4359999944e+01;3.5439220223e+02;
3.4363999944e+01;3.5552165732e+02;
3.4367999944e+01;3.5680364795e+02;
3.4371999945e+01;3.5695249044e+02;
3.4375999945e+01;3.5578410089e+02;
3.4379999944e+01;3.5401445992e+02;
3.4383999944e+01;3.5216724517e+02;
3.4387999944e+01;3.5027935588e+02;
3.4391999945e+01;3.4849784234e+02;
3.4395999945e+01;3.4726517200e+02;
3.4399999944e+01;3.4676075818e+02;
3.4403999944e+01;3.4667381193e+02;
3.4407999944e+01;3.4660990446e+02;
3.4411999944e+01;3.4638400208e+02;
3.4415999945e+01;3.4585426774e+02;
3.4419999945e+01;3.4478291735e+02;
3.4423999944e+01;3.4331563439e+02;
3.4427999944e+01;3.4226885988e+02;
3.4431999944e+01;3.4224121030e+02;
3.4435999944e+01;3.4279831318e+02;
3.4439999944e+01;3.4309784793e+02;
3.4443999944e+01;3.4297452806e+02;
3.4447999944e+01;3.4280646702e+02;
3.4451999944e+01;3.4244436456e+02;
3.4455999944e+01;3.4119658597e+02;
3.4459999944e+01;3.3893752470e+02;
3.4463999944e+01;3.3619561596e+02;
3.4467999944e+01;3.3322756004e+02;
3.4471999944e+01;3.2990486451e+02;
3.4475999944e+01;3.2638649239e+02;
3.4479999944e+01;3.2319450569e+02;
3.4483999944e+01;3.2052336009e+02;
3.4487999944e+01;3.1827682113e+02;
3.4491999944e+01;3.1712734459e+02;
3.4495999944e+01;3.1829391981e+02;
3.4499999944e+01;3.2158669124e+02;
3.4503999944e+01;3.2486588373e+02;
3.4507999944e+01;3.2603326176e+02;
3.4511999944e+01;3.2473736694e+02;
3.4515999944e+01;3.2191655890e+02;
3.4519999944e+01;3.1848228452e+02;
3.4523999944e+01;3.1504398622e+02;
3.4527999944e+01;3.1235270233e+02;
3.4531999944e+01;3.1078733758e+02;
3.4535999944e+01;3.0951778292e+02;
3.4539999944e+01;3.0739877201e+02;
3.4543999944e+01;3.0458271398e+02;
3.4547999944e+01;3.0226480720e+02;
3.4551999944e+01;3.0113040998e+02;
3.4555999944e+01;3.0090971905e+02;
3.4559999944e+01;3.0118166205e+02;
3.4563999944e+01;3.0166662539e+02;
3.4567999944e+01;3.0165682711e+02;
3.4571999944e+01;3.0038207223e+02;
3.4575999944e+01;2.9848483858e+02;
3.4579999944e+01;2.9772429656e+02;
3.4583999944e+01;2.9857962317e+02;
3.4587999944e+01;2.9955395025e+02;
3.4591999944e+01;2.9926079133e+02;
3.4595999944e+01;2.9783571326e+02;
3.4599999944e+01;2.9592242425e+02;
3.4603999944e+01;2.9370177870e+02;
3.4607999944e+01;2.9151172966e+02;
3.4611999944e+01;2.9008164685e+02;
3.4615999944e+01;2.8953744789e+02;
3.4619999944e+01;2.8910116117e+02;
3.4623999944e+01;2.8808606274e+02;
3.4627999944e+01;2.8652383052e+02;
3.4631999944e+01;2.8468541244e+02;
3.4635999944e+01;2.8264387704e+02;
3.4639999944e+01;2.8063185056e+02;
3.4643999944e+01;2.7943011215e+02;
3.4647999944e+01;2.7961169197e+02;
3.4651999944e+01;2.8031522382e+02;
3.4655999944e+01;2.7982256541e+02;
3.4659999944e+01;2.7743547899e+02;
3.4663999944e+01;2.7400072227e+02;
3.4667999944e+01;2.7099269070e+02;
3.4671999944e+01;2.6952427752e+02;
3.4675999944e+01;2.6977713638e+02;
3.4679999944e+01;2.7100657202e+02;
3.4683999944e+01;2.7211159489e+02;
3.4687999944e+01;2.7232546455e+02;
3.4691999944e+01;2.7150735972e+02;
3.4695999944e+01;2.7003053824e+02;
3.4699999944e+01;2.6824720987e+02;
3.4703999944e+01;2.6590515403e+02;
3.4707999944e+01;2.6294636462e+02;
3.4711999944e+01;2.6111097569e+02;
3.4715999944e+01;2.6333912950e+02;
3.4719999944e+01;2.7110269574e+02;
3.4723999944e+01;2.8342146431e+02;
3.4727999944e+01;2.9821573501e+02;
3.4731999944e+01;3.1283776948e+02;
3.4735999944e+01;3.2360118799e+02;
3.4739999944e+01;3.2716237146e+02;
3.4743999944e+01;3.2308146036e+02;
3.4747999944e+01;3.1399046362e+02;
3.4751999944e+01;3.0322731109e+02;
3.4755999944e+01;2.9326527020e+02;
3.4759999944e+01;2.8601685658e+02;
3.4763999944e+01;2.8270974093e+02;
3.4767999944e+01;2.8256348905e+02;
3.4771999944e+01;2.8273106061e+02;
3.4775999944e+01;2.8055719201e+02;
3.4779999944e+01;2.7546140324e+02;
3.4783999944e+01;2.6837543871e+02;
3.4787999944e+01;2.6036247620e+02;
3.4791999944e+01;2.5253189773e+02;
3.4795999944e+01;2.4647416553e+02;
3.4799999944e+01;2.4358785155e+02;
3.4803999944e+01;2.4394593928e+02;
3.4807999944e+01;2.4629032353e+02;
3.4811999944e+01;2.4904770782e+02;
3.4815999944e+01;2.5097649087e+02;
3.4819999944e+01;2.5113552554e+02;
3.4823999944e+01;2.4924559831e+02;
3.4827999944e+01;2.4624241911e+02;
3.4831999944e+01;2.4359125886e+02;
3.4835999944e+01;2.4196769383e+02;
3.4839999944e+01;2.4113515211e+02;
3.4843999944e+01;2.4075108171e+02;
3.4847999944e+01;2.4053739645e+02;
3.4851999944e+01;2.3988620486e+02;
3.4855999944e+01;2.3827072023e+02;
3.4859999944e+01;2.3600076945e+02;
3.4863999944e+01;2.3381174484e+02;
3.4867999944e+01;2.3201366945e+02;
3.4871999944e+01;2.3050070096e+02;
3.4875999944e+01;2.2923540748e+02;
3.4879999944e+01;2.2841451311e+02;
3.4883999944e+01;2.2801125763e+02;
3.4887999944e+01;2.2729992543e+02;
3.4891999944e+01;2.2552090214e+02;
3.4895999944e+01;2.2300427460e+02;
3.4899999944e+01;2.2084639711e+02;
3.4903999944e+01;2.1970410469e+02;
3.4907999944e+01;2.1963531090e+02;
3.4911999944e+01;2.2061508135e+02;
3.4915999944e+01;2.2231671222e+02;
3.4919999944e+01;2.2363369880e+02;
3.4923999944e+01;2.2334545360e+02;
3.4927999944e+01;2.2143172855e+02;
3.4931999944e+01;2.1898495988e+02;
3.4935999944e+01;2.1672148227e+02;
3.4939999944e+01;2.1451960280e+02;
3.4943999944e+01;2.1235624664e+02;
3.4947999944e+01;2.1056413748e+02;
3.4951999943e+01;2.0946716203e+02;
3.4955999943e+01;2.0958693386e+02;
3.4959999943e+01;2.1143894050e+02;
3.4963999943e+01;2.1459198358e+02;
3.4967999944e+01;2.1746615376e+02;
3.4971999943e+01;2.1830162060e+02;
3.4975999943e+01;2.1653149996e+02;
3.4979999943e+01;2.1316476854e+02;
3.4983999943e+01;2.0952878768e+02;
3.4987999944e+01;2.0619601625e+02;
3.4991999944e+01;2.0344565495e+02;
3.4995999943e+01;2.0175228168e+02;
3.4999999943e+01;2.0119613320e+02;
3.5003999943e+01;2.0116519155e+02;
3.5007999943e+01;2.0117207494e+02;
3.5011999944e+01;2.0121904050e+02;
3.5015999943e+01;2.0100570540e+02;
3.5019999943e+01;1.9977472999e+02;
3.5023999943e+01;1.9735617306e+02;
3.5027999943e+01;1.9451302273e+02;
3.5031999944e+01;1.9197971538e+02;
3.5035999944e+01;1.8984599703e+02;
3.5039999943e+01;1.8815279017e+02;
3.5043999943e+01;1.8764290799e+02;
3.5047999943e+01;1.8928219036e+02;
3.5051999943e+01;1.9271048458e+02;
3.5055999944e+01;1.9590810477e+02;
3.5059999943e+01;1.9714320313e+02;
3.5063999943e+01;1.9647652991e+02;
3.5067999943e+01;1.9487129583e+02;
3.5071999943e+01;1.9295780196e+02;
3.5075999943e+01;1.9111717817e+02;
3.5079999943e+01;1.8967337541e+02;
3.5083999943e+01;1.8854869328e+02;
3.5087999943e+01;1.8740770966e+02;
3.5091999943e+01;1.8630488581e+02;
3.5095999943e+01;1.8564541236e+02;
3.5099999943e+01;1.8531814154e+02;
3.5103999943e+01;1.8441248228e+02;
3.5107999943e+01;1.8222564785e+02;
3.5111999943e+01;1.7915881791e+02;
3.5115999943e+01;1.7623628007e+02;
3.5119999943e+01;1.7410558535e+02;
3.5123999943e+01;1.7306046553e+02;
3.5127999943e+01;1.7358563291e+02;
3.5131999943e+01;1.7569304493e+02;
3.5135999943e+01;1.7797054043e+02;
3.5139999943e+01;1.7854682971e+02;
3.5143999943e+01;1.7694937266e+02;
3.5147999943e+01;1.7422462806e+02;
3.5151999943e+01;1.7146359128e+02;
3.5155999943e+01;1.6918478840e+02;
3.5159999943e+01;1.6810193748e+02;
3.5163999943e+01;1.6901614715e+02;
3.5167999943e+01;1.7133237544e+02;
3.5171999943e+01;1.7286285585e+02;
3.5175999943e+01;1.7186997262e+02;
3.5179999943e+01;1.6869076584e+02;
3.5183999943e+01;1.6501756833e+02;
3.5187999943e+01;1.6231981029e+02;
3.5191999943e+01;1.6131635107e+02;
3.5195999943e+01;1.6207801074e+02;
3.5199999943e+01;1.6395464050e+02;
3.5203999943e+01;1.6591107794e+02;
3.5207999943e+01;1.6728330887e+02;
3.5211999943e+01;1.6798109498e+02;
3.5215999943e+01;1.6813338879e+02;
3.5219999943e+01;1.6778921225e+02;
3.5223999943e+01;1.6693205264e+02;
3.5227999943e+01;1.6560334163e+02;
3.5231999943e+01;1.6375197884e+02;
3.5235999943e+01;1.6125819042e+02;
3.5239999943e+01;1.5855631469e+02;
3.5243999943e+01;1.5685074265e+02;
3.5247999943e+01;1.5705057572e+02;
3.5251999943e+01;1.5847303884e+02;
3.5255999943e+01;1.5933147909e+02;
3.5259999943e+01;1.5886563155e+02;
3.5263999943e+01;1.5809270287e+02;
3.5267999943e+01;1.5808547395e+02;
3.5271999943e+01;1.5853804394e+02;
3.5275999943e+01;1.5843600449e+02;
3.5279999943e+01;1.5727733771e+02;
3.5283999943e+01;1.5504291767e+02;
3.5287999943e+01;1.5169893002e+02;
3.5291999943e+01;1.4768340510e+02;
3.5295999943e+01;1.4443243705e+02;
3.5299999943e+01;1.4330583145e+02;
3.5303999943e+01;1.4404617183e+02;
3.5307999943e+01;1.4506883639e+02;
3.5311999943e+01;1.4513331972e+02;
3.5315999943e+01;1.4409495047e+02;
3.5319999943e+01;1.4225642394e+02;
3.5323999943e+01;1.3999166188e+02;
3.5327999943e+01;1.3814606266e+02;
3.5331999943e+01;1.3760179438e+02;
3.5335999943e+01;1.3800570385e+02;
3.5339999943e+01;1.3792151978e+02;
3.5343999943e+01;1.3647057676e+02;
3.5347999943e+01;1.3407644536e+02;
3.5351999943e+01;1.3169773980e+02;
3.5355999943e+01;1.2994437090e+02;
3.5359999943e+01;1.2898540667e+02;
3.5363999943e+01;1.2886501462e+02;
3.5367999943e+01;1.2936905414e+02;
3.5371999943e+01;1.2973194207e+02;
3.5375999943e+01;1.2919605136e+02;
3.5379999943e+01;1.2795658040e+02;
3.5383999943e+01;1.2692843822e+02;
3.5387999943e+01;1.2658574762e+02;
3.5391999943e+01;1.2671182946e+02;
3.5395999943e+01;1.2697789219e+02;
3.5399999943e+01;1.2700359202e+02;
3.5403999943e+01;1.2622642413e+02;
3.5407999943e+01;1.2439377500e+02;
3.5411999943e+01;1.2201942823e+02;
3.5415999943e+01;1.1994407139e+02;
3.5419999943e+01;1.1860910885e+02;
3.5423999943e+01;1.1792879784e+02;
3.5427999943e+01;1.1761619690e+02;
3.5431999943e+01;1.1745340236e+02;
3.5435999943e+01;1.1720375851e+02;
3.5439999943e+01;1.1655909628e+02;
3.5443999943e+01;1.1558903220e+02;
3.5447999943e+01;1.1478284405e+02;
3.5451999943e+01;1.1420469810e+02;
3.5455999943e+01;1.1326787172e+02;
3.5459999943e+01;1.1164668518e+02;
3.5463999943e+01;1.0966468073e+02;
3.5467999943e+01;1.0754148841e+02;
3.5471999943e+01;1.0520414190e+02;
3.5475999943e+01;1.0356232490e+02;
3.5479999943e+01;1.0529571521e+02;
3.5483999943e+01;1.1337720200e+02;
3.5487999943e+01;1.2884635422e+02;
3.5491999943e+01;1.5041629656e+02;
3.5495999943e+01;1.7570606931e+02;
3.5499999943e+01;2.0223669752e+02;
3.5503999943e+01;2.2808561285e+02;
3.5507999943e+01;2.5271478212e+02;
3.5511999943e+01;2.7700931564e+02;
3.5515999943e+01;3.0190324916e+02;
3.5519999943e+01;3.2704004018e+02;
3.5523999943e+01;3.5128786018e+02;
3.5527999943e+01;3.7422857826e+02;
3.5531999943e+01;3.9611722742e+02;
3.5535999943e+01;4.1677759299e+02;
3.5539999943e+01;4.3572650368e+02;
3.5543999943e+01;4.5309818934e+02;
3.5547999943e+01;4.6956135490e+02;
3.5551999943e+01;4.8544010334e+02;
3.5555999943e+01;5.0066775225e+02;
3.5559999943e+01;5.1561657515e+02;
3.5563999943e+01;5.3088855002e+02;
3.5567999943e+01;5.4614455347e+02;
3.5571999943e+01;5.6021569979e+02;
3.5575999943e+01;5.7240076326e+02;
3.5579999943e+01;5.8306856108e+02;
3.5583999943e+01;5.9310520853e+02;
3.5587999942e+01;6.0302114902e+02;
3.5591999942e+01;6.1272378329e+02;
3.5595999942e+01;6.2192135175e+02;
3.5599999942e+01;6.3010053655e+02;
3.5603999942e+01;6.3646587050e+02;
3.5607999942e+01;6.4079370068e+02;
3.5611999942e+01;6.4394400976e+02;
3.5615999942e+01;6.4698236936e+02;
3.5619999942e+01;6.5016620092e+02;
3.5623999942e+01;6.5303806589e+02;
3.5627999943e+01;6.5522380532e+02;
3.5631999942e+01;6.5681059664e+02;
3.5635999942e+01;6.5816052099e+02;
3.5639999942e+01;6.5972113858e+02;
3.5643999942e+01;6.6186851382e+02;
3.5647999942e+01;6.6461808716e+02;
3.5651999942e+01;6.6719512906e+02;
3.5655999942e+01;6.6808060099e+02;
3.5659999942e+01;6.6626275698e+02;
3.5663999942e+01;6.6235122547e+02;
3.5667999942e+01;6.5792531164e+02;
3.5671999943e+01;6.5424680479e+02;
3.5675999942e+01;6.5192479198e+02;
3.5679999942e+01;6.5110049045e+02;
3.5683999942e+01;6.5113213426e+02;
3.5687999942e+01;6.5029903653e+02;
3.5691999942e+01;6.4682719065e+02;
3.5695999942e+01;6.4047267706e+02;
3.5699999942e+01;6.3243583253e+02;
3.5703999942e+01;6.2385208147e+02;
3.5707999942e+01;6.1542902989e+02;
3.5711999942e+01;6.0823771008e+02;
3.5715999942e+01;6.0328442801e+02;
3.5719999942e+01;6.0029503134e+02;
3.5723999942e+01;5.9785181889e+02;
3.5727999942e+01;5.9465390428e+02;
3.5731999942e+01;5.9032506628e+02;
3.5735999942e+01;5.8517162324e+02;
3.5739999942e+01;5.7971436208e+02;
3.5743999942e+01;5.7465777498e+02;
3.5747999942e+01;5.7063081928e+02;
3.5751999942e+01;5.6747583736e+02;
3.5755999942e+01;5.6413254137e+02;
3.5759999942e+01;5.5971100727e+02;
3.5763999942e+01;5.5449211944e+02;
3.5767999942e+01;5.4925575685e+02;
3.5771999942e+01;5.4417053364e+02;
3.5775999942e+01;5.3913329517e+02;
3.5779999942e+01;5.3430304235e+02;
3.5783999942e+01;5.2963084491e+02;
3.5787999942e+01;5.2455472465e+02;
3.5791999942e+01;5.1855630307e+02;
3.5795999942e+01;5.1197511057e+02;
3.5799999942e+01;5.0606178437e+02;
3.5803999942e+01;5.0180403772e+02;
3.5807999942e+01;4.9890250934e+02;
3.5811999942e+01;4.9627665500e+02;
3.5815999942e+01;4.9323242915e+02;
3.5819999942e+01;4.8976394015e+02;
3.5823999942e+01;4.8597020992e+02;
3.5827999942e+01;4.8202026953e+02;
3.5831999942e+01;4.7891139219e+02;
3.5835999942e+01;4.7811915620e+02;
3.5839999942e+01;4.7959990461e+02;
3.5843999942e+01;4.8035739271e+02;
3.5847999942e+01;4.7540828563e+02;
3.5851999942e+01;4.6036220844e+02;
3.5855999942e+01;4.3356273291e+02;
3.5859999942e+01;3.9685288223e+02;
3.5863999942e+01;3.5483599659e+02;
3.5867999942e+01;3.1241398555e+02;
3.5871999942e+01;2.7216737211e+02;
3.5875999942e+01;2.3410696152e+02;
3.5879999942e+01;1.9725320929e+02;
3.5883999942e+01;1.6051125014e+02;
3.5887999942e+01;1.2255745105e+02;
3.5891999942e+01;8.2449724494e+01;
3.5895999942e+01;4.0854505640e+01;
3.5899999942e+01;-3.4910340281e-01;
3.5903999942e+01;-3.9934818507e+01;
3.5907999942e+01;-7.7822344996e+01;
3.5911999942e+01;-1.1396963815e+02;
3.5915999942e+01;-1.4817910857e+02;
3.5919999942e+01;-1.8096389863e+02;
3.5923999942e+01;-2.1318707828e+02;
3.5927999942e+01;-2.4446195441e+02;
3.5931999942e+01;-2.7269725170e+02;
3.5935999942e+01;-2.9543685717e+02;
3.5939999942e+01;-3.1122156334e+02;
3.5943999942e+01;-3.1964908281e+02;
3.5947999942e+01;-3.2119879472e+02;
3.5951999942e+01;-3.1793463919e+02;
3.5955999942e+01;-3.1332472968e+02;
3.5959999942e+01;-3.1006486420e+02;
3.5963999942e+01;-3.0861455639e+02;
3.5967999942e+01;-3.0828142323e+02;
3.5971999942e+01;-3.0862653927e+02;
3.5975999942e+01;-3.0920595255e+02;
3.5979999942e+01;-3.0905946919e+02;
3.5983999942e+01;-3.0757982376e+02;
3.5987999942e+01;-3.0553520720e+02;
3.5991999942e+01;-3.0440148074e+02;
3.5995999942e+01;-3.0465633714e+02;
3.5999999942e+01;-3.0527702764e+02;
3.6003999942e+01;-3.0510460594e+02;
3.6007999942e+01;-3.0399767541e+02;
3.6011999942e+01;-3.0224484929e+02;
3.6015999942e+01;-3.0004879670e+02;
3.6019999942e+01;-2.9820240834e+02;
3.6023999942e+01;-2.9773485937e+02;
3.6027999942e+01;-2.9823044286e+02;
3.6031999942e+01;-2.9780912407e+02;
3.6035999942e+01;-2.9527917132e+02;
3.6039999942e+01;-2.9134663382e+02;
3.6043999942e+01;-2.8736903861e+02;
3.6047999942e+01;-2.8402185446e+02;
3.6051999942e+01;-2.8169790629e+02;
3.6055999942e+01;-2.8104042673e+02;
3.6059999942e+01;-2.8218713013e+02;
3.6063999942e+01;-2.8389588224e+02;
3.6067999942e+01;-2.8390077786e+02;
3.6071999942e+01;-2.8012984626e+02;
3.6075999942e+01;-2.7185673094e+02;
3.6079999942e+01;-2.6047629912e+02;
3.6083999942e+01;-2.4935735533e+02;
3.6087999942e+01;-2.4219811711e+02;
3.6091999942e+01;-2.4090643153e+02;
3.6095999942e+01;-2.4458576220e+02;
3.6099999942e+01;-2.5018967584e+02;
3.6103999942e+01;-2.5464084168e+02;
3.6107999942e+01;-2.5674255958e+02;
3.6111999942e+01;-2.5687634090e+02;
3.6115999941e+01;-2.5560472153e+02;
3.6119999942e+01;-2.5343774825e+02;
3.6123999942e+01;-2.5114440332e+02;
3.6127999942e+01;-2.4934918443e+02;
3.6131999942e+01;-2.4816589648e+02;
3.6135999941e+01;-2.4755471326e+02;
3.6139999942e+01;-2.4755329995e+02;
3.6143999942e+01;-2.4789100413e+02;
3.6147999942e+01;-2.4793879512e+02;
3.6151999942e+01;-2.4744043963e+02;
3.6155999942e+01;-2.4680652717e+02;
3.6159999941e+01;-2.4623444495e+02;
3.6163999942e+01;-2.4511849644e+02;
3.6167999942e+01;-2.4301816759e+02;
3.6171999942e+01;-2.4064953096e+02;
3.6175999942e+01;-2.3911027251e+02;
3.6179999941e+01;-2.3848050401e+02;
3.6183999942e+01;-2.3787198794e+02;
3.6187999942e+01;-2.3671842450e+02;
3.6191999942e+01;-2.3521312186e+02;
3.6195999942e+01;-2.3338274879e+02;
3.6199999942e+01;-2.3091995256e+02;
3.6203999941e+01;-2.2821615049e+02;
3.6207999942e+01;-2.2636181714e+02;
3.6211999942e+01;-2.2584067520e+02;
3.6215999942e+01;-2.2604895556e+02;
3.6219999942e+01;-2.2630802616e+02;
3.6223999941e+01;-2.2662803490e+02;
3.6227999941e+01;-2.2697751872e+02;
3.6231999941e+01;-2.2663076693e+02;
3.6235999941e+01;-2.2521444929e+02;
3.6239999941e+01;-2.2363896318e+02;
3.6243999941e+01;-2.2300388110e+02;
3.6247999941e+01;-2.2326643580e+02;
3.6251999941e+01;-2.2381870483e+02;
3.6255999941e+01;-2.2476898803e+02;
3.6259999941e+01;-2.2658257633e+02;
3.6263999941e+01;-2.2871847635e+02;
3.6267999941e+01;-2.2991748283e+02;
3.6271999941e+01;-2.2977749119e+02;
3.6275999941e+01;-2.2877827512e+02;
3.6279999941e+01;-2.2699137461e+02;
3.6283999941e+01;-2.2413646235e+02;
3.6287999941e+01;-2.2081535931e+02;
3.6291999941e+01;-2.1844286130e+02;
3.6295999941e+01;-2.1777207227e+02;
3.6299999941e+01;-2.1831218097e+02;
3.6303999941e+01;-2.1929219204e+02;
3.6307999941e+01;-2.2038917625e+02;
3.6311999941e+01;-2.2124978535e+02;
3.6315999941e+01;-2.2131152606e+02;
3.6319999941e+01;-2.2074922208e+02;
3.6323999941e+01;-2.2052574879e+02;
3.6327999941e+01;-2.2087426693e+02;
3.6331999941e+01;-2.2079639170e+02;
3.6335999941e+01;-2.1950322944e+02;
3.6339999941e+01;-2.1743722178e+02;
3.6343999941e+01;-2.1556736610e+02;
3.6347999941e+01;-2.1442469563e+02;
3.6351999941e+01;-2.1412535777e+02;
3.6355999941e+01;-2.1472625179e+02;
3.6359999941e+01;-2.1594075951e+02;
3.6363999941e+01;-2.1667914043e+02;
3.6367999941e+01;-2.1574672750e+02;
3.6371999941e+01;-2.1332067523e+02;
3.6375999941e+01;-2.1092572250e+02;
3.6379999941e+01;-2.0965912169e+02;
3.6383999941e+01;-2.0929482336e+02;
3.6387999941e+01;-2.0914307622e+02;
3.6391999941e+01;-2.0878072520e+02;
3.6395999941e+01;-2.0790626734e+02;
3.6399999941e+01;-2.0637685442e+02;
3.6403999941e+01;-2.0477047215e+02;
3.6407999941e+01;-2.0434017385e+02;
3.6411999941e+01;-2.0580119724e+02;
3.6415999941e+01;-2.0847901039e+02;
3.6419999941e+01;-2.1097040712e+02;
3.6423999941e+01;-2.1225316286e+02;
3.6427999941e+01;-2.1201344353e+02;
3.6431999941e+01;-2.1030862932e+02;
3.6435999941e+01;-2.0736614463e+02;
3.6439999941e+01;-2.0372758443e+02;
3.6443999941e+01;-2.0016095977e+02;
3.6447999941e+01;-1.9724886981e+02;
3.6451999941e+01;-1.9534134577e+02;
3.6455999941e+01;-1.9490798084e+02;
3.6459999941e+01;-1.9620982767e+02;
3.6463999941e+01;-1.9819964112e+02;
3.6467999941e+01;-1.9873617056e+02;
3.6471999941e+01;-1.9698299351e+02;
3.6475999941e+01;-1.9498540593e+02;
3.6479999941e+01;-1.9592133089e+02;
3.6483999941e+01;-2.0123119397e+02;
3.6487999941e+01;-2.0964556226e+02;
3.6491999941e+01;-2.1790909959e+02;
3.6495999941e+01;-2.2222355874e+02;
3.6499999941e+01;-2.2044229031e+02;
3.6503999941e+01;-2.1396726438e+02;
3.6507999941e+01;-2.0707112395e+02;
3.6511999941e+01;-2.0361263412e+02;
3.6515999941e+01;-2.0437654216e+02;
3.6519999941e+01;-2.0742656951e+02;
3.6523999941e+01;-2.1031402434e+02;
3.6527999941e+01;-2.1167167611e+02;
3.6531999941e+01;-2.1141342329e+02;
3.6535999941e+01;-2.1043845380e+02;
3.6539999941e+01;-2.1008715153e+02;
3.6543999941e+01;-2.1085764970e+02;
3.6547999941e+01;-2.1158265616e+02;
3.6551999941e+01;-2.1070543822e+02;
3.6555999941e+01;-2.0813222227e+02;
3.6559999941e+01;-2.0495046682e+02;
3.6563999941e+01;-2.0192782338e+02;
3.6567999941e+01;-1.9946190733e+02;
3.6571999941e+01;-1.9833270699e+02;
3.6575999941e+01;-1.9917661546e+02;
3.6579999941e+01;-2.0141400187e+02;
3.6583999941e+01;-2.0352960218e+02;
3.6587999941e+01;-2.0446945723e+02;
3.6591999941e+01;-2.0424982317e+02;
3.6595999941e+01;-2.0315870116e+02;
3.6599999941e+01;-2.0122799077e+02;
3.6603999941e+01;-1.9891175282e+02;
3.6607999941e+01;-1.9728170309e+02;
3.6611999941e+01;-1.9675678321e+02;
3.6615999941e+01;-1.9641569578e+02;
3.6619999941e+01;-1.9535386986e+02;
3.6623999941e+01;-1.9392629199e+02;
3.6627999941e+01;-1.9285511367e+02;
3.6631999941e+01;-1.9209836075e+02;
3.6635999941e+01;-1.9144741753e+02;
3.6639999941e+01;-1.9125997764e+02;
3.6643999941e+01;-1.9181174020e+02;
3.6647999941e+01;-1.9248198441e+02;
3.6651999941e+01;-1.9219467054e+02;
3.6655999941e+01;-1.9056707140e+02;
3.6659999941e+01;-1.8823610697e+02;
3.6663999941e+01;-1.8612800931e+02;
3.6667999941e+01;-1.8482765106e+02;
3.6671999941e+01;-1.8469073065e+02;
3.6675999941e+01;-1.8594619107e+02;
3.6679999941e+01;-1.8816514741e+02;
3.6683999941e+01;-1.9013662920e+02;
3.6687999941e+01;-1.9095036941e+02;
3.6691999941e+01;-1.9075462769e+02;
3.6695999941e+01;-1.9000107985e+02;
3.6699999941e+01;-1.8875247615e+02;
3.6703999941e+01;-1.8714560886e+02;
3.6707999941e+01;-1.8574401322e+02;
3.6711999941e+01;-1.8505822965e+02;
3.6715999941e+01;-1.8506951650e+02;
3.6719999941e+01;-1.8544314516e+02;
3.6723999941e+01;-1.8598462348e+02;
3.6727999941e+01;-1.8649784789e+02;
3.6731999941e+01;-1.8644459611e+02;
3.6735999941e+01;-1.8549751216e+02;
3.6739999941e+01;-1.8418828259e+02;
3.6743999941e+01;-1.8313798468e+02;
3.6747999941e+01;-1.8209433421e+02;
3.6751999940e+01;-1.8060375273e+02;
3.6755999940e+01;-1.7909787376e+02;
3.6759999941e+01;-1.7841874818e+02;
3.6763999941e+01;-1.7846934596e+02;
3.6767999941e+01;-1.7810100085e+02;
3.6771999941e+01;-1.7656798651e+02;
3.6775999940e+01;-1.7446385091e+02;
3.6779999941e+01;-1.7274227447e+02;
3.6783999941e+01;-1.7159824496e+02;
3.6787999941e+01;-1.7106402733e+02;
3.6791999941e+01;-1.7185459133e+02;
3.6795999940e+01;-1.7434934490e+02;
3.6799999940e+01;-1.7685387936e+02;
3.6803999941e+01;-1.7621948792e+02;
3.6807999941e+01;-1.7094273970e+02;
3.6811999941e+01;-1.6309120353e+02;
3.6815999941e+01;-1.5673291351e+02;
3.6819999940e+01;-1.5477645281e+02;
3.6823999941e+01;-1.5718819730e+02;
3.6827999941e+01;-1.6140805100e+02;
3.6831999941e+01;-1.6423207101e+02;
3.6835999941e+01;-1.6398465967e+02;
3.6839999940e+01;-1.6142691257e+02;
3.6843999940e+01;-1.5852859715e+02;
3.6847999941e+01;-1.5631309282e+02;
3.6851999941e+01;-1.5427765124e+02;
3.6855999941e+01;-1.5187954868e+02;
3.6859999940e+01;-1.4950652022e+02;
3.6863999940e+01;-1.4762851260e+02;
3.6867999940e+01;-1.4613002474e+02;
3.6871999940e+01;-1.4495282530e+02;
3.6875999940e+01;-1.4448037040e+02;
3.6879999940e+01;-1.4473253938e+02;
3.6883999940e+01;-1.4493751250e+02;
3.6887999940e+01;-1.4451933369e+02;
3.6891999940e+01;-1.4376697928e+02;
3.6895999940e+01;-1.4307508182e+02;
3.6899999940e+01;-1.4238656232e+02;
3.6903999940e+01;-1.4168348823e+02;
3.6907999940e+01;-1.4132852801e+02;
3.6911999940e+01;-1.4163016917e+02;
3.6915999940e+01;-1.4218816319e+02;
3.6919999940e+01;-1.4201203713e+02;
3.6923999940e+01;-1.4058666133e+02;
3.6927999940e+01;-1.3836506298e+02;
3.6931999940e+01;-1.3610693133e+02;
3.6935999940e+01;-1.3453112646e+02;
3.6939999940e+01;-1.3452143311e+02;
3.6943999940e+01;-1.3659675551e+02;
3.6947999940e+01;-1.3993011119e+02;
3.6951999940e+01;-1.4274535505e+02;
3.6955999940e+01;-1.4408917939e+02;
3.6959999940e+01;-1.4430562475e+02;
3.6963999940e+01;-1.4344473590e+02;
3.6967999940e+01;-1.4092782585e+02;
3.6971999940e+01;-1.3783523218e+02;
3.6975999940e+01;-1.3786952477e+02;
3.6979999940e+01;-1.4487711603e+02;
3.6983999940e+01;-1.6031282482e+02;
3.6987999940e+01;-1.8310537409e+02;
3.6991999940e+01;-2.1082463724e+02;
3.6995999940e+01;-2.4085996312e+02;
3.6999999940e+01;-2.7123759570e+02;
3.7003999940e+01;-3.0101486197e+02;
3.7007999940e+01;-3.3020849626e+02;
3.7011999940e+01;-3.5927908517e+02;
3.7015999940e+01;-3.8851530340e+02;
3.7019999940e+01;-4.1772805214e+02;
3.7023999940e+01;-4.4626910652e+02;
3.7027999940e+01;-4.7317851854e+02;
3.7031999940e+01;-4.9764724536e+02;
3.7035999940e+01;-5.1985505086e+02;
3.7039999940e+01;-5.4128024991e+02;
3.7043999940e+01;-5.6358263049e+02;
3.7047999940e+01;-5.8692035061e+02;
3.7051999940e+01;-6.0979779048e+02;
3.7055999940e+01;-6.3057749897e+02;
3.7059999940e+01;-6.4847104529e+02;
3.7063999940e+01;-6.6313655949e+02;
3.7067999940e+01;-6.7437832268e+02;
3.7071999940e+01;-6.8290038754e+02;
3.7075999940e+01;-6.9050355755e+02;
3.7079999940e+01;-6.9857997292e+02;
3.7083999940e+01;-7.0705875875e+02;
3.7087999940e+01;-7.1523923195e+02;
3.7091999940e+01;-7.2264024877e+02;
3.7095999940e+01;-7.2872511103e+02;
3.7099999940e+01;-7.3276950437e+02;
3.7103999940e+01;-7.3466779963e+02;
3.7107999940e+01;-7.3554259958e+02;
3.7111999940e+01;-7.3682643344e+02;
3.7115999940e+01;-7.3882496069e+02;
3.7119999940e+01;-7.4099930567e+02;
3.7123999940e+01;-7.4337641575e+02;
3.7127999940e+01;-7.4649695435e+02;
3.7131999940e+01;-7.5019179571e+02;
3.7135999940e+01;-7.5347621081e+02;
3.7139999940e+01;-7.5553587183e+02;
3.7143999940e+01;-7.5620618483e+02;
3.7147999940e+01;-7.5551303391e+02;
3.7151999940e+01;-7.5323302747e+02;
3.7155999940e+01;-7.4922428576e+02;
3.7159999940e+01;-7.4384163639e+02;
3.7163999940e+01;-7.3772905428e+02;
3.7167999940e+01;-7.3155436746e+02;
3.7171999940e+01;-7.2608659733e+02;
3.7175999940e+01;-7.2198392380e+02;
3.7179999940e+01;-7.1901635541e+02;
3.7183999940e+01;-7.1585181521e+02;
3.7187999940e+01;-7.1122947501e+02;
3.7191999940e+01;-7.0515898637e+02;
3.7195999940e+01;-6.9852025546e+02;
3.7199999940e+01;-6.9182146544e+02;
3.7203999940e+01;-6.8502743266e+02;
3.7207999940e+01;-6.7839242380e+02;
3.7211999940e+01;-6.7252029868e+02;
3.7215999940e+01;-6.6753813470e+02;
3.7219999940e+01;-6.6300833220e+02;
3.7223999940e+01;-6.5862228045e+02;
3.7227999940e+01;-6.5428941769e+02;
3.7231999940e+01;-6.4966859607e+02;
3.7235999940e+01;-6.4432254407e+02;
3.7239999940e+01;-6.3845362390e+02;
3.7243999940e+01;-6.3281191359e+02;
3.7247999940e+01;-6.2766190790e+02;
3.7251999940e+01;-6.2258833730e+02;
3.7255999940e+01;-6.1736680512e+02;
3.7259999940e+01;-6.1218992989e+02;
3.7263999940e+01;-6.0706735900e+02;
3.7267999940e+01;-6.0168193467e+02;
3.7271999940e+01;-5.9591605913e+02;
3.7275999940e+01;-5.9017684835e+02;
3.7279999940e+01;-5.8502030810e+02;
3.7283999940e+01;-5.8059718441e+02;
3.7287999940e+01;-5.7669518526e+02;
3.7291999940e+01;-5.7320709365e+02;
3.7295999940e+01;-5.7015408338e+02;
3.7299999940e+01;-5.6716792941e+02;
3.7303999940e+01;-5.6358637874e+02;
3.7307999940e+01;-5.5969926297e+02;
3.7311999940e+01;-5.5748156273e+02;
3.7315999940e+01;-5.5886012236e+02;
3.7319999940e+01;-5.6242529195e+02;
3.7323999940e+01;-5.6223049605e+02;
3.7327999940e+01;-5.5098302265e+02;
3.7331999940e+01;-5.2509252877e+02;
3.7335999940e+01;-4.8691240783e+02;
3.7339999940e+01;-4.4271844475e+02;
3.7343999940e+01;-3.9859872646e+02;
3.7347999940e+01;-3.5743800386e+02;
3.7351999940e+01;-3.1890659985e+02;
3.7355999940e+01;-2.8160702676e+02;
3.7359999940e+01;-2.4479314944e+02;
3.7363999940e+01;-2.0823373444e+02;
3.7367999940e+01;-1.7148560783e+02;
3.7371999940e+01;-1.3416202620e+02;
3.7375999940e+01;-9.6351755224e+01;
3.7379999940e+01;-5.8217471653e+01;
3.7383999940e+01;-1.9840877916e+01;
3.7387999939e+01;1.8174396737e+01;
3.7391999939e+01;5.4526714066e+01;
3.7395999939e+01;8.8093930013e+01;
3.7399999940e+01;1.1889928108e+02;
3.7403999940e+01;1.4780829368e+02;
3.7407999940e+01;1.7501614495e+02;
3.7411999939e+01;1.9926232834e+02;
3.7415999939e+01;2.1892296560e+02;
3.7419999940e+01;2.3324847163e+02;
3.7423999940e+01;2.4226698618e+02;
3.7427999940e+01;2.4662633420e+02;
3.7431999939e+01;2.4806219405e+02;
3.7435999939e+01;2.4881796736e+02;
3.7439999939e+01;2.4988992374e+02;
3.7443999940e+01;2.5075278903e+02;
3.7447999940e+01;2.5102833206e+02;
3.7451999940e+01;2.5114781134e+02;
3.7455999939e+01;2.5115875516e+02;
3.7459999939e+01;2.5031183592e+02;
3.7463999940e+01;2.4843656434e+02;
3.7467999940e+01;2.4661839612e+02;
3.7471999940e+01;2.4579254289e+02;
3.7475999939e+01;2.4556183606e+02;
3.7479999939e+01;2.4506670376e+02;
3.7483999939e+01;2.4415516010e+02;
3.7487999940e+01;2.4292987439e+02;
3.7491999940e+01;2.4092601332e+02;
3.7495999940e+01;2.3778733927e+02;
3.7499999939e+01;2.3431225669e+02;
3.7503999939e+01;2.3189753399e+02;
3.7507999939e+01;2.3129872824e+02;
3.7511999939e+01;2.3243002240e+02;
3.7515999939e+01;2.3477490867e+02;
3.7519999939e+01;2.3741827213e+02;
3.7523999939e+01;2.3891272112e+02;
3.7527999939e+01;2.3799433718e+02;
3.7531999939e+01;2.3496940278e+02;
3.7535999939e+01;2.3168750889e+02;
3.7539999939e+01;2.2967897751e+02;
3.7543999939e+01;2.2903769629e+02;
3.7547999939e+01;2.2916822661e+02;
3.7551999939e+01;2.2951210869e+02;
3.7555999939e+01;2.2930911856e+02;
3.7559999939e+01;2.2767487107e+02;
3.7563999939e+01;2.2453604806e+02;
3.7567999939e+01;2.2113034861e+02;
3.7571999939e+01;2.1905243015e+02;
3.7575999939e+01;2.1878144418e+02;
3.7579999939e+01;2.1948024619e+02;
3.7583999939e+01;2.2014973874e+02;
3.7587999939e+01;2.2036382999e+02;
3.7591999939e+01;2.1996146797e+02;
3.7595999939e+01;2.1907319674e+02;
3.7599999939e+01;2.1847104810e+02;
3.7603999939e+01;2.1879030440e+02;
3.7607999939e+01;2.1950234749e+02;
3.7611999939e+01;2.1962172640e+02;
3.7615999939e+01;2.1920513787e+02;
3.7619999939e+01;2.1908476733e+02;
3.7623999939e+01;2.1927075883e+02;
3.7627999939e+01;2.1886878844e+02;
3.7631999939e+01;2.1759626231e+02;
3.7635999939e+01;2.1619522770e+02;
3.7639999939e+01;2.1525514865e+02;
3.7643999939e+01;2.1461437699e+02;
3.7647999939e+01;2.1407739412e+02;
3.7651999939e+01;2.1386127028e+02;
3.7655999939e+01;2.1394655091e+02;
3.7659999939e+01;2.1368136883e+02;
3.7663999939e+01;2.1258898244e+02;
3.7667999939e+01;2.1111353311e+02;
3.7671999939e+01;2.0996978871e+02;
3.7675999939e+01;2.0914076133e+02;
3.7679999939e+01;2.0834470802e+02;
3.7683999939e+01;2.0802733639e+02;
3.7687999939e+01;2.0875889878e+02;
3.7691999939e+01;2.0997105642e+02;
3.7695999939e+01;2.1023221867e+02;
3.7699999939e+01;2.0870080196e+02;
3.7703999939e+01;2.0582376040e+02;
3.7707999939e+01;2.0263251764e+02;
3.7711999939e+01;1.9996310085e+02;
3.7715999939e+01;1.9860779678e+02;
3.7719999939e+01;1.9930223663e+02;
3.7723999939e+01;2.0177082252e+02;
3.7727999939e+01;2.0441733755e+02;
3.7731999939e+01;2.0578605935e+02;
3.7735999939e+01;2.0580465224e+02;
3.7739999939e+01;2.0495680091e+02;
3.7743999939e+01;2.0320904543e+02;
3.7747999939e+01;2.0061696114e+02;
3.7751999939e+01;1.9805120554e+02;
3.7755999939e+01;1.9629478957e+02;
3.7759999939e+01;1.9494016312e+02;
3.7763999939e+01;1.9328637987e+02;
3.7767999939e+01;1.9193993242e+02;
3.7771999939e+01;1.9205009270e+02;
3.7775999939e+01;1.9321140636e+02;
3.7779999939e+01;1.9369811160e+02;
3.7783999939e+01;1.9266883930e+02;
3.7787999939e+01;1.9086052622e+02;
3.7791999939e+01;1.8913179525e+02;
3.7795999939e+01;1.8752320857e+02;
3.7799999939e+01;1.8609742460e+02;
3.7803999939e+01;1.8548018513e+02;
3.7807999939e+01;1.8584947292e+02;
3.7811999939e+01;1.8641098898e+02;
3.7815999939e+01;1.8652615001e+02;
3.7819999939e+01;1.8650166963e+02;
3.7823999939e+01;1.8669845543e+02;
3.7827999939e+01;1.8662717050e+02;
3.7831999939e+01;1.8576880960e+02;
3.7835999939e+01;1.8476686982e+02;
3.7839999939e+01;1.8467613102e+02;
3.7843999939e+01;1.8546612076e+02;
3.7847999939e+01;1.8659630152e+02;
3.7851999939e+01;1.8813716286e+02;
3.7855999939e+01;1.8931211579e+02;
3.7859999939e+01;1.8711165269e+02;
3.7863999939e+01;1.7889260084e+02;
3.7867999939e+01;1.6617564769e+02;
3.7871999939e+01;1.5453741229e+02;
3.7875999939e+01;1.4943480953e+02;
3.7879999939e+01;1.5226910934e+02;
3.7883999939e+01;1.6014795991e+02;
3.7887999939e+01;1.6841935367e+02;
3.7891999939e+01;1.7328366785e+02;
3.7895999939e+01;1.7343624879e+02;
3.7899999939e+01;1.7037314466e+02;
3.7903999939e+01;1.6695398313e+02;
3.7907999939e+01;1.6508563951e+02;
3.7911999939e+01;1.6460733239e+02;
3.7915999939e+01;1.6437674806e+02;
3.7919999939e+01;1.6378289192e+02;
3.7923999939e+01;1.6276377916e+02;
3.7927999939e+01;1.6118475582e+02;
3.7931999939e+01;1.5907510586e+02;
3.7935999939e+01;1.5706647691e+02;
3.7939999939e+01;1.5583991477e+02;
3.7943999939e+01;1.5542064856e+02;
3.7947999939e+01;1.5551957822e+02;
3.7951999939e+01;1.5606864384e+02;
3.7955999939e+01;1.5684090219e+02;
3.7959999939e+01;1.5705277010e+02;
3.7963999939e+01;1.5622078686e+02;
3.7967999939e+01;1.5511691182e+02;
3.7971999939e+01;1.5478282633e+02;
3.7975999939e+01;1.5487097375e+02;
3.7979999939e+01;1.5422142910e+02;
3.7983999939e+01;1.5277200797e+02;
3.7987999939e+01;1.5157568474e+02;
3.7991999939e+01;1.5109694299e+02;
3.7995999939e+01;1.5072838800e+02;
3.7999999939e+01;1.5004536984e+02;
3.8003999939e+01;1.4942103096e+02;
3.8007999939e+01;1.4919504406e+02;
3.8011999939e+01;1.4921538168e+02;
3.8015999939e+01;1.4937245194e+02;
3.8019999939e+01;1.4970973790e+02;
3.8023999939e+01;1.4982442621e+02;
3.8027999938e+01;1.4889287158e+02;
3.8031999938e+01;1.4671071936e+02;
3.8035999938e+01;1.4424319739e+02;
3.8039999939e+01;1.4262549831e+02;
3.8043999939e+01;1.4190716149e+02;
3.8047999938e+01;1.4125190075e+02;
3.8051999938e+01;1.4013192085e+02;
3.8055999938e+01;1.3869147403e+02;
3.8059999939e+01;1.3710356625e+02;
3.8063999939e+01;1.3553489517e+02;
3.8067999939e+01;1.3470295759e+02;
3.8071999938e+01;1.3531032667e+02;
3.8075999938e+01;1.3691381218e+02;
3.8079999938e+01;1.3841793144e+02;
3.8083999939e+01;1.3941988448e+02;
3.8087999939e+01;1.4015995056e+02;
3.8091999938e+01;1.4070486279e+02;
3.8095999938e+01;1.4094963600e+02;
3.8099999938e+01;1.4097342388e+02;
3.8103999939e+01;1.4080873069e+02;
3.8107999939e+01;1.4009020796e+02;
3.8111999938e+01;1.3841695260e+02;
3.8115999938e+01;1.3607723077e+02;
3.8119999938e+01;1.3402490728e+02;
3.8123999938e+01;1.3286070568e+02;
3.8127999939e+01;1.3211868230e+02;
3.8131999939e+01;1.3101272348e+02;
3.8135999938e+01;1.2960938930e+02;
3.8139999938e+01;1.2861780805e+02;
3.8143999938e+01;1.2829268768e+02;
3.8147999938e+01;1.2827588611e+02;
3.8151999938e+01;1.2831940482e+02;
3.8155999938e+01;1.2851749722e+02;
3.8159999938e+01;1.2879863784e+02;
3.8163999938e+01;1.2875779903e+02;
3.8167999938e+01;1.2827479397e+02;
3.8171999938e+01;1.2763085877e+02;
3.8175999938e+01;1.2679384254e+02;
3.8179999938e+01;1.2556379919e+02;
3.8183999938e+01;1.2444493031e+02;
3.8187999938e+01;1.2426950353e+02;
3.8191999938e+01;1.2504365040e+02;
3.8195999938e+01;1.2599670055e+02;
3.8199999938e+01;1.2658640863e+02;
3.8203999938e+01;1.2689206582e+02;
3.8207999938e+01;1.2708227004e+02;
3.8211999938e+01;1.2698375497e+02;
3.8215999938e+01;1.2647903068e+02;
3.8219999938e+01;1.2591739351e+02;
3.8223999938e+01;1.2571950923e+02;
3.8227999938e+01;1.2601786700e+02;
3.8231999938e+01;1.2695623139e+02;
3.8235999938e+01;1.2864930193e+02;
3.8239999938e+01;1.3047662999e+02;
3.8243999938e+01;1.3114916348e+02;
3.8247999938e+01;1.3002942932e+02;
3.8251999938e+01;1.2794209139e+02;
3.8255999938e+01;1.2619307337e+02;
3.8259999938e+01;1.2521022138e+02;
3.8263999938e+01;1.2476838176e+02;
3.8267999938e+01;1.2497658146e+02;
3.8271999938e+01;1.2585169569e+02;
3.8275999938e+01;1.2628750409e+02;
3.8279999938e+01;1.2493549607e+02;
3.8283999938e+01;1.2197484982e+02;
3.8287999938e+01;1.1893176451e+02;
3.8291999938e+01;1.1698054512e+02;
3.8295999938e+01;1.1605135460e+02;
3.8299999938e+01;1.1547831920e+02;
3.8303999938e+01;1.1499907234e+02;
3.8307999938e+01;1.1462282223e+02;
3.8311999938e+01;1.1383209786e+02;
3.8315999938e+01;1.1194897742e+02;
3.8319999938e+01;1.0921248097e+02;
3.8323999938e+01;1.0658052086e+02;
3.8327999938e+01;1.0483544348e+02;
3.8331999938e+01;1.0458552744e+02;
3.8335999938e+01;1.0635330846e+02;
3.8339999938e+01;1.0965059763e+02;
3.8343999938e+01;1.1254816408e+02;
3.8347999938e+01;1.1328707477e+02;
3.8351999938e+01;1.1211148090e+02;
3.8355999938e+01;1.1070326629e+02;
3.8359999938e+01;1.1003687491e+02;
3.8363999938e+01;1.0968281239e+02;
3.8367999938e+01;1.0906059427e+02;
3.8371999938e+01;1.0820836470e+02;
3.8375999938e+01;1.0728443492e+02;
3.8379999938e+01;1.0637995830e+02;
3.8383999938e+01;1.0597868728e+02;
3.8387999938e+01;1.0678754925e+02;
3.8391999938e+01;1.0878083609e+02;
3.8395999938e+01;1.1086462239e+02;
3.8399999938e+01;1.1164129000e+02;
3.8403999938e+01;1.1034790608e+02;
3.8407999938e+01;1.0727145171e+02;
3.8411999938e+01;1.0354578687e+02;
3.8415999938e+01;1.0061313550e+02;
3.8419999938e+01;9.9515168269e+01;
3.8423999938e+01;1.0013044672e+02;
3.8427999938e+01;1.0119012517e+02;
3.8431999938e+01;1.0145733251e+02;
3.8435999938e+01;1.0067895115e+02;
3.8439999938e+01;9.9160530852e+01;
3.8443999938e+01;9.7018855601e+01;
3.8447999938e+01;9.4473943209e+01;
3.8451999938e+01;9.2571625537e+01;
3.8455999938e+01;9.2626014390e+01;
3.8459999938e+01;9.4562638841e+01;
3.8463999938e+01;9.6721653040e+01;
3.8467999938e+01;9.7787746719e+01;
3.8471999938e+01;9.8027431743e+01;
3.8475999938e+01;9.8287554946e+01;
3.8479999938e+01;9.8712010085e+01;
3.8483999938e+01;9.8874909231e+01;
3.8487999938e+01;9.8518096392e+01;
3.8491999938e+01;9.7641890929e+01;
3.8495999938e+01;9.6277264983e+01;
3.8499999938e+01;9.4806336615e+01;
3.8503999938e+01;9.4119624022e+01;
3.8507999938e+01;9.4761522874e+01;
3.8511999938e+01;9.6251114766e+01;
3.8515999938e+01;9.7623175830e+01;
3.8519999938e+01;9.8246346932e+01;
3.8523999938e+01;9.7889662865e+01;
3.8527999938e+01;9.6500072392e+01;
3.8531999938e+01;9.4428486143e+01;
3.8535999938e+01;9.2527007698e+01;
3.8539999938e+01;9.1493571266e+01;
3.8543999938e+01;9.1458501863e+01;
3.8547999938e+01;9.2377792050e+01;
3.8551999938e+01;9.4138569135e+01;
3.8555999938e+01;9.6089231758e+01;
3.8559999938e+01;9.7010863299e+01;
3.8563999938e+01;9.5990659526e+01;
3.8567999938e+01;9.3418344696e+01;
3.8571999938e+01;9.0710789983e+01;
3.8575999938e+01;8.8732285197e+01;
3.8579999938e+01;8.7143262068e+01;
3.8583999938e+01;8.5638893617e+01;
3.8587999938e+01;8.4692388636e+01;
3.8591999938e+01;8.4547889477e+01;
3.8595999938e+01;8.4583058504e+01;
3.8599999938e+01;8.4195945567e+01;
3.8603999938e+01;8.3570045573e+01;
3.8607999938e+01;8.3135672321e+01;
3.8611999938e+01;8.2692915757e+01;
3.8615999938e+01;8.1682537466e+01;
3.8619999938e+01;8.0204214181e+01;
3.8623999938e+01;7.8958136642e+01;
3.8627999938e+01;7.8275692645e+01;
3.8631999938e+01;7.7926516387e+01;
3.8635999938e+01;7.7626168176e+01;
3.8639999938e+01;7.7154172616e+01;
3.8643999938e+01;7.6221276870e+01;
3.8647999938e+01;7.4784371979e+01;
3.8651999938e+01;7.3399009976e+01;
3.8655999938e+01;7.2723154733e+01;
3.8659999938e+01;7.2680304530e+01;
3.8663999937e+01;7.2677346010e+01;
3.8667999937e+01;7.2642007872e+01;
3.8671999937e+01;7.3025139004e+01;
3.8675999937e+01;7.3731453981e+01;
3.8679999938e+01;7.4077429026e+01;
3.8683999937e+01;7.3950203403e+01;
3.8687999937e+01;7.4067298816e+01;
3.8691999937e+01;7.4774042951e+01;
3.8695999937e+01;7.5246431229e+01;
3.8699999938e+01;7.4494665305e+01;
3.8703999938e+01;7.2829382269e+01;
3.8707999937e+01;7.1523504243e+01;
3.8711999937e+01;7.1333408272e+01;
3.8715999937e+01;7.2264318152e+01;
3.8719999937e+01;7.4062081961e+01;
3.8723999938e+01;7.5902709905e+01;
3.8727999937e+01;7.6469659459e+01;
3.8731999937e+01;7.5200768200e+01;
3.8735999937e+01;7.2914740756e+01;
3.8739999937e+01;7.0839902510e+01;
3.8743999938e+01;6.9432434344e+01;
3.8747999938e+01;6.8460615633e+01;
3.8751999937e+01;6.8043832846e+01;
3.8755999937e+01;6.9007047930e+01;
3.8759999937e+01;7.1759570818e+01;
3.8763999937e+01;7.5133835155e+01;
3.8767999938e+01;7.7226716536e+01;
3.8771999937e+01;7.7553621422e+01;
3.8775999937e+01;7.7556122519e+01;
3.8779999937e+01;7.9037044384e+01;
3.8783999937e+01;8.2758362983e+01;
3.8787999937e+01;8.7955158092e+01;
3.8791999937e+01;9.2304444436e+01;
3.8795999937e+01;9.3030411208e+01;
3.8799999937e+01;8.9295132566e+01;
3.8803999937e+01;8.3226851393e+01;
3.8807999937e+01;7.7867658899e+01;
3.8811999937e+01;7.4676618038e+01;
3.8815999937e+01;7.3375921108e+01;
3.8819999937e+01;7.3472025521e+01;
3.8823999937e+01;7.4773199822e+01;
3.8827999937e+01;7.5935553484e+01;
3.8831999937e+01;7.4084253067e+01;
3.8835999937e+01;6.7253840636e+01;
3.8839999937e+01;5.6341777587e+01;
3.8843999937e+01;4.4521482426e+01;
3.8847999937e+01;3.5654855045e+01;
3.8851999937e+01;3.2529721283e+01;
3.8855999937e+01;3.5253020502e+01;
3.8859999937e+01;4.1128024228e+01;
3.8863999937e+01;4.6631869913e+01;
3.8867999937e+01;4.9834487736e+01;
3.8871999937e+01;5.0759295456e+01;
3.8875999937e+01;5.0032956588e+01;
3.8879999937e+01;4.8280687614e+01;
3.8883999937e+01;4.6525762100e+01;
3.8887999937e+01;4.5966362629e+01;
3.8891999937e+01;4.6845024660e+01;
3.8895999937e+01;4.7971994379e+01;
3.8899999937e+01;4.7897841036e+01;
3.8903999937e+01;4.6364235203e+01;
3.8907999937e+01;4.4159364954e+01;
3.8911999937e+01;4.1940651829e+01;
3.8915999937e+01;3.9937459252e+01;
3.8919999937e+01;3.8422418520e+01;
3.8923999937e+01;3.7464629325e+01;
3.8927999937e+01;3.6296891276e+01;
3.8931999937e+01;3.3963219853e+01;
3.8935999937e+01;3.0834045980e+01;
3.8939999937e+01;2.8475325123e+01;
3.8943999937e+01;2.7763176932e+01;
3.8947999937e+01;2.8171971722e+01;
3.8951999937e+01;2.9069756214e+01;
3.8955999937e+01;3.0616721336e+01;
3.8959999937e+01;3.2861827302e+01;
3.8963999937e+01;3.4737972622e+01;
3.8967999937e+01;3.4902347247e+01;
3.8971999937e+01;3.3271656078e+01;
3.8975999937e+01;3.1016210095e+01;
3.8979999937e+01;2.9389273951e+01;
3.8983999937e+01;2.9033544184e+01;
3.8987999937e+01;2.9961187573e+01;
3.8991999937e+01;3.1606173683e+01;
3.8995999937e+01;3.3087293569e+01;
3.8999999937e+01;3.3955754390e+01;
3.9003999937e+01;3.4526400032e+01;
3.9007999937e+01;3.5085208949e+01;
3.9011999937e+01;3.5205290402e+01;
3.9015999937e+01;3.4411482523e+01;
3.9019999937e+01;3.3132230096e+01;
3.9023999937e+01;3.2301130612e+01;
3.9027999937e+01;3.2278802704e+01;
3.9031999937e+01;3.2815369993e+01;
3.9035999937e+01;3.3717617025e+01;
3.9039999937e+01;3.4935875357e+01;
3.9043999937e+01;3.6249729009e+01;
3.9047999937e+01;3.7254365624e+01;
3.9051999937e+01;3.7539124110e+01;
3.9055999937e+01;3.6663165159e+01;
3.9059999937e+01;3.4312085508e+01;
3.9063999937e+01;3.1002612186e+01;
3.9067999937e+01;2.8297654483e+01;
3.9071999937e+01;2.7728957762e+01;
3.9075999937e+01;2.9384671027e+01;
3.9079999937e+01;3.1679985967e+01;
3.9083999937e+01;3.2795948851e+01;
3.9087999937e+01;3.2272088587e+01;
3.9091999937e+01;3.0794915554e+01;
3.9095999937e+01;2.8959490714e+01;
3.9099999937e+01;2.7176610234e+01;
3.9103999937e+01;2.6231870507e+01;
3.9107999937e+01;2.6783431367e+01;
3.9111999937e+01;2.8338561688e+01;
3.9115999937e+01;2.9372460227e+01;
3.9119999937e+01;2.8866440717e+01;
3.9123999937e+01;2.7311836073e+01;
3.9127999937e+01;2.5700113747e+01;
3.9131999937e+01;2.4410673815e+01;
3.9135999937e+01;2.3669814123e+01;
3.9139999937e+01;2.3960971083e+01;
3.9143999937e+01;2.5345642613e+01;
3.9147999937e+01;2.7173070841e+01;
3.9151999937e+01;2.8832281391e+01;
3.9155999937e+01;3.0234953260e+01;
3.9159999937e+01;3.1181965719e+01;
3.9163999937e+01;3.0860751254e+01;
3.9167999937e+01;2.8952045349e+01;
3.9171999937e+01;2.6751486588e+01;
3.9175999937e+01;2.5901377582e+01;
3.9179999937e+01;2.6356209726e+01;
3.9183999937e+01;2.6649424515e+01;
3.9187999937e+01;2.5850831725e+01;
3.9191999937e+01;2.4381289690e+01;
3.9195999937e+01;2.2964767605e+01;
3.9199999937e+01;2.1766639202e+01;
3.9203999937e+01;2.0872922569e+01;
3.9207999937e+01;2.0519589095e+01;
3.9211999937e+01;2.0419081220e+01;
3.9215999937e+01;1.9736532549e+01;
3.9219999937e+01;1.8031583339e+01;
3.9223999937e+01;1.5740617447e+01;
3.9227999937e+01;1.3576489201e+01;
3.9231999937e+01;1.1948596017e+01;
3.9235999937e+01;1.1308693830e+01;
3.9239999937e+01;1.2426278698e+01;
3.9243999937e+01;1.5430526879e+01;
3.9247999937e+01;1.8842416621e+01;
3.9251999937e+01;2.0578786026e+01;
3.9255999937e+01;1.9784034669e+01;
3.9259999937e+01;1.6929083307e+01;
3.9263999937e+01;1.2835757997e+01;
3.9267999937e+01;8.6402759640e+00;
3.9271999937e+01;5.9948332211e+00;
3.9275999937e+01;5.9484825952e+00;
3.9279999937e+01;7.6993127120e+00;
3.9283999937e+01;9.5021861857e+00;
3.9287999937e+01;1.0666338004e+01;
3.9291999937e+01;1.1658084996e+01;
3.9295999937e+01;1.2637615349e+01;
3.9299999936e+01;1.3094391981e+01;
3.9303999936e+01;1.2851546079e+01;
3.9307999936e+01;1.2331096472e+01;
3.9311999936e+01;1.1665771092e+01;
3.9315999936e+01;1.0541171628e+01;
3.9319999937e+01;9.0652895601e+00;
3.9323999936e+01;7.8403701594e+00;
3.9327999936e+01;7.0038111471e+00;
3.9331999936e+01;6.1608221256e+00;
3.9335999936e+01;5.4753730051e+00;
3.9339999937e+01;5.8841559439e+00;
3.9343999936e+01;7.7643191310e+00;
3.9347999936e+01;9.9049364914e+00;
3.9351999936e+01;1.0644841937e+01;
3.9355999936e+01;9.7865803427e+00;
3.9359999936e+01;8.2407102137e+00;
3.9363999936e+01;6.4887317443e+00;
3.9367999936e+01;4.8141811657e+00;
3.9371999936e+01;4.0469819348e+00;
3.9375999936e+01;4.7271341846e+00;
3.9379999936e+01;6.2207671978e+00;
3.9383999937e+01;7.6340082794e+00;
3.9387999936e+01;9.0385233291e+00;
3.9391999936e+01;1.0799000053e+01;
3.9395999936e+01;1.2318217841e+01;
3.9399999936e+01;1.2643269667e+01;
3.9403999936e+01;1.1727196827e+01;
3.9407999936e+01;1.0264391610e+01;
3.9411999936e+01;8.9796174034e+00;
3.9415999936e+01;8.3570007089e+00;
3.9419999936e+01;8.4394934750e+00;
3.9423999936e+01;8.7358419774e+00;
3.9427999936e+01;8.2696177023e+00;
3.9431999936e+01;6.0695248110e+00;
3.9435999936e+01;2.4210472637e+00;
3.9439999936e+01;-7.9580318369e-01;
3.9443999936e+01;-1.8312438233e+00;
3.9447999936e+01;-6.5839373891e-01;
3.9451999936e+01;1.5958787969e+00;
3.9455999936e+01;4.0125154699e+00;
3.9459999936e+01;5.9304113069e+00;
3.9463999936e+01;6.4048371678e+00;
3.9467999936e+01;4.6493678470e+00;
3.9471999936e+01;9.1019675706e-01;
3.9475999936e+01;-3.4122746994e+00;
3.9479999936e+01;-6.6689826450e+00;
3.9483999936e+01;-8.0013422329e+00;
3.9487999936e+01;-7.3612715610e+00;
3.9491999936e+01;-5.2086567583e+00;
3.9495999936e+01;-2.7316774164e+00;
3.9499999936e+01;-1.4961329972e+00;
3.9503999936e+01;-2.0880988657e+00;
3.9507999936e+01;-3.5188797890e+00;
3.9511999936e+01;-4.4687808257e+00;
3.9515999936e+01;-4.5708114611e+00;
3.9519999936e+01;-4.0330423381e+00;
3.9523999936e+01;-2.9121959542e+00;
3.9527999936e+01;-1.4154885201e+00;
3.9531999936e+01;-1.0979541868e-01;
3.9535999936e+01;6.9833865657e-01;
3.9539999936e+01;1.1768743739e+00;
3.9543999936e+01;1.2789909460e+00;
3.9547999936e+01;3.9486705407e-01;
3.9551999936e+01;-1.9024613767e+00;
3.9555999936e+01;-5.0599190703e+00;
3.9559999936e+01;-7.8702416656e+00;
3.9563999936e+01;-9.3459274196e+00;
3.9567999936e+01;-9.0413068653e+00;
3.9571999936e+01;-7.0822575587e+00;
3.9575999936e+01;-4.3503378433e+00;
3.9579999936e+01;-2.1448116661e+00;
3.9583999936e+01;-1.2509274817e+00;
3.9587999936e+01;-1.5193334568e+00;
3.9591999936e+01;-2.3394028463e+00;
3.9595999936e+01;-3.4717597158e+00;
3.9599999936e+01;-5.2813588618e+00;
3.9603999936e+01;-7.8198830397e+00;
3.9607999936e+01;-1.0204953717e+01;
3.9611999936e+01;-1.1479258743e+01;
3.9615999936e+01;-1.1391692977e+01;
3.9619999936e+01;-1.0037923825e+01;
3.9623999936e+01;-7.6784510382e+00;
3.9627999936e+01;-5.2082737782e+00;
3.9631999936e+01;-3.9655375781e+00;
3.9635999936e+01;-4.6265278787e+00;
3.9639999936e+01;-6.5237581399e+00;
3.9643999936e+01;-8.2412045083e+00;
3.9647999936e+01;-8.8739237173e+00;
3.9651999936e+01;-8.4282490681e+00;
3.9655999936e+01;-7.1598976657e+00;
3.9659999936e+01;-5.5038418768e+00;
3.9663999936e+01;-4.4884463490e+00;
3.9667999936e+01;-4.8949053017e+00;
3.9671999936e+01;-6.1697540504e+00;
3.9675999936e+01;-7.1724481545e+00;
3.9679999936e+01;-7.6750310725e+00;
3.9683999936e+01;-8.4711157049e+00;
3.9687999936e+01;-1.0272553653e+01;
3.9691999936e+01;-1.2921228170e+01;
3.9695999936e+01;-1.5470561939e+01;
3.9699999936e+01;-1.6490833776e+01;
3.9703999936e+01;-1.4640874102e+01;
3.9707999936e+01;-1.0019915200e+01;
3.9711999936e+01;-4.7828596318e+00;
3.9715999936e+01;-1.5122901895e+00;
3.9719999936e+01;-1.1671604495e+00;
3.9723999936e+01;-2.8648763131e+00;
3.9727999936e+01;-5.1845253189e+00;
3.9731999936e+01;-7.3394246509e+00;
3.9735999936e+01;-9.0901339645e+00;
3.9739999936e+01;-1.0142972603e+01;
3.9743999936e+01;-1.0381444705e+01;
3.9747999936e+01;-1.0362134716e+01;
3.9751999936e+01;-1.0647585256e+01;
3.9755999936e+01;-1.0587617196e+01;
3.9759999936e+01;-8.8104594953e+00;
3.9763999936e+01;-5.2212228221e+00;
3.9767999936e+01;-1.3935941032e+00;
3.9771999936e+01;1.2450576902e+00;
3.9775999936e+01;2.4786054648e+00;
3.9779999936e+01;2.5775864788e+00;
3.9783999936e+01;1.7823574324e+00;
3.9787999936e+01;5.9737929609e-01;
3.9791999936e+01;-3.7917740713e-01;
3.9795999936e+01;-1.0957615592e+00;
3.9799999936e+01;-1.9462494007e+00;
3.9803999936e+01;-2.7795614505e+00;
3.9807999936e+01;-2.7383810137e+00;
3.9811999936e+01;-1.7480234562e+00;
3.9815999936e+01;-1.0363404090e+00;
3.9819999936e+01;-1.3837787169e+00;
3.9823999936e+01;-2.1424908661e+00;
3.9827999935e+01;-2.4874879271e+00;
3.9831999936e+01;-2.5669473582e+00;
3.9835999936e+01;-2.9862211717e+00;
3.9839999936e+01;-3.8316483253e+00;
3.9843999936e+01;-4.7904948036e+00;
3.9847999936e+01;-5.8631880323e+00;
3.9851999936e+01;-7.1772753426e+00;
3.9855999936e+01;-8.2101887902e+00;
3.9859999936e+01;-8.1620881308e+00;
3.9863999936e+01;-7.1945012286e+00;
3.9867999936e+01;-6.3806789822e+00;
3.9871999935e+01;-6.2701114160e+00;
3.9875999936e+01;-6.2432854490e+00;
3.9879999936e+01;-5.6488501797e+00;
3.9883999936e+01;-4.9534930936e+00;
3.9887999936e+01;-5.1387391796e+00;
3.9891999935e+01;-6.5035808920e+00;
3.9895999936e+01;-8.6077513071e+00;
3.9899999936e+01;-1.0776740390e+01;
3.9903999936e+01;-1.2128765246e+01;
3.9907999936e+01;-1.1818955527e+01;
3.9911999936e+01;-9.9888722629e+00;
3.9915999935e+01;-7.8774676810e+00;
3.9919999936e+01;-6.5090815991e+00;
3.9923999936e+01;-5.8353688864e+00;
3.9927999936e+01;-5.4443644758e+00;
3.9931999936e+01;-5.5185790621e+00;
3.9935999935e+01;-6.3910100942e+00;
3.9939999935e+01;-7.5366525850e+00;
3.9943999935e+01;-8.0271277530e+00;
3.9947999935e+01;-7.7716417459e+00;
3.9951999935e+01;-7.3702106809e+00;
3.9955999935e+01;-7.0385817462e+00;
3.9959999935e+01;-6.6575745994e+00;
3.9963999935e+01;-6.6425818913e+00;
3.9967999935e+01;-7.5862441512e+00;
3.9971999935e+01;-8.9722076096e+00;
3.9975999935e+01;-9.5066757260e+00;
3.9979999935e+01;-8.9456251462e+00;
3.9983999935e+01;-8.3102980526e+00;
3.9987999935e+01;-8.2100764383e+00;
3.9991999935e+01;-8.3077497394e+00;
3.9995999935e+01;-8.4063823223e+00;
3.9999999935e+01;-8.7630101084e+00;
4.0003999935e+01;-9.3386693019e+00;
4.0007999935e+01;-9.7418948761e+00;
4.0011999935e+01;-9.9650693615e+00;
4.0015999935e+01;-1.0444493608e+01;
4.0019999935e+01;-1.1206863525e+01;
4.0023999935e+01;-1.1515509602e+01;
4.0027999935e+01;-1.0853464039e+01;
4.0031999935e+01;-9.9872928536e+00;
4.0035999935e+01;-1.0230760349e+01;
4.0039999935e+01;-1.1667461681e+01;
4.0043999935e+01;-1.3096814578e+01;
4.0047999935e+01;-1.3713349871e+01;
4.0051999935e+01;-1.3668465330e+01;
4.0055999935e+01;-1.3110372171e+01;
4.0059999935e+01;-1.2088248128e+01;
4.0063999935e+01;-1.1275445068e+01;
4.0067999935e+01;-1.1564720842e+01;
4.0071999935e+01;-1.3100847650e+01;
4.0075999935e+01;-1.5253922978e+01;
4.0079999935e+01;-1.7220183789e+01;
4.0083999935e+01;-1.8426776903e+01;
4.0087999935e+01;-1.8534001848e+01;
4.0091999935e+01;-1.7516962010e+01;
4.0095999935e+01;-1.6151283520e+01;
4.0099999935e+01;-1.5746491478e+01;
4.0103999935e+01;-1.6693978623e+01;
4.0107999935e+01;-1.7920785558e+01;
4.0111999935e+01;-1.8266449494e+01;
4.0115999935e+01;-1.7757982060e+01;
4.0119999935e+01;-1.7068857271e+01;
4.0123999935e+01;-1.6431410885e+01;
4.0127999935e+01;-1.5920345068e+01;
4.0131999935e+01;-1.6086801219e+01;
4.0135999935e+01;-1.7289072678e+01;
4.0139999935e+01;-1.9015280271e+01;
4.0143999935e+01;-2.0531779830e+01;
4.0147999935e+01;-2.1576168600e+01;
4.0151999935e+01;-2.2075132336e+01;
4.0155999935e+01;-2.1769024374e+01;
4.0159999935e+01;-2.0608746569e+01;
4.0163999935e+01;-1.9465390391e+01;
4.0167999935e+01;-1.9770476262e+01;
4.0171999935e+01;-2.2026321502e+01;
4.0175999935e+01;-2.5309396325e+01;
4.0179999935e+01;-2.8406014007e+01;
4.0183999935e+01;-3.0639230659e+01;
4.0187999935e+01;-3.1603400426e+01;
4.0191999935e+01;-3.0975606126e+01;
4.0195999935e+01;-2.9062680282e+01;
4.0199999935e+01;-2.7035732709e+01;
4.0203999935e+01;-2.5893503954e+01;
4.0207999935e+01;-2.5534370787e+01;
4.0211999935e+01;-2.5437811759e+01;
4.0215999935e+01;-2.5728803881e+01;
4.0219999935e+01;-2.6912088369e+01;
4.0223999935e+01;-2.8862321880e+01;
4.0227999935e+01;-3.0730886033e+01;
4.0231999935e+01;-3.1844274126e+01;
4.0235999935e+01;-3.2040701423e+01;
4.0239999935e+01;-3.1229675639e+01;
4.0243999935e+01;-2.9729575893e+01;
4.0247999935e+01;-2.8879711883e+01;
4.0251999935e+01;-2.9974207321e+01;
4.0255999935e+01;-3.2641394025e+01;
4.0259999935e+01;-3.5229734088e+01;
4.0263999935e+01;-3.6660288442e+01;
4.0267999935e+01;-3.7015011601e+01;
4.0271999935e+01;-3.6493298867e+01;
4.0275999935e+01;-3.5037966274e+01;
4.0279999935e+01;-3.3065362822e+01;
4.0283999935e+01;-3.1438169642e+01;
4.0287999935e+01;-3.0441705458e+01;
4.0291999935e+01;-2.9633701513e+01;
4.0295999935e+01;-2.9006775557e+01;
4.0299999935e+01;-2.9202202249e+01;
4.0303999935e+01;-2.9986246716e+01;
4.0307999935e+01;-2.9927199614e+01;
4.0311999935e+01;-2.8473204976e+01;
4.0315999935e+01;-2.7004399513e+01;
4.0319999935e+01;-2.7039900547e+01;
4.0323999935e+01;-2.8323891211e+01;
4.0327999935e+01;-2.9273638228e+01;
4.0331999935e+01;-2.8922263294e+01;
4.0335999935e+01;-2.7688932903e+01;
4.0339999935e+01;-2.6393866653e+01;
4.0343999935e+01;-2.5537725784e+01;
4.0347999935e+01;-2.5433929973e+01;
4.0351999935e+01;-2.6053797419e+01;
4.0355999935e+01;-2.6592033957e+01;
4.0359999935e+01;-2.5948173628e+01;
4.0363999935e+01;-2.4233981939e+01;
4.0367999935e+01;-2.3049505701e+01;
4.0371999935e+01;-2.3548902551e+01;
4.0375999935e+01;-2.5051707608e+01;
4.0379999935e+01;-2.5998430565e+01;
4.0383999935e+01;-2.5676513771e+01;
4.0387999935e+01;-2.4677611945e+01;
4.0391999935e+01;-2.3950544134e+01;
4.0395999935e+01;-2.4050016459e+01;
4.0399999935e+01;-2.5164034871e+01;
4.0403999935e+01;-2.6938919666e+01;
4.0407999935e+01;-2.8230313013e+01;
4.0411999935e+01;-2.7681310066e+01;
4.0415999935e+01;-2.4608384991e+01;
4.0419999935e+01;-1.9149451586e+01;
4.0423999935e+01;-1.2068613291e+01;
4.0427999935e+01;-4.9265607456e+00;
4.0431999935e+01;2.0362947229e-01;
4.0435999935e+01;2.0091337753e+00;
4.0439999935e+01;8.4637994086e-01;
4.0443999935e+01;-1.7181530679e+00;
4.0447999935e+01;-3.8669998660e+00;
4.0451999935e+01;-4.0240816334e+00;
4.0455999935e+01;-1.2027695156e+00;
4.0459999935e+01;4.3644902585e+00;
4.0463999934e+01;1.0822912731e+01;
4.0467999934e+01;1.5291041088e+01;
4.0471999935e+01;1.5532132952e+01;
4.0475999935e+01;1.1486751348e+01;
4.0479999935e+01;4.9215277447e+00;
4.0483999935e+01;-2.2835783511e+00;
4.0487999934e+01;-8.6767644314e+00;
4.0491999935e+01;-1.2790303385e+01;
4.0495999935e+01;-1.4056508027e+01;
4.0499999935e+01;-1.3871117814e+01;
4.0503999935e+01;-1.4071603995e+01;
4.0507999934e+01;-1.4845062183e+01;
4.0511999934e+01;-1.5276997832e+01;
4.0515999935e+01;-1.4948632287e+01;
4.0519999935e+01;-1.4088148221e+01;
4.0523999935e+01;-1.3212113394e+01;
4.0527999935e+01;-1.3223267739e+01;
4.0531999934e+01;-1.4896483101e+01;
4.0535999935e+01;-1.7665847593e+01;
4.0539999935e+01;-1.9536193550e+01;
4.0543999935e+01;-1.8910704964e+01;
4.0547999935e+01;-1.6251589493e+01;
4.0551999934e+01;-1.3447924238e+01;
4.0555999934e+01;-1.1922313997e+01;
4.0559999935e+01;-1.1795101107e+01;
4.0563999935e+01;-1.2594401013e+01;
4.0567999935e+01;-1.4080793707e+01;
4.0571999935e+01;-1.6106823506e+01;
4.0575999934e+01;-1.8351178209e+01;
4.0579999934e+01;-2.0648877755e+01;
4.0583999934e+01;-2.2988940677e+01;
4.0587999934e+01;-2.4870962602e+01;
4.0591999934e+01;-2.5209598768e+01;
4.0595999934e+01;-2.3317544875e+01;
4.0599999934e+01;-1.9766055872e+01;
4.0603999934e+01;-1.5844779701e+01;
4.0607999934e+01;-1.2603805204e+01;
4.0611999934e+01;-1.0982903514e+01;
4.0615999934e+01;-1.1837095715e+01;
4.0619999934e+01;-1.4915206380e+01;
4.0623999934e+01;-1.8565778377e+01;
4.0627999934e+01;-2.0996919028e+01;
4.0631999934e+01;-2.1670174652e+01;
4.0635999934e+01;-2.1382454468e+01;
4.0639999934e+01;-2.0992541500e+01;
4.0643999934e+01;-2.0466798662e+01;
4.0647999934e+01;-1.9494364106e+01;
4.0651999934e+01;-1.8508836344e+01;
4.0655999934e+01;-1.8342971877e+01;
4.0659999934e+01;-1.8980364245e+01;
4.0663999934e+01;-1.9523585985e+01;
4.0667999934e+01;-1.9363715878e+01;
4.0671999934e+01;-1.8460475539e+01;
4.0675999934e+01;-1.6875890916e+01;
4.0679999934e+01;-1.5079732854e+01;
4.0683999934e+01;-1.4132103429e+01;
4.0687999934e+01;-1.4643934331e+01;
4.0691999934e+01;-1.6036669353e+01;
4.0695999934e+01;-1.7288630859e+01;
4.0699999934e+01;-1.7964700881e+01;
4.0703999934e+01;-1.8158654351e+01;
4.0707999934e+01;-1.7747697056e+01;
4.0711999934e+01;-1.6496824446e+01;
4.0715999934e+01;-1.5030174915e+01;
4.0719999934e+01;-1.4683069210e+01;
4.0723999934e+01;-1.6057689170e+01;
4.0727999934e+01;-1.8616399630e+01;
4.0731999934e+01;-2.1569986724e+01;
4.0735999934e+01;-2.4230664338e+01;
4.0739999934e+01;-2.5920017024e+01;
4.0743999934e+01;-2.6406189058e+01;
4.0747999934e+01;-2.6320017987e+01;
4.0751999934e+01;-2.6790493680e+01;
4.0755999934e+01;-2.8467486839e+01;
4.0759999934e+01;-3.0804033294e+01;
4.0763999934e+01;-3.2729420749e+01;
4.0767999934e+01;-3.3942310766e+01;
4.0771999934e+01;-3.4626823925e+01;
4.0775999934e+01;-3.4416079897e+01;
4.0779999934e+01;-3.2891328603e+01;
4.0783999934e+01;-3.0541040786e+01;
4.0787999934e+01;-2.8333143623e+01;
4.0791999934e+01;-2.6804806312e+01;
4.0795999934e+01;-2.5910750051e+01;
4.0799999934e+01;-2.5428950772e+01;
4.0803999934e+01;-2.5294318883e+01;
4.0807999934e+01;-2.5399440714e+01;
4.0811999934e+01;-2.5462178682e+01;
4.0815999934e+01;-2.5551348947e+01;
4.0819999934e+01;-2.6152427255e+01;
4.0823999934e+01;-2.7380492440e+01;
4.0827999934e+01;-2.8697625005e+01;
4.0831999934e+01;-2.9562535686e+01;
4.0835999934e+01;-2.9863591041e+01;
4.0839999934e+01;-2.9570229600e+01;
4.0843999934e+01;-2.8559859869e+01;
4.0847999934e+01;-2.7103920081e+01;
4.0851999934e+01;-2.5955700637e+01;
4.0855999934e+01;-2.5436619271e+01;
4.0859999934e+01;-2.4954898867e+01;
4.0863999934e+01;-2.4028648143e+01;
4.0867999934e+01;-2.3195704234e+01;
4.0871999934e+01;-2.3355866028e+01;
4.0875999934e+01;-2.4659176200e+01;
4.0879999934e+01;-2.6560469868e+01;
4.0883999934e+01;-2.8687867007e+01;
4.0887999934e+01;-3.0860293321e+01;
4.0891999934e+01;-3.2411969960e+01;
4.0895999934e+01;-3.2607363528e+01;
4.0899999934e+01;-3.1771947192e+01;
4.0903999934e+01;-3.0927905648e+01;
4.0907999934e+01;-3.0218990330e+01;
4.0911999934e+01;-2.8879108775e+01;
4.0915999934e+01;-2.6772805741e+01;
4.0919999934e+01;-2.4621487889e+01;
4.0923999934e+01;-2.2883050340e+01;
4.0927999934e+01;-2.1727947406e+01;
4.0931999934e+01;-2.1779018621e+01;
4.0935999934e+01;-2.3527544903e+01;
4.0939999934e+01;-2.6086346463e+01;
4.0943999934e+01;-2.7677502954e+01;
4.0947999934e+01;-2.7554642471e+01;
4.0951999934e+01;-2.6593851669e+01;
4.0955999934e+01;-2.5811493610e+01;
4.0959999934e+01;-2.5327106144e+01;
4.0963999934e+01;-2.5167002925e+01;
4.0967999934e+01;-2.5881111518e+01;
4.0971999934e+01;-2.7644316148e+01;
4.0975999934e+01;-2.9567604392e+01;
4.0979999934e+01;-3.0796978104e+01;
4.0983999934e+01;-3.1840561354e+01;
4.0987999934e+01;-3.3628295762e+01;
4.0991999934e+01;-3.5606942674e+01;
4.0995999934e+01;-3.6137043404e+01;
4.0999999934e+01;-3.4646472913e+01;
4.1003999934e+01;-3.2277854585e+01;
4.1007999934e+01;-3.0403450254e+01;
4.1011999934e+01;-2.9382755088e+01;
4.1015999934e+01;-2.8826976162e+01;
4.1019999934e+01;-2.8243978214e+01;
4.1023999934e+01;-2.7285574518e+01;
4.1027999934e+01;-2.6168157815e+01;
4.1031999934e+01;-2.5923116188e+01;
4.1035999934e+01;-2.7325439131e+01;
4.1039999934e+01;-2.9550238683e+01;
4.1043999934e+01;-3.0767378292e+01;
4.1047999934e+01;-3.0218498521e+01;
4.1051999934e+01;-2.8961741286e+01;
4.1055999934e+01;-2.8161324249e+01;
4.1059999934e+01;-2.7522599212e+01;
4.1063999934e+01;-2.6151532610e+01;
4.1067999934e+01;-2.4049480009e+01;
4.1071999934e+01;-2.1955074833e+01;
4.1075999934e+01;-2.0390922600e+01;
4.1079999934e+01;-1.9519132512e+01;
4.1083999934e+01;-1.9493555878e+01;
4.1087999934e+01;-2.0365317591e+01;
4.1091999934e+01;-2.1814671486e+01;
4.1095999934e+01;-2.3548952446e+01;
4.1099999934e+01;-2.5842209808e+01;
4.1103999933e+01;-2.8909152604e+01;
4.1107999933e+01;-3.1906302741e+01;
4.1111999934e+01;-3.3462062868e+01;
4.1115999934e+01;-3.3124253428e+01;
4.1119999934e+01;-3.1480339609e+01;
4.1123999933e+01;-2.9051069405e+01;
4.1127999933e+01;-2.6216656671e+01;
4.1131999934e+01;-2.4069043614e+01;
4.1135999934e+01;-2.4000438565e+01;
4.1139999934e+01;-2.6314054671e+01;
4.1143999933e+01;-2.9814653703e+01;
4.1147999933e+01;-3.2783435922e+01;
4.1151999933e+01;-3.4350923103e+01;
4.1155999934e+01;-3.4865420278e+01;
4.1159999934e+01;-3.4900041052e+01;
4.1163999934e+01;-3.4639099388e+01;
4.1167999933e+01;-3.4397225632e+01;
4.1171999933e+01;-3.4374774544e+01;
4.1175999934e+01;-3.3604689914e+01;
4.1179999934e+01;-3.0682806053e+01;
4.1183999934e+01;-2.5903872523e+01;
4.1187999933e+01;-2.1371585612e+01;
4.1191999933e+01;-1.8815073188e+01;
4.1195999933e+01;-1.8532347983e+01;
4.1199999934e+01;-2.0353481023e+01;
4.1203999934e+01;-2.4020297632e+01;
4.1207999934e+01;-2.8416761982e+01;
4.1211999933e+01;-3.1814582785e+01;
4.1215999933e+01;-3.3314703390e+01;
4.1219999933e+01;-3.3324531580e+01;
4.1223999933e+01;-3.2631737389e+01;
4.1227999933e+01;-3.1645555065e+01;
4.1231999933e+01;-3.0624720513e+01;
4.1235999933e+01;-3.0163835522e+01;
4.1239999933e+01;-3.0718515713e+01;
4.1243999933e+01;-3.1765335214e+01;
4.1247999933e+01;-3.2407435075e+01;
4.1251999933e+01;-3.2644315369e+01;
4.1255999933e+01;-3.3144573207e+01;
4.1259999933e+01;-3.4074005863e+01;
4.1263999933e+01;-3.5020327188e+01;
4.1267999933e+01;-3.5957030220e+01;
4.1271999933e+01;-3.7354166148e+01;
4.1275999933e+01;-3.8976931012e+01;
4.1279999933e+01;-3.9540400118e+01;
4.1283999933e+01;-3.8247553667e+01;
4.1287999933e+01;-3.5711266708e+01;
4.1291999933e+01;-3.2984181689e+01;
4.1295999933e+01;-3.0852039760e+01;
4.1299999933e+01;-3.0060473047e+01;
4.1303999933e+01;-3.0934567587e+01;
4.1307999933e+01;-3.2686947443e+01;
4.1311999933e+01;-3.3949840647e+01;
4.1315999933e+01;-3.4087100822e+01;
4.1319999933e+01;-3.3562687865e+01;
4.1323999933e+01;-3.3077414532e+01;
4.1327999933e+01;-3.2887262907e+01;
4.1331999933e+01;-3.3220124063e+01;
4.1335999933e+01;-3.4658334064e+01;
4.1339999933e+01;-3.7321892539e+01;
4.1343999933e+01;-4.0099507798e+01;
4.1347999933e+01;-4.1526097375e+01;
4.1351999933e+01;-4.1298344715e+01;
4.1355999933e+01;-4.0260983065e+01;
4.1359999933e+01;-3.9082663681e+01;
4.1363999933e+01;-3.7866215417e+01;
4.1367999933e+01;-3.6934589204e+01;
4.1371999933e+01;-3.6837160405e+01;
4.1375999933e+01;-3.7419007150e+01;
4.1379999933e+01;-3.7736523431e+01;
4.1383999933e+01;-3.7175051701e+01;
4.1387999933e+01;-3.6142581145e+01;
4.1391999933e+01;-3.5283358502e+01;
4.1395999933e+01;-3.4620549336e+01;
4.1399999933e+01;-3.4051742589e+01;
4.1403999933e+01;-3.3856417602e+01;
4.1407999933e+01;-3.4108555499e+01;
4.1411999933e+01;-3.4427533928e+01;
4.1415999933e+01;-3.4772587554e+01;
4.1419999933e+01;-3.5644861749e+01;
4.1423999933e+01;-3.7075576077e+01;
4.1427999933e+01;-3.8221424449e+01;
4.1431999933e+01;-3.8376564993e+01;
4.1435999933e+01;-3.7728956944e+01;
4.1439999933e+01;-3.6760962238e+01;
4.1443999933e+01;-3.5418787789e+01;
4.1447999933e+01;-3.3439965642e+01;
4.1451999933e+01;-3.1371681690e+01;
4.1455999933e+01;-3.0502114661e+01;
4.1459999933e+01;-3.1483722786e+01;
4.1463999933e+01;-3.3477884835e+01;
4.1467999933e+01;-3.4847051978e+01;
4.1471999933e+01;-3.4441946598e+01;
4.1475999933e+01;-3.2087494284e+01;
4.1479999933e+01;-2.8415546753e+01;
4.1483999933e+01;-2.4877977691e+01;
4.1487999933e+01;-2.3185658827e+01;
4.1491999933e+01;-2.3928582338e+01;
4.1495999933e+01;-2.6190797044e+01;
4.1499999933e+01;-2.8649945395e+01;
4.1503999933e+01;-3.0497513762e+01;
4.1507999933e+01;-3.1271360203e+01;
4.1511999933e+01;-3.0548928517e+01;
4.1515999933e+01;-2.8605307356e+01;
4.1519999933e+01;-2.6883163681e+01;
4.1523999933e+01;-2.6701025578e+01;
4.1527999933e+01;-2.8004913611e+01;
4.1531999933e+01;-3.0118890252e+01;
4.1535999933e+01;-3.2548114182e+01;
4.1539999933e+01;-3.4324700130e+01;
4.1543999933e+01;-3.4055630933e+01;
4.1547999933e+01;-3.1612180866e+01;
4.1551999933e+01;-2.8806854883e+01;
4.1555999933e+01;-2.7679056061e+01;
4.1559999933e+01;-2.8688804108e+01;
4.1563999933e+01;-3.0989139362e+01;
4.1567999933e+01;-3.3693721644e+01;
4.1571999933e+01;-3.6126641075e+01;
4.1575999933e+01;-3.7450060735e+01;
4.1579999933e+01;-3.7158195796e+01;
4.1583999933e+01;-3.5937000942e+01;
4.1587999933e+01;-3.5135788125e+01;
4.1591999933e+01;-3.5225465327e+01;
4.1595999933e+01;-3.5426815785e+01;
4.1599999933e+01;-3.4766865976e+01;
4.1603999933e+01;-3.2906529200e+01;
4.1607999933e+01;-3.0113650908e+01;
4.1611999933e+01;-2.7061841922e+01;
4.1615999933e+01;-2.4878171857e+01;
4.1619999933e+01;-2.4706041100e+01;
4.1623999933e+01;-2.6323872336e+01;
4.1627999933e+01;-2.7750233783e+01;
4.1631999933e+01;-2.7315182555e+01;
4.1635999933e+01;-2.5513012135e+01;
4.1639999933e+01;-2.3924554421e+01;
4.1643999933e+01;-2.3278704801e+01;
4.1647999933e+01;-2.3421502461e+01;
4.1651999933e+01;-2.4324895713e+01;
4.1655999933e+01;-2.6244580368e+01;
4.1659999933e+01;-2.8918479959e+01;
4.1663999933e+01;-3.1102054866e+01;
4.1667999933e+01;-3.1434909302e+01;
4.1671999933e+01;-2.9547801287e+01;
4.1675999933e+01;-2.5985379899e+01;
4.1679999933e+01;-2.1824605752e+01;
4.1683999933e+01;-1.8598032196e+01;
4.1687999933e+01;-1.7492232198e+01;
4.1691999933e+01;-1.8306496076e+01;
4.1695999933e+01;-1.9832321249e+01;
4.1699999933e+01;-2.1298813096e+01;
4.1703999933e+01;-2.2783288915e+01;
4.1707999933e+01;-2.4069434534e+01;
4.1711999933e+01;-2.4184637462e+01;
4.1715999933e+01;-2.2676586198e+01;
4.1719999933e+01;-2.0455955174e+01;
4.1723999933e+01;-1.8817103749e+01;
4.1727999933e+01;-1.8145356164e+01;
4.1731999933e+01;-1.8071381615e+01;
4.1735999933e+01;-1.8563354297e+01;
4.1739999932e+01;-2.0030464992e+01;
4.1743999932e+01;-2.2387729854e+01;
4.1747999932e+01;-2.4859478408e+01;
4.1751999933e+01;-2.6642207116e+01;
4.1755999933e+01;-2.7220114877e+01;
4.1759999932e+01;-2.6435192585e+01;
4.1763999932e+01;-2.4780613901e+01;
4.1767999932e+01;-2.3420310827e+01;
4.1771999933e+01;-2.3394535701e+01;
4.1775999933e+01;-2.4519081688e+01;
4.1779999933e+01;-2.5409236162e+01;
4.1783999932e+01;-2.5101507832e+01;
4.1787999932e+01;-2.4285627047e+01;
4.1791999932e+01;-2.4144691389e+01;
4.1795999933e+01;-2.4578531919e+01;
4.1799999933e+01;-2.4711224610e+01;
4.1803999932e+01;-2.4656082848e+01;
4.1807999932e+01;-2.5470196811e+01;
4.1811999932e+01;-2.7266090993e+01;
4.1815999933e+01;-2.8820146143e+01;
4.1819999933e+01;-2.9449162743e+01;
4.1823999933e+01;-2.9595499507e+01;
4.1827999932e+01;-2.9480693383e+01;
4.1831999932e+01;-2.8930092146e+01;
4.1835999932e+01;-2.8373511208e+01;
4.1839999933e+01;-2.8534849519e+01;
4.1843999933e+01;-2.9221162570e+01;
4.1847999932e+01;-2.9603017762e+01;
4.1851999932e+01;-2.9660506007e+01;
4.1855999932e+01;-3.0227926740e+01;
4.1859999932e+01;-3.1420382911e+01;
4.1863999932e+01;-3.2097776674e+01;
4.1867999932e+01;-3.1452798367e+01;
4.1871999932e+01;-3.0215441260e+01;
4.1875999932e+01;-2.9604142522e+01;
4.1879999932e+01;-2.9912833656e+01;
4.1883999932e+01;-3.0681195828e+01;
4.1887999932e+01;-3.1455760913e+01;
4.1891999932e+01;-3.1743560178e+01;
4.1895999932e+01;-3.0817983648e+01;
4.1899999932e+01;-2.8552968715e+01;
4.1903999932e+01;-2.6060043392e+01;
4.1907999932e+01;-2.4545885931e+01;
4.1911999932e+01;-2.4076499468e+01;
4.1915999932e+01;-2.4079638796e+01;
4.1919999932e+01;-2.4485137179e+01;
4.1923999932e+01;-2.5802662580e+01;
4.1927999932e+01;-2.8055949030e+01;
4.1931999932e+01;-3.0345191750e+01;
4.1935999932e+01;-3.1829928746e+01;
4.1939999932e+01;-3.2097237151e+01;
4.1943999932e+01;-3.0496141645e+01;
4.1947999932e+01;-2.6644689643e+01;
4.1951999932e+01;-2.1636876855e+01;
4.1955999932e+01;-1.7533723139e+01;
4.1959999932e+01;-1.5627055629e+01;
4.1963999932e+01;-1.5793420169e+01;
4.1967999932e+01;-1.7502514686e+01;
4.1971999932e+01;-2.0730678853e+01;
4.1975999932e+01;-2.5098550189e+01;
4.1979999932e+01;-2.8870912429e+01;
4.1983999932e+01;-3.0215250074e+01;
4.1987999932e+01;-2.8876636296e+01;
4.1991999932e+01;-2.6043970952e+01;
4.1995999932e+01;-2.3797262846e+01;
4.1999999932e+01;-2.4793466900e+01;
4.2003999932e+01;-3.0775793016e+01;
4.2007999932e+01;-4.0556336166e+01;
4.2011999932e+01;-5.0230941751e+01;
4.2015999932e+01;-5.6203657141e+01;
4.2019999932e+01;-5.7981471533e+01;
4.2023999932e+01;-5.7657849332e+01;
4.2027999932e+01;-5.7048906746e+01;
4.2031999932e+01;-5.6281666000e+01;
4.2035999932e+01;-5.5019792557e+01;
4.2039999932e+01;-5.3750427499e+01;
4.2043999932e+01;-5.3249548975e+01;
4.2047999932e+01;-5.3584623320e+01;
4.2051999932e+01;-5.4410748678e+01;
4.2055999932e+01;-5.5571261907e+01;
4.2059999932e+01;-5.6742454570e+01;
4.2063999932e+01;-5.7326133070e+01;
4.2067999932e+01;-5.7337825743e+01;
4.2071999932e+01;-5.7558176958e+01;
4.2075999932e+01;-5.8227750701e+01;
4.2079999932e+01;-5.8517495262e+01;
4.2083999932e+01;-5.7834250346e+01;
4.2087999932e+01;-5.6670286350e+01;
4.2091999932e+01;-5.5671978883e+01;
4.2095999932e+01;-5.4846619957e+01;
4.2099999932e+01;-5.4134773467e+01;
4.2103999932e+01;-5.3831920661e+01;
4.2107999932e+01;-5.3966487686e+01;
4.2111999932e+01;-5.3904570858e+01;
4.2115999932e+01;-5.3009973923e+01;
4.2119999932e+01;-5.1492262464e+01;
4.2123999932e+01;-5.0266847998e+01;
4.2127999932e+01;-4.9921680778e+01;
4.2131999932e+01;-5.0224486686e+01;
4.2135999932e+01;-5.0728497722e+01;
4.2139999932e+01;-5.1181544587e+01;
4.2143999932e+01;-5.1178272463e+01;
4.2147999932e+01;-5.0219772430e+01;
4.2151999932e+01;-4.8482524881e+01;
4.2155999932e+01;-4.6929835723e+01;
4.2159999932e+01;-4.6272938326e+01;
4.2163999932e+01;-4.6398664141e+01;
4.2167999932e+01;-4.7111423363e+01;
4.2171999932e+01;-4.8437991844e+01;
4.2175999932e+01;-4.9757173500e+01;
4.2179999932e+01;-4.9831423204e+01;
4.2183999932e+01;-4.8448929099e+01;
4.2187999932e+01;-4.7120080791e+01;
4.2191999932e+01;-4.7237651967e+01;
4.2195999932e+01;-4.8216660168e+01;
4.2199999932e+01;-4.8459552181e+01;
4.2203999932e+01;-4.7558770106e+01;
4.2207999932e+01;-4.6432852155e+01;
4.2211999932e+01;-4.5711743228e+01;
4.2215999932e+01;-4.5159299506e+01;
4.2219999932e+01;-4.4616591801e+01;
4.2223999932e+01;-4.4388879061e+01;
4.2227999932e+01;-4.4454573761e+01;
4.2231999932e+01;-4.4326296277e+01;
4.2235999932e+01;-4.4026701258e+01;
4.2239999932e+01;-4.4254009902e+01;
4.2243999932e+01;-4.5342575858e+01;
4.2247999932e+01;-4.6724459535e+01;
4.2251999932e+01;-4.7587131178e+01;
4.2255999932e+01;-4.7698304013e+01;
4.2259999932e+01;-4.7202840494e+01;
4.2263999932e+01;-4.6021325752e+01;
4.2267999932e+01;-4.4224593642e+01;
4.2271999932e+01;-4.2509545554e+01;
4.2275999932e+01;-4.1517608898e+01;
4.2279999932e+01;-4.1175868331e+01;
4.2283999932e+01;-4.1205737935e+01;
4.2287999932e+01;-4.1630610523e+01;
4.2291999932e+01;-4.2354989214e+01;
4.2295999932e+01;-4.2891551042e+01;
4.2299999932e+01;-4.2962455926e+01;
4.2303999932e+01;-4.2952754877e+01;
4.2307999932e+01;-4.3332765317e+01;
4.2311999932e+01;-4.3978701778e+01;
4.2315999932e+01;-4.4553344080e+01;
4.2319999932e+01;-4.5103499176e+01;
4.2323999932e+01;-4.5652052830e+01;
4.2327999932e+01;-4.5634825391e+01;
4.2331999932e+01;-4.4466293666e+01;
4.2335999932e+01;-4.2409002285e+01;
4.2339999932e+01;-4.0245254367e+01;
4.2343999932e+01;-3.8252931622e+01;
4.2347999932e+01;-3.6143597103e+01;
4.2351999932e+01;-3.4049031871e+01;
4.2355999932e+01;-3.2854460648e+01;
4.2359999932e+01;-3.3120716688e+01;
4.2363999932e+01;-3.4175995328e+01;
4.2367999932e+01;-3.4809372776e+01;
4.2371999932e+01;-3.4499024149e+01;
4.2375999931e+01;-3.3525189910e+01;
4.2379999931e+01;-3.2372129408e+01;
4.2383999931e+01;-3.1498160817e+01;
4.2387999931e+01;-3.1342096620e+01;
4.2391999932e+01;-3.2049336222e+01;
4.2395999931e+01;-3.2996458647e+01;
4.2399999931e+01;-3.3036797435e+01;
4.2403999931e+01;-3.1721039631e+01;
4.2407999931e+01;-2.9701251596e+01;
4.2411999932e+01;-2.7678893946e+01;
4.2415999932e+01;-2.5875309186e+01;
4.2419999931e+01;-2.4656658896e+01;
4.2423999931e+01;-2.4546078338e+01;
4.2427999931e+01;-2.5127619007e+01;
4.2431999931e+01;-2.5009747365e+01;
4.2435999932e+01;-2.3623781286e+01;
4.2439999931e+01;-2.2060386464e+01;
4.2443999931e+01;-2.1507461627e+01;
4.2447999931e+01;-2.1816215404e+01;
4.2451999931e+01;-2.2180738090e+01;
4.2455999932e+01;-2.2361250204e+01;
4.2459999932e+01;-2.2342914832e+01;
4.2463999931e+01;-2.1633795091e+01;
4.2467999931e+01;-2.0144439459e+01;
4.2471999931e+01;-1.8919688317e+01;
4.2475999931e+01;-1.8808277478e+01;
4.2479999932e+01;-1.9238879972e+01;
4.2483999931e+01;-1.9292426215e+01;
4.2487999931e+01;-1.9281676124e+01;
4.2491999931e+01;-2.0427422384e+01;
4.2495999931e+01;-2.3204992913e+01;
4.2499999931e+01;-2.6247408312e+01;
4.2503999931e+01;-2.6850527335e+01;
4.2507999931e+01;-2.2747809897e+01;
4.2511999931e+01;-1.3306944505e+01;
4.2515999931e+01;7.5796017237e-01;
4.2519999931e+01;1.7908535840e+01;
4.2523999931e+01;3.6166630735e+01;
4.2527999931e+01;5.3832045254e+01;
4.2531999931e+01;6.9701468451e+01;
4.2535999931e+01;8.2511524568e+01;
4.2539999931e+01;9.0998555360e+01;
4.2543999931e+01;9.5100863657e+01;
4.2547999931e+01;9.6476717254e+01;
4.2551999931e+01;9.7114551651e+01;
4.2555999931e+01;9.7940419230e+01;
4.2559999931e+01;9.8982108445e+01;
4.2563999931e+01;1.0002024416e+02;
4.2567999931e+01;1.0076751489e+02;
4.2571999931e+01;1.0090214598e+02;
4.2575999931e+01;1.0039703399e+02;
4.2579999931e+01;9.9826944070e+01;
4.2583999931e+01;9.9924636212e+01;
4.2587999931e+01;1.0070344508e+02;
4.2591999931e+01;1.0144406937e+02;
4.2595999931e+01;1.0170137928e+02;
4.2599999931e+01;1.0171727742e+02;
4.2603999931e+01;1.0152087687e+02;
4.2607999931e+01;1.0047936168e+02;
4.2611999931e+01;9.8328546251e+01;
4.2615999931e+01;9.5750476592e+01;
4.2619999931e+01;9.3330549416e+01;
4.2623999931e+01;9.1002151854e+01;
4.2627999931e+01;8.9081208377e+01;
4.2631999931e+01;8.8548667076e+01;
4.2635999931e+01;8.9561493264e+01;
4.2639999931e+01;9.0625452920e+01;
4.2643999931e+01;8.9968914041e+01;
4.2647999931e+01;8.7331091900e+01;
4.2651999931e+01;8.3884423556e+01;
4.2655999931e+01;8.0820687579e+01;
4.2659999931e+01;7.8783937140e+01;
4.2663999931e+01;7.8274107056e+01;
4.2667999931e+01;7.9405371855e+01;
4.2671999931e+01;8.1466096992e+01;
4.2675999931e+01;8.3640345137e+01;
4.2679999931e+01;8.5493577047e+01;
4.2683999931e+01;8.6034827381e+01;
4.2687999931e+01;8.3402971717e+01;
4.2691999931e+01;7.6783027828e+01;
4.2695999931e+01;6.8257953947e+01;
4.2699999931e+01;6.1321578242e+01;
4.2703999931e+01;5.7504271884e+01;
4.2707999931e+01;5.5658473633e+01;
4.2711999931e+01;5.4325237788e+01;
4.2715999931e+01;5.3332351302e+01;
4.2719999931e+01;5.2935766128e+01;
4.2723999931e+01;5.2851574640e+01;
4.2727999931e+01;5.2822983293e+01;
4.2731999931e+01;5.3139949989e+01;
4.2735999931e+01;5.3747569369e+01;
4.2739999931e+01;5.3480778043e+01;
4.2743999931e+01;5.1252368237e+01;
4.2747999931e+01;4.7709846617e+01;
4.2751999931e+01;4.4687280106e+01;
4.2755999931e+01;4.3361311246e+01;
4.2759999931e+01;4.3801351414e+01;
4.2763999931e+01;4.5575757552e+01;
4.2767999931e+01;4.7772602479e+01;
4.2771999931e+01;4.9071698254e+01;
4.2775999931e+01;4.8715852852e+01;
4.2779999931e+01;4.7222094419e+01;
4.2783999931e+01;4.5736267289e+01;
4.2787999931e+01;4.4937321689e+01;
4.2791999931e+01;4.4840494944e+01;
4.2795999931e+01;4.5153128100e+01;
4.2799999931e+01;4.5304090886e+01;
4.2803999931e+01;4.4408996808e+01;
4.2807999931e+01;4.2011269658e+01;
4.2811999931e+01;3.9149547371e+01;
4.2815999931e+01;3.7928296399e+01;
4.2819999931e+01;3.9477652918e+01;
4.2823999931e+01;4.2704386438e+01;
4.2827999931e+01;4.5538664331e+01;
4.2831999931e+01;4.6990281246e+01;
4.2835999931e+01;4.7272903676e+01;
4.2839999931e+01;4.6690654519e+01;
4.2843999931e+01;4.5439382152e+01;
4.2847999931e+01;4.3936728340e+01;
4.2851999931e+01;4.2609731172e+01;
4.2855999931e+01;4.1573208805e+01;
4.2859999931e+01;4.0851203232e+01;
4.2863999931e+01;4.0601815992e+01;
4.2867999931e+01;4.0473661099e+01;
4.2871999931e+01;3.9211497101e+01;
4.2875999931e+01;3.5926390375e+01;
4.2879999931e+01;3.1381865799e+01;
4.2883999931e+01;2.7478083116e+01;
4.2887999931e+01;2.5824564176e+01;
4.2891999931e+01;2.6892379059e+01;
4.2895999931e+01;3.0102329872e+01;
4.2899999931e+01;3.4175979267e+01;
4.2903999931e+01;3.7462345925e+01;
4.2907999931e+01;3.8716062760e+01;
4.2911999931e+01;3.7866512209e+01;
4.2915999931e+01;3.5709633640e+01;
4.2919999931e+01;3.2721523998e+01;
4.2923999931e+01;2.8661647475e+01;
4.2927999931e+01;2.3926001306e+01;
4.2931999931e+01;2.0387686873e+01;
4.2935999931e+01;1.9499822332e+01;
4.2939999931e+01;2.0391063985e+01;
4.2943999931e+01;2.1123018311e+01;
4.2947999931e+01;2.0888228397e+01;
4.2951999931e+01;1.9927236167e+01;
4.2955999931e+01;1.8249936112e+01;
4.2959999931e+01;1.5772460631e+01;
4.2963999931e+01;1.3378705307e+01;
4.2967999931e+01;1.2333750086e+01;
4.2971999931e+01;1.2489495312e+01;
4.2975999931e+01;1.2555388544e+01;
4.2979999931e+01;1.2106426247e+01;
4.2983999931e+01;1.1872875351e+01;
4.2987999931e+01;1.2143718137e+01;
4.2991999931e+01;1.2005552624e+01;
4.2995999931e+01;1.0641722518e+01;
4.2999999931e+01;8.7271098718e+00;
4.3003999931e+01;7.5470007742e+00;
4.3007999931e+01;7.3463575924e+00;
4.3011999930e+01;7.6636567195e+00;
4.3015999930e+01;8.5314310137e+00;
4.3019999930e+01;1.0062334881e+01;
4.3023999930e+01;1.1372289468e+01;
4.3027999930e+01;1.1227167580e+01;
4.3031999931e+01;9.6894489974e+00;
4.3035999930e+01;8.0619661543e+00;
4.3039999930e+01;7.0732180197e+00;
4.3043999930e+01;6.2430056306e+00;
4.3047999930e+01;5.1855943091e+00;
4.3051999931e+01;4.1983716707e+00;
4.3055999930e+01;3.4797530114e+00;
4.3059999930e+01;3.0439519146e+00;
4.3063999930e+01;3.4109079335e+00;
4.3067999930e+01;5.2902831156e+00;
4.3071999930e+01;8.6197475800e+00;
4.3075999931e+01;1.2468161379e+01;
4.3079999930e+01;1.5305437511e+01;
4.3083999930e+01;1.5082162207e+01;
4.3087999930e+01;9.8487134115e+00;
4.3091999930e+01;-1.0348279011e+00;
4.3095999931e+01;-1.5794381772e+01;
4.3099999930e+01;-3.0396931117e+01;
4.3103999930e+01;-4.0674278655e+01;
4.3107999930e+01;-4.4749963711e+01;
4.3111999930e+01;-4.3541615484e+01;
4.3115999930e+01;-3.9414693722e+01;
4.3119999930e+01;-3.4739761118e+01;
4.3123999930e+01;-3.1380973544e+01;
4.3127999930e+01;-3.0479045221e+01;
4.3131999930e+01;-3.2086055021e+01;
4.3135999930e+01;-3.5252674106e+01;
4.3139999930e+01;-3.8542582489e+01;
4.3143999930e+01;-4.0494056232e+01;
4.3147999930e+01;-4.0244817914e+01;
4.3151999930e+01;-3.8256639958e+01;
4.3155999930e+01;-3.6162501104e+01;
4.3159999930e+01;-3.5303647645e+01;
4.3163999930e+01;-3.5448498509e+01;
4.3167999930e+01;-3.5431609473e+01;
4.3171999930e+01;-3.4754017538e+01;
4.3175999930e+01;-3.3812802559e+01;
4.3179999930e+01;-3.2941295058e+01;
4.3183999930e+01;-3.2260833554e+01;
4.3187999930e+01;-3.2265176618e+01;
4.3191999930e+01;-3.3499889320e+01;
4.3195999930e+01;-3.5588732244e+01;
4.3199999930e+01;-3.7331365330e+01;
4.3203999930e+01;-3.7980686304e+01;
4.3207999930e+01;-3.7907290468e+01;
4.3211999930e+01;-3.7682052910e+01;
4.3215999930e+01;-3.7052296235e+01;
4.3219999930e+01;-3.5534706816e+01;
4.3223999930e+01;-3.3562772327e+01;
4.3227999930e+01;-3.2180719962e+01;
4.3231999930e+01;-3.1858598873e+01;
4.3235999930e+01;-3.2219152933e+01;
4.3239999930e+01;-3.2760407521e+01;
4.3243999930e+01;-3.3420198749e+01;
4.3247999930e+01;-3.4423948328e+01;
4.3251999930e+01;-3.5853028566e+01;
4.3255999930e+01;-3.7563098447e+01;
4.3259999930e+01;-3.9316167745e+01;
4.3263999930e+01;-4.0694969999e+01;
4.3267999930e+01;-4.1145009686e+01;
4.3271999930e+01;-4.0414180172e+01;
4.3275999930e+01;-3.8817334966e+01;
4.3279999930e+01;-3.6928295310e+01;
4.3283999930e+01;-3.5192198441e+01;
4.3287999930e+01;-3.3966544548e+01;
4.3291999930e+01;-3.3592493432e+01;
4.3295999930e+01;-3.4091340066e+01;
4.3299999930e+01;-3.5017796288e+01;
4.3303999930e+01;-3.6134601710e+01;
4.3307999930e+01;-3.7938956595e+01;
4.3311999930e+01;-4.0540669089e+01;
4.3315999930e+01;-4.2585720721e+01;
4.3319999930e+01;-4.2620998909e+01;
4.3323999930e+01;-4.0943814156e+01;
4.3327999930e+01;-3.9036674691e+01;
4.3331999930e+01;-3.7780906660e+01;
4.3335999930e+01;-3.7132283245e+01;
4.3339999930e+01;-3.6957155474e+01;
4.3343999930e+01;-3.7180714010e+01;
4.3347999930e+01;-3.7381717793e+01;
4.3351999930e+01;-3.7058826729e+01;
4.3355999930e+01;-3.6431908200e+01;
4.3359999930e+01;-3.6426841096e+01;
4.3363999930e+01;-3.7429157501e+01;
4.3367999930e+01;-3.8592007613e+01;
4.3371999930e+01;-3.8947284215e+01;
4.3375999930e+01;-3.8487179166e+01;
4.3379999930e+01;-3.7616557354e+01;
4.3383999930e+01;-3.6501768788e+01;
4.3387999930e+01;-3.5588245159e+01;
4.3391999930e+01;-3.5814376087e+01;
4.3395999930e+01;-3.7542258372e+01;
4.3399999930e+01;-3.9735314580e+01;
4.3403999930e+01;-4.0810147692e+01;
4.3407999930e+01;-4.0227151443e+01;
4.3411999930e+01;-3.8579693226e+01;
4.3415999930e+01;-3.6353966611e+01;
4.3419999930e+01;-3.4228365359e+01;
4.3423999930e+01;-3.4425949784e+01;
4.3427999930e+01;-3.9253704122e+01;
4.3431999930e+01;-4.7933993894e+01;
4.3435999930e+01;-5.6825952916e+01;
4.3439999930e+01;-6.2801730810e+01;
4.3443999930e+01;-6.4967208818e+01;
4.3447999930e+01;-6.3710526148e+01;
4.3451999930e+01;-5.9987730853e+01;
4.3455999930e+01;-5.5553316651e+01;
4.3459999930e+01;-5.2518363485e+01;
4.3463999930e+01;-5.2041859512e+01;
4.3467999930e+01;-5.3680943724e+01;
4.3471999930e+01;-5.6203904124e+01;
4.3475999930e+01;-5.8508754236e+01;
4.3479999930e+01;-5.9552911207e+01;
4.3483999930e+01;-5.8490935785e+01;
4.3487999930e+01;-5.5622604234e+01;
4.3491999930e+01;-5.2523021350e+01;
4.3495999930e+01;-5.0686024171e+01;
4.3499999930e+01;-5.0349806898e+01;
4.3503999930e+01;-5.0918201000e+01;
4.3507999930e+01;-5.2082477279e+01;
4.3511999930e+01;-5.3707606581e+01;
4.3515999930e+01;-5.5047715186e+01;
4.3519999930e+01;-5.5332363010e+01;
4.3523999930e+01;-5.4860618670e+01;
4.3527999930e+01;-5.4591029771e+01;
4.3531999930e+01;-5.4852826755e+01;
4.3535999930e+01;-5.5107792540e+01;
4.3539999929e+01;-5.4895450081e+01;
4.3543999930e+01;-5.4218512497e+01;
4.3547999930e+01;-5.2947256273e+01;
4.3551999930e+01;-5.0844796748e+01;
4.3555999930e+01;-4.8352662079e+01;
4.3559999930e+01;-4.6458498623e+01;
4.3563999930e+01;-4.5633721929e+01;
4.3567999930e+01;-4.5614654981e+01;
4.3571999930e+01;-4.6300375642e+01;
4.3575999930e+01;-4.8023150889e+01;
4.3579999930e+01;-5.0584074924e+01;
4.3583999929e+01;-5.2867767402e+01;
4.3587999930e+01;-5.4053397479e+01;
4.3591999930e+01;-5.4571433748e+01;
4.3595999930e+01;-5.5266400113e+01;
4.3599999930e+01;-5.6245428304e+01;
4.3603999930e+01;-5.7145499018e+01;
4.3607999930e+01;-5.7766479359e+01;
4.3611999930e+01;-5.7794841309e+01;
4.3615999930e+01;-5.6689678052e+01;
4.3619999930e+01;-5.4432588232e+01;
4.3623999930e+01;-5.1860268020e+01;
4.3627999929e+01;-4.9780799595e+01;
4.3631999930e+01;-4.8125530536e+01;
4.3635999930e+01;-4.6544941545e+01;
4.3639999930e+01;-4.5506617893e+01;
4.3643999930e+01;-4.5994889425e+01;
4.3647999929e+01;-4.8076774545e+01;
4.3651999929e+01;-5.0326583283e+01;
4.3655999929e+01;-5.1063428757e+01;
4.3659999929e+01;-4.9920678864e+01;
4.3663999929e+01;-4.7731910817e+01;
4.3667999929e+01;-4.5414539339e+01;
4.3671999929e+01;-4.3771320154e+01;
4.3675999929e+01;-4.3595386754e+01;
4.3679999929e+01;-4.4762533936e+01;
4.3683999929e+01;-4.5784393729e+01;
4.3687999929e+01;-4.5364835636e+01;
4.3691999929e+01;-4.3915855261e+01;
4.3695999929e+01;-4.2700211586e+01;
4.3699999929e+01;-4.2091508701e+01;
4.3703999929e+01;-4.1604230316e+01;
4.3707999929e+01;-4.1217053566e+01;
4.3711999929e+01;-4.1475896283e+01;
4.3715999929e+01;-4.2290805229e+01;
4.3719999929e+01;-4.2926994938e+01;
4.3723999929e+01;-4.3280596386e+01;
4.3727999929e+01;-4.3968991678e+01;
4.3731999929e+01;-4.5288375081e+01;
4.3735999929e+01;-4.6854011852e+01;
4.3739999929e+01;-4.7955283638e+01;
4.3743999929e+01;-4.7963168713e+01;
4.3747999929e+01;-4.6610187036e+01;
4.3751999929e+01;-4.4181818771e+01;
4.3755999929e+01;-4.1713453498e+01;
4.3759999929e+01;-4.0473843698e+01;
4.3763999929e+01;-4.0684110391e+01;
4.3767999929e+01;-4.1467914993e+01;
4.3771999929e+01;-4.2304060317e+01;
4.3775999929e+01;-4.3434437969e+01;
4.3779999929e+01;-4.4686503299e+01;
4.3783999929e+01;-4.5173136308e+01;
4.3787999929e+01;-4.4674213461e+01;
4.3791999929e+01;-4.4209557887e+01;
4.3795999929e+01;-4.4623059306e+01;
4.3799999929e+01;-4.5494326308e+01;
4.3803999929e+01;-4.6037115248e+01;
4.3807999929e+01;-4.6328497750e+01;
4.3811999929e+01;-4.6800397297e+01;
4.3815999929e+01;-4.7039253002e+01;
4.3819999929e+01;-4.6126805325e+01;
4.3823999929e+01;-4.3987445329e+01;
4.3827999929e+01;-4.1564543557e+01;
4.3831999929e+01;-3.9711015276e+01;
4.3835999929e+01;-3.8734346358e+01;
4.3839999929e+01;-3.8952116726e+01;
4.3843999929e+01;-4.0540916007e+01;
4.3847999929e+01;-4.2680408097e+01;
4.3851999929e+01;-4.3874453632e+01;
4.3855999929e+01;-4.3322708549e+01;
4.3859999929e+01;-4.1329055708e+01;
4.3863999929e+01;-3.8592080274e+01;
4.3867999929e+01;-3.5865880774e+01;
4.3871999929e+01;-3.4103266967e+01;
4.3875999929e+01;-3.4038926150e+01;
4.3879999929e+01;-3.5310814945e+01;
4.3883999929e+01;-3.6557293471e+01;
4.3887999929e+01;-3.6806629912e+01;
4.3891999929e+01;-3.6227422844e+01;
4.3895999929e+01;-3.5209795421e+01;
4.3899999929e+01;-3.3598805934e+01;
4.3903999929e+01;-3.1455744239e+01;
4.3907999929e+01;-2.9895844461e+01;
4.3911999929e+01;-2.9838825343e+01;
4.3915999929e+01;-2.9637856366e+01;
4.3919999929e+01;-2.5772100680e+01;
4.3923999929e+01;-1.7015863439e+01;
4.3927999929e+01;-6.5498357606e+00;
4.3931999929e+01;9.8297072202e-01;
4.3935999929e+01;3.7539725553e+00;
4.3939999929e+01;3.4830623337e+00;
4.3943999929e+01;2.7626941085e+00;
4.3947999929e+01;2.9577795463e+00;
4.3951999929e+01;4.1074726549e+00;
4.3955999929e+01;5.0422581551e+00;
4.3959999929e+01;3.5312933980e+00;
4.3963999929e+01;-2.2326335821e+00;
4.3967999929e+01;-1.1775240311e+01;
4.3971999929e+01;-2.2330519311e+01;
4.3975999929e+01;-3.0342930068e+01;
4.3979999929e+01;-3.2889106680e+01;
4.3983999929e+01;-2.9152594269e+01;
4.3987999929e+01;-2.1670450036e+01;
4.3991999929e+01;-1.5281676974e+01;
4.3995999929e+01;-1.3635281301e+01;
4.3999999929e+01;-1.6530137051e+01;
4.4003999929e+01;-2.0903261066e+01;
4.4007999929e+01;-2.4050317928e+01;
4.4011999929e+01;-2.5053076802e+01;
4.4015999929e+01;-2.3780475020e+01;
4.4019999929e+01;-2.0525272592e+01;
4.4023999929e+01;-1.6682384071e+01;
4.4027999929e+01;-1.4103635281e+01;
4.4031999929e+01;-1.3363954346e+01;
4.4035999929e+01;-1.3442504382e+01;
4.4039999929e+01;-1.3198201943e+01;
4.4043999929e+01;-1.2497200783e+01;
4.4047999929e+01;-1.1793280899e+01;
4.4051999929e+01;-1.1352028325e+01;
4.4055999929e+01;-1.1387606059e+01;
4.4059999929e+01;-1.2383339546e+01;
4.4063999929e+01;-1.4397333157e+01;
4.4067999929e+01;-1.6372932636e+01;
4.4071999929e+01;-1.7071751883e+01;
4.4075999929e+01;-1.6415862656e+01;
4.4079999929e+01;-1.5078779989e+01;
4.4083999929e+01;-1.3235448409e+01;
4.4087999929e+01;-1.0866545978e+01;
4.4091999929e+01;-8.9574654596e+00;
4.4095999929e+01;-8.9529019445e+00;
4.4099999929e+01;-1.0898707010e+01;
4.4103999929e+01;-1.3260720638e+01;
4.4107999929e+01;-1.4719933661e+01;
4.4111999929e+01;-1.5194968789e+01;
4.4115999929e+01;-1.5025208175e+01;
4.4119999929e+01;-1.4163371937e+01;
4.4123999929e+01;-1.2660617839e+01;
4.4127999929e+01;-1.1289483001e+01;
4.4131999929e+01;-1.0932224800e+01;
4.4135999929e+01;-1.1593401504e+01;
4.4139999929e+01;-1.2608412856e+01;
4.4143999929e+01;-1.3478556639e+01;
4.4147999929e+01;-1.3864861036e+01;
4.4151999929e+01;-1.3216384606e+01;
4.4155999929e+01;-1.1260312924e+01;
4.4159999929e+01;-8.7303359008e+00;
4.4163999929e+01;-6.9133124282e+00;
4.4167999929e+01;-6.4088893803e+00;
4.4171999929e+01;-6.9085970144e+00;
4.4175999928e+01;-8.1880763222e+00;
4.4179999928e+01;-1.0302544598e+01;
4.4183999929e+01;-1.2547737404e+01;
4.4187999929e+01;-1.3477751213e+01;
4.4191999929e+01;-1.2457092767e+01;
4.4195999929e+01;-1.0288413468e+01;
4.4199999928e+01;-8.0872760569e+00;
4.4203999929e+01;-6.3858271099e+00;
4.4207999929e+01;-5.5375326544e+00;
4.4211999929e+01;-5.9641069609e+00;
4.4215999929e+01;-7.3719966935e+00;
4.4219999928e+01;-8.6319880376e+00;
4.4223999928e+01;-9.0775643829e+00;
4.4227999929e+01;-9.1308672358e+00;
4.4231999929e+01;-9.1467560197e+00;
4.4235999929e+01;-8.4967920132e+00;
4.4239999929e+01;-6.7083382638e+00;
4.4243999928e+01;-4.7542293411e+00;
4.4247999929e+01;-4.0067380981e+00;
4.4251999929e+01;-4.5336443760e+00;
4.4255999929e+01;-5.4086862031e+00;
4.4259999929e+01;-6.1197370106e+00;
4.4263999928e+01;-6.7062953251e+00;
4.4267999928e+01;-6.8630041193e+00;
4.4271999929e+01;-6.0141766032e+00;
4.4275999929e+01;-4.2410244361e+00;
4.4279999929e+01;-2.2908315546e+00;
4.4283999929e+01;-8.1735229155e-01;
4.4287999928e+01;-3.6139275879e-01;
4.4291999928e+01;-1.7015086622e+00;
4.4295999928e+01;-5.1238203894e+00;
4.4299999928e+01;-9.3723980319e+00;
4.4303999928e+01;-1.2268624257e+01;
4.4307999928e+01;-1.2675108627e+01;
4.4311999928e+01;-1.1285240043e+01;
4.4315999928e+01;-9.2507645150e+00;
4.4319999928e+01;-6.9580364241e+00;
4.4323999928e+01;-4.6208408377e+00;
4.4327999928e+01;-2.7977707227e+00;
4.4331999928e+01;-1.6413644070e+00;
4.4335999928e+01;-7.1752302302e-01;
4.4339999928e+01;-1.2102166470e-01;
4.4343999928e+01;-8.8462740078e-01;
4.4347999928e+01;-3.4640051717e+00;
4.4351999928e+01;-6.5488188647e+00;
4.4355999928e+01;-8.4150071571e+00;
4.4359999928e+01;-8.6801546806e+00;
4.4363999928e+01;-7.8689687090e+00;
4.4367999928e+01;-6.2334012899e+00;
4.4371999928e+01;-3.9928062629e+00;
4.4375999928e+01;-1.9911400167e+00;
4.4379999928e+01;-9.2215313273e-01;
4.4383999928e+01;-2.9340911971e-01;
4.4387999928e+01;8.0569117190e-01;
4.4391999928e+01;2.3243679443e+00;
4.4395999928e+01;3.3340139524e+00;
4.4399999928e+01;3.0025272581e+00;
4.4403999928e+01;1.2300984471e+00;
4.4407999928e+01;-1.3639381377e+00;
4.4411999928e+01;-4.0693502768e+00;
4.4415999928e+01;-6.4111855979e+00;
4.4419999928e+01;-7.6600761943e+00;
4.4423999928e+01;-6.9460957750e+00;
4.4427999928e+01;-4.3710908908e+00;
4.4431999928e+01;-1.1694443821e+00;
4.4435999928e+01;1.5099709988e+00;
4.4439999928e+01;3.3844612763e+00;
4.4443999928e+01;4.6969658749e+00;
4.4447999928e+01;5.5604520591e+00;
4.4451999928e+01;5.5483592278e+00;
4.4455999928e+01;4.0116140938e+00;
4.4459999928e+01;1.1378434402e+00;
4.4463999928e+01;-1.7141567346e+00;
4.4467999928e+01;-3.0899337900e+00;
4.4471999928e+01;-2.6059019173e+00;
4.4475999928e+01;-1.1727166284e+00;
4.4479999928e+01;-3.0944542435e-02;
4.4483999928e+01;6.0246214300e-01;
4.4487999928e+01;1.3877276655e+00;
4.4491999928e+01;2.4464733129e+00;
4.4495999928e+01;3.0197663524e+00;
4.4499999928e+01;2.6214612674e+00;
4.4503999928e+01;1.6998365215e+00;
4.4507999928e+01;6.9634327607e-01;
4.4511999928e+01;-6.8314893771e-01;
4.4515999928e+01;-2.4598535972e+00;
4.4519999928e+01;-3.8031154736e+00;
4.4523999928e+01;-4.4595207910e+00;
4.4527999928e+01;-5.3232246219e+00;
4.4531999928e+01;-6.4532339061e+00;
4.4535999928e+01;-6.1037503345e+00;
4.4539999928e+01;-3.0510151185e+00;
4.4543999928e+01;1.3038437391e+00;
4.4547999928e+01;4.2666681200e+00;
4.4551999928e+01;4.5237152939e+00;
4.4555999928e+01;2.7366716859e+00;
4.4559999928e+01;3.0732296847e-01;
4.4563999928e+01;-1.4316699693e+00;
4.4567999928e+01;-1.4913233544e+00;
4.4571999928e+01;1.7449234860e-02;
4.4575999928e+01;1.6351042892e+00;
4.4579999928e+01;2.0102325916e+00;
4.4583999928e+01;1.4381563447e+00;
4.4587999928e+01;1.2482422469e+00;
4.4591999928e+01;2.0445394716e+00;
4.4595999928e+01;3.3054242401e+00;
4.4599999928e+01;4.2253763435e+00;
4.4603999928e+01;4.2907536027e+00;
4.4607999928e+01;3.3749171910e+00;
4.4611999928e+01;1.6843274237e+00;
4.4615999928e+01;-1.8156682476e-01;
4.4619999928e+01;-1.2708202108e+00;
4.4623999928e+01;-1.1130789414e+00;
4.4627999928e+01;-5.0816427008e-01;
4.4631999928e+01;-6.9197398014e-01;
4.4635999928e+01;-1.9001942188e+00;
4.4639999928e+01;-3.5420889815e+00;
4.4643999928e+01;-5.2969443677e+00;
4.4647999928e+01;-6.9454008707e+00;
4.4651999928e+01;-7.5390768560e+00;
4.4655999928e+01;-6.0728613954e+00;
4.4659999928e+01;-2.9053518727e+00;
4.4663999928e+01;7.3447074465e-01;
4.4667999928e+01;4.3755122481e+00;
4.4671999928e+01;7.6868280278e+00;
4.4675999928e+01;8.3710881039e+00;
4.4679999928e+01;2.9099373483e+00;
4.4683999928e+01;-9.7653770953e+00;
4.4687999928e+01;-2.6566462541e+01;
4.4691999928e+01;-4.2327559838e+01;
4.4695999928e+01;-5.2290864320e+01;
4.4699999928e+01;-5.3567147775e+01;
4.4703999928e+01;-4.6862927173e+01;
4.4707999928e+01;-3.6782803208e+01;
4.4711999928e+01;-2.8891467728e+01;
4.4715999928e+01;-2.6080863613e+01;
4.4719999928e+01;-2.7585396684e+01;
4.4723999928e+01;-3.0873515174e+01;
4.4727999928e+01;-3.3843968037e+01;
4.4731999928e+01;-3.5251820730e+01;
4.4735999928e+01;-3.4229552631e+01;
4.4739999928e+01;-3.0767288227e+01;
4.4743999928e+01;-2.6611948002e+01;
4.4747999928e+01;-2.4257409491e+01;
4.4751999928e+01;-2.4564839859e+01;
4.4755999928e+01;-2.6356565322e+01;
4.4759999928e+01;-2.8241071182e+01;
4.4763999928e+01;-2.9678768057e+01;
4.4767999928e+01;-3.0457573394e+01;
4.4771999928e+01;-3.0348614887e+01;
4.4775999928e+01;-2.9645570080e+01;
4.4779999928e+01;-2.9089953284e+01;
4.4783999928e+01;-2.8720933635e+01;
4.4787999928e+01;-2.7975758818e+01;
4.4791999928e+01;-2.7186621038e+01;
4.4795999928e+01;-2.7454268468e+01;
4.4799999928e+01;-2.8942165068e+01;
4.4803999928e+01;-3.0539860022e+01;
4.4807999928e+01;-3.1322631154e+01;
4.4811999928e+01;-3.1586142492e+01;
4.4815999927e+01;-3.2141553372e+01;
4.4819999927e+01;-3.2854068175e+01;
4.4823999928e+01;-3.2685001921e+01;
4.4827999928e+01;-3.1458558677e+01;
4.4831999928e+01;-3.0129859654e+01;
4.4835999927e+01;-2.8964955645e+01;
4.4839999927e+01;-2.7472216074e+01;
4.4843999928e+01;-2.6155573894e+01;
4.4847999928e+01;-2.6246105491e+01;
4.4851999928e+01;-2.7871070628e+01;
4.4855999928e+01;-2.9964574549e+01;
4.4859999927e+01;-3.1597339279e+01;
4.4863999927e+01;-3.2350837593e+01;
4.4867999928e+01;-3.1767003993e+01;
4.4871999928e+01;-2.9600487819e+01;
4.4875999928e+01;-2.6783155402e+01;
4.4879999927e+01;-2.5029580262e+01;
4.4883999927e+01;-2.4847157478e+01;
4.4887999928e+01;-2.4840811415e+01;
4.4891999928e+01;-2.3713440262e+01;
4.4895999928e+01;-2.2035506353e+01;
4.4899999927e+01;-2.1260321178e+01;
4.4903999927e+01;-2.1905958794e+01;
4.4907999927e+01;-2.3538502953e+01;
4.4911999928e+01;-2.5574014710e+01;
4.4915999928e+01;-2.7137230361e+01;
4.4919999928e+01;-2.7069488427e+01;
4.4923999927e+01;-2.5050609914e+01;
4.4927999927e+01;-2.2221302413e+01;
4.4931999927e+01;-2.0185620508e+01;
4.4935999927e+01;-1.9696617768e+01;
4.4939999927e+01;-2.0727292768e+01;
4.4943999927e+01;-2.2997619773e+01;
4.4947999927e+01;-2.4954904945e+01;
4.4951999927e+01;-2.3360638879e+01;
4.4955999927e+01;-1.6012588477e+01;
4.4959999927e+01;-3.8753148509e+00;
4.4963999927e+01;1.0561902864e+01;
4.4967999927e+01;2.5010988111e+01;
4.4971999927e+01;3.6514948826e+01;
4.4975999927e+01;4.1490210333e+01;
4.4979999927e+01;3.8723727687e+01;
4.4983999927e+01;3.1541320752e+01;
4.4987999927e+01;2.5614030388e+01;
4.4991999927e+01;2.4109659439e+01;
4.4995999927e+01;2.5659296905e+01;
4.4999999927e+01;2.7327883672e+01;
4.5003999927e+01;2.7907097453e+01;
4.5007999927e+01;2.7671331143e+01;
4.5011999927e+01;2.6798216543e+01;
4.5015999927e+01;2.5434132694e+01;
4.5019999927e+01;2.4479556097e+01;
4.5023999927e+01;2.4842179477e+01;
4.5027999927e+01;2.6051860007e+01;
4.5031999927e+01;2.6807530211e+01;
4.5035999927e+01;2.6841324769e+01;
4.5039999927e+01;2.6966082138e+01;
4.5043999927e+01;2.7257638998e+01;
4.5047999927e+01;2.6795692584e+01;
4.5051999927e+01;2.5499334164e+01;
4.5055999927e+01;2.4528595504e+01;
4.5059999927e+01;2.4597847989e+01;
4.5063999927e+01;2.5528936240e+01;
4.5067999927e+01;2.7313332792e+01;
4.5071999927e+01;2.9994668640e+01;
4.5075999927e+01;3.2645191847e+01;
4.5079999927e+01;3.3748784855e+01;
4.5083999927e+01;3.2952488996e+01;
4.5087999927e+01;3.1548002676e+01;
4.5091999927e+01;3.0627497000e+01;
4.5095999927e+01;2.9814574747e+01;
4.5099999927e+01;2.8524867938e+01;
4.5103999927e+01;2.7240590238e+01;
4.5107999927e+01;2.6797912125e+01;
4.5111999927e+01;2.7322254550e+01;
4.5115999927e+01;2.8315696641e+01;
4.5119999927e+01;2.9435399778e+01;
4.5123999927e+01;3.0877779823e+01;
4.5127999927e+01;3.2813789691e+01;
4.5131999927e+01;3.4830960221e+01;
4.5135999927e+01;3.6305222439e+01;
4.5139999927e+01;3.6805051883e+01;
4.5143999927e+01;3.5864075840e+01;
4.5147999927e+01;3.3310933804e+01;
4.5151999927e+01;3.0237416221e+01;
4.5155999927e+01;2.8419068590e+01;
4.5159999927e+01;2.8514220118e+01;
4.5163999927e+01;3.0033892686e+01;
4.5167999927e+01;3.2640019345e+01;
4.5171999927e+01;3.5867190478e+01;
4.5175999927e+01;3.8150821260e+01;
4.5179999927e+01;3.7901641427e+01;
4.5183999927e+01;3.5315715722e+01;
4.5187999927e+01;3.2153535387e+01;
4.5191999927e+01;2.9946658749e+01;
4.5195999927e+01;2.8844654748e+01;
4.5199999927e+01;2.8232132727e+01;
4.5203999927e+01;2.7814888713e+01;
4.5207999927e+01;2.7574200939e+01;
4.5211999927e+01;2.7490406854e+01;
4.5215999927e+01;2.7875401124e+01;
4.5219999927e+01;2.9248514338e+01;
4.5223999927e+01;3.1440317143e+01;
4.5227999927e+01;3.3350372693e+01;
4.5231999927e+01;3.4091527738e+01;
4.5235999927e+01;3.3889136123e+01;
4.5239999927e+01;3.3313181367e+01;
4.5243999927e+01;3.2218501379e+01;
4.5247999927e+01;3.0235319159e+01;
4.5251999927e+01;2.8000721941e+01;
4.5255999927e+01;2.6855878465e+01;
4.5259999927e+01;2.7163935515e+01;
4.5263999927e+01;2.7859975292e+01;
4.5267999927e+01;2.7895072786e+01;
4.5271999927e+01;2.7291344927e+01;
4.5275999927e+01;2.6451056024e+01;
4.5279999927e+01;2.5323791913e+01;
4.5283999927e+01;2.3963584319e+01;
4.5287999927e+01;2.3115904027e+01;
4.5291999927e+01;2.3276949920e+01;
4.5295999927e+01;2.3732649552e+01;
4.5299999927e+01;2.3433634050e+01;
4.5303999927e+01;2.2299733975e+01;
4.5307999927e+01;2.0910603349e+01;
4.5311999927e+01;1.9574194205e+01;
4.5315999927e+01;1.8640441359e+01;
4.5319999927e+01;1.9030470409e+01;
4.5323999927e+01;2.1116447973e+01;
4.5327999927e+01;2.3601491555e+01;
4.5331999927e+01;2.4767926367e+01;
4.5335999927e+01;2.4426033773e+01;
4.5339999927e+01;2.3711046347e+01;
4.5343999927e+01;2.3254795595e+01;
4.5347999927e+01;2.2615653989e+01;
4.5351999927e+01;2.1683174748e+01;
4.5355999927e+01;2.1271421904e+01;
4.5359999927e+01;2.1774891704e+01;
4.5363999927e+01;2.2639953014e+01;
4.5367999927e+01;2.3646605148e+01;
4.5371999927e+01;2.5289143787e+01;
4.5375999927e+01;2.7240993609e+01;
4.5379999927e+01;2.7929176770e+01;
4.5383999927e+01;2.6681030103e+01;
4.5387999927e+01;2.4921442311e+01;
4.5391999927e+01;2.4279475981e+01;
4.5395999927e+01;2.4784723708e+01;
4.5399999927e+01;2.5636491752e+01;
4.5403999927e+01;2.6449873273e+01;
4.5407999927e+01;2.6886167594e+01;
4.5411999927e+01;2.6142119527e+01;
4.5415999927e+01;2.3860172380e+01;
4.5419999927e+01;2.0963567131e+01;
4.5423999927e+01;1.8684045445e+01;
4.5427999927e+01;1.7096699580e+01;
4.5431999927e+01;1.5426767464e+01;
4.5435999927e+01;1.3548439102e+01;
4.5439999927e+01;1.2339537976e+01;
4.5443999927e+01;1.2479413616e+01;
4.5447999927e+01;1.3665513233e+01;
4.5451999926e+01;1.5346589094e+01;
4.5455999926e+01;1.7251522603e+01;
4.5459999926e+01;1.8672312289e+01;
4.5463999927e+01;1.8454498466e+01;
4.5467999927e+01;1.6478842480e+01;
4.5471999926e+01;1.4172248235e+01;
4.5475999926e+01;1.2937876647e+01;
4.5479999926e+01;1.2917085841e+01;
4.5483999927e+01;1.3670051009e+01;
4.5487999927e+01;1.5065006838e+01;
4.5491999927e+01;1.6867960958e+01;
4.5495999926e+01;1.8280254426e+01;
4.5499999926e+01;1.8704901743e+01;
4.5503999926e+01;1.8571707866e+01;
4.5507999927e+01;1.8808890323e+01;
4.5511999927e+01;1.9681896956e+01;
4.5515999926e+01;2.0608760545e+01;
4.5519999926e+01;2.1169060614e+01;
4.5523999926e+01;2.1587541387e+01;
4.5527999927e+01;2.1858653716e+01;
4.5531999927e+01;2.1530763275e+01;
4.5535999927e+01;2.0919375542e+01;
4.5539999926e+01;2.1336274479e+01;
4.5543999926e+01;2.3459233638e+01;
4.5547999926e+01;2.6224396411e+01;
4.5551999927e+01;2.8019779857e+01;
4.5555999927e+01;2.8497987465e+01;
4.5559999926e+01;2.8445009202e+01;
4.5563999926e+01;2.8550011917e+01;
4.5567999926e+01;2.9184610379e+01;
4.5571999926e+01;3.0467435801e+01;
4.5575999926e+01;3.1719232373e+01;
4.5579999926e+01;3.1682396490e+01;
4.5583999926e+01;3.0040861882e+01;
4.5587999926e+01;2.8376871066e+01;
4.5591999926e+01;2.8686015286e+01;
4.5595999926e+01;3.0569621314e+01;
4.5599999926e+01;3.0956009607e+01;
4.5603999926e+01;2.7239689592e+01;
4.5607999926e+01;1.9481940818e+01;
4.5611999926e+01;9.1034546704e+00;
4.5615999926e+01;-2.6578959338e+00;
4.5619999926e+01;-1.3666137008e+01;
4.5623999926e+01;-2.0252576780e+01;
4.5627999926e+01;-2.0166233780e+01;
4.5631999926e+01;-1.5213281155e+01;
4.5635999926e+01;-9.4355784934e+00;
4.5639999926e+01;-5.8496296038e+00;
4.5643999926e+01;-5.5844261758e+00;
4.5647999926e+01;-8.3412541091e+00;
4.5651999926e+01;-1.2485196862e+01;
4.5655999926e+01;-1.5681878072e+01;
4.5659999926e+01;-1.6479281182e+01;
4.5663999926e+01;-1.5074442678e+01;
4.5667999926e+01;-1.2381592038e+01;
4.5671999926e+01;-9.0190580129e+00;
4.5675999926e+01;-5.6646375549e+00;
4.5679999926e+01;-3.6473302054e+00;
4.5683999926e+01;-3.9847368044e+00;
4.5687999926e+01;-5.9748737775e+00;
4.5691999926e+01;-7.7318721162e+00;
4.5695999926e+01;-8.0343883988e+00;
4.5699999926e+01;-7.1220021974e+00;
4.5703999926e+01;-5.8341047526e+00;
4.5707999926e+01;-4.5375560662e+00;
4.5711999926e+01;-3.3760556341e+00;
4.5715999926e+01;-2.9607792124e+00;
4.5719999926e+01;-3.7995630451e+00;
4.5723999926e+01;-5.4683214407e+00;
4.5727999926e+01;-7.0593813765e+00;
4.5731999926e+01;-8.0340434737e+00;
4.5735999926e+01;-8.2073266516e+00;
4.5739999926e+01;-7.0134946005e+00;
4.5743999926e+01;-3.3155096574e+00;
4.5747999926e+01;3.4714157642e+00;
4.5751999926e+01;1.2553262201e+01;
4.5755999926e+01;2.2627158758e+01;
4.5759999926e+01;3.2790133360e+01;
4.5763999926e+01;4.2270970027e+01;
4.5767999926e+01;5.0350412108e+01;
4.5771999926e+01;5.6739997914e+01;
4.5775999926e+01;6.1183400973e+01;
4.5779999926e+01;6.3061930778e+01;
4.5783999926e+01;6.2319079177e+01;
4.5787999926e+01;6.0379025162e+01;
4.5791999926e+01;5.9375058653e+01;
4.5795999926e+01;6.0514112930e+01;
4.5799999926e+01;6.3424972592e+01;
4.5803999926e+01;6.6717217640e+01;
4.5807999926e+01;6.8675203821e+01;
4.5811999926e+01;6.7833747496e+01;
4.5815999926e+01;6.3773519625e+01;
4.5819999926e+01;5.7586105458e+01;
4.5823999926e+01;5.1405814121e+01;
4.5827999926e+01;4.7267349032e+01;
4.5831999926e+01;4.6014992482e+01;
4.5835999926e+01;4.7132655561e+01;
4.5839999926e+01;4.9549372849e+01;
4.5843999926e+01;5.2266201762e+01;
4.5847999926e+01;5.4324749690e+01;
4.5851999926e+01;5.5080631826e+01;
4.5855999926e+01;5.4663737021e+01;
4.5859999926e+01;5.3528326342e+01;
4.5863999926e+01;5.1821011554e+01;
4.5867999926e+01;4.9673155493e+01;
4.5871999926e+01;4.7609984732e+01;
4.5875999926e+01;4.6041265058e+01;
4.5879999926e+01;4.4756468669e+01;
4.5883999926e+01;4.3772915173e+01;
4.5887999926e+01;4.4162494109e+01;
4.5891999926e+01;4.6839053152e+01;
4.5895999926e+01;5.0832165726e+01;
4.5899999926e+01;5.3830607704e+01;
4.5903999926e+01;5.4484753451e+01;
4.5907999926e+01;5.3417668391e+01;
4.5911999926e+01;5.1694427425e+01;
4.5915999926e+01;4.9416170380e+01;
4.5919999926e+01;4.6679137590e+01;
4.5923999926e+01;4.4555983535e+01;
4.5927999926e+01;4.3998471328e+01;
4.5931999926e+01;4.4793645103e+01;
4.5935999926e+01;4.6273105804e+01;
4.5939999926e+01;4.8169436179e+01;
4.5943999926e+01;5.0281058013e+01;
4.5947999926e+01;5.1928210798e+01;
4.5951999926e+01;5.2177012058e+01;
4.5955999926e+01;5.0607492304e+01;
4.5959999926e+01;4.7910003639e+01;
4.5963999926e+01;4.5571521442e+01;
4.5967999926e+01;4.4873213248e+01;
4.5971999926e+01;4.6072083834e+01;
4.5975999926e+01;4.8254556998e+01;
4.5979999926e+01;5.0110718444e+01;
4.5983999926e+01;5.1100314953e+01;
4.5987999926e+01;5.1745195063e+01;
4.5991999926e+01;5.2700634808e+01;
4.5995999926e+01;5.3714537812e+01;
4.5999999926e+01;5.3879052253e+01;
4.6003999926e+01;5.3000691375e+01;
4.6007999926e+01;5.1966218180e+01;
4.6011999926e+01;5.1362430538e+01;
4.6015999926e+01;5.0749546109e+01;
4.6019999926e+01;4.9742335872e+01;
4.6023999926e+01;4.8682018717e+01;
4.6027999926e+01;4.7877801428e+01;
4.6031999926e+01;4.7196571441e+01;
4.6035999926e+01;4.6717649791e+01;
4.6039999926e+01;4.6945229553e+01;
4.6043999926e+01;4.7955815887e+01;
4.6047999926e+01;4.9124018123e+01;
4.6051999926e+01;5.0202344973e+01;
4.6055999926e+01;5.1704489413e+01;
4.6059999926e+01;5.3559231836e+01;
4.6063999926e+01;5.4523641486e+01;
4.6067999926e+01;5.3739182776e+01;
4.6071999926e+01;5.1853703936e+01;
4.6075999926e+01;4.9894079643e+01;
4.6079999926e+01;4.7899455844e+01;
4.6083999926e+01;4.5525908269e+01;
4.6087999925e+01;4.3403279492e+01;
4.6091999925e+01;4.2702439393e+01;
4.6095999925e+01;4.3527212841e+01;
4.6099999925e+01;4.4805406281e+01;
4.6103999926e+01;4.5828316134e+01;
4.6107999926e+01;4.7063265987e+01;
4.6111999925e+01;4.9051190815e+01;
4.6115999925e+01;5.0941954739e+01;
4.6119999925e+01;5.0667377990e+01;
4.6123999926e+01;4.6616663347e+01;
4.6127999926e+01;3.8883850189e+01;
4.6131999925e+01;2.8984257409e+01;
4.6135999925e+01;1.9136470674e+01;
4.6139999925e+01;1.1910981430e+01;
4.6143999925e+01;9.2521238960e+00;
4.6147999926e+01;1.1102160092e+01;
4.6151999925e+01;1.5518169694e+01;
4.6155999925e+01;2.0191923004e+01;
4.6159999925e+01;2.3517159834e+01;
4.6163999925e+01;2.4678792872e+01;
4.6167999926e+01;2.3631877445e+01;
4.6171999926e+01;2.1241429660e+01;
4.6175999925e+01;1.8701649359e+01;
4.6179999925e+01;1.6539408977e+01;
4.6183999925e+01;1.4930138759e+01;
4.6187999925e+01;1.4581380534e+01;
4.6191999926e+01;1.5927449392e+01;
4.6195999925e+01;1.7779618538e+01;
4.6199999925e+01;1.8280562159e+01;
4.6203999925e+01;1.7319587259e+01;
4.6207999925e+01;1.6697574448e+01;
4.6211999925e+01;1.7591140245e+01;
4.6215999925e+01;1.9259996981e+01;
4.6219999925e+01;2.0675720598e+01;
4.6223999925e+01;2.1875022117e+01;
4.6227999925e+01;2.2988430364e+01;
4.6231999925e+01;2.3246429295e+01;
4.6235999925e+01;2.2127743158e+01;
4.6239999925e+01;2.0707707685e+01;
4.6243999925e+01;2.0533888759e+01;
4.6247999925e+01;2.1648044581e+01;
4.6251999925e+01;2.2862210464e+01;
4.6255999925e+01;2.3494192234e+01;
4.6259999925e+01;2.3713627463e+01;
4.6263999925e+01;2.3439779521e+01;
4.6267999925e+01;2.2109950809e+01;
4.6271999925e+01;1.9932798896e+01;
4.6275999925e+01;1.8256121282e+01;
4.6279999925e+01;1.7918725902e+01;
4.6283999925e+01;1.8377803560e+01;
4.6287999925e+01;1.8988857190e+01;
4.6291999925e+01;1.9741855016e+01;
4.6295999925e+01;2.0379336311e+01;
4.6299999925e+01;2.0191163587e+01;
4.6303999925e+01;1.9215216778e+01;
4.6307999925e+01;1.8580848482e+01;
4.6311999925e+01;1.9131248382e+01;
4.6315999925e+01;2.0480378744e+01;
4.6319999925e+01;2.1840931518e+01;
4.6323999925e+01;2.3108299186e+01;
4.6327999925e+01;2.4393564476e+01;
4.6331999925e+01;2.4988737793e+01;
4.6335999925e+01;2.4086874377e+01;
4.6339999925e+01;2.2216305435e+01;
4.6343999925e+01;2.0574781189e+01;
4.6347999925e+01;1.9479233825e+01;
4.6351999925e+01;1.8661907147e+01;
4.6355999925e+01;1.8270989275e+01;
4.6359999925e+01;1.8503812784e+01;
4.6363999925e+01;1.8907498017e+01;
4.6367999925e+01;1.8774887501e+01;
4.6371999925e+01;1.7941073271e+01;
4.6375999925e+01;1.7028300824e+01;
4.6379999925e+01;1.6902166117e+01;
4.6383999925e+01;1.7878055165e+01;
4.6387999925e+01;1.9673464681e+01;
4.6391999925e+01;2.1737118748e+01;
4.6395999925e+01;2.3201982948e+01;
4.6399999925e+01;2.3140614182e+01;
4.6403999925e+01;2.1394539223e+01;
4.6407999925e+01;1.8896958606e+01;
4.6411999925e+01;1.6882867232e+01;
4.6415999925e+01;1.5954456300e+01;
4.6419999925e+01;1.6239756118e+01;
4.6423999925e+01;1.7908616643e+01;
4.6427999925e+01;2.0721888654e+01;
4.6431999925e+01;2.3570654187e+01;
4.6435999925e+01;2.5263632022e+01;
4.6439999925e+01;2.5532366957e+01;
4.6443999925e+01;2.4818192698e+01;
4.6447999925e+01;2.3457070138e+01;
4.6451999925e+01;2.1819275260e+01;
4.6455999925e+01;2.0729486261e+01;
4.6459999925e+01;2.0614751317e+01;
4.6463999925e+01;2.0747259516e+01;
4.6467999925e+01;2.0192426700e+01;
4.6471999925e+01;1.8985564350e+01;
4.6475999925e+01;1.7776357538e+01;
4.6479999925e+01;1.6726124182e+01;
4.6483999925e+01;1.5573363975e+01;
4.6487999925e+01;1.4690069000e+01;
4.6491999925e+01;1.5028075112e+01;
4.6495999925e+01;1.6763787723e+01;
4.6499999925e+01;1.8995633198e+01;
4.6503999925e+01;2.1054844721e+01;
4.6507999925e+01;2.3026129720e+01;
4.6511999925e+01;2.4653719389e+01;
4.6515999925e+01;2.4804806572e+01;
4.6519999925e+01;2.2738184800e+01;
4.6523999925e+01;1.9499886166e+01;
4.6527999925e+01;1.7324871302e+01;
4.6531999925e+01;1.7558380627e+01;
4.6535999925e+01;1.9766505164e+01;
4.6539999925e+01;2.2774699604e+01;
4.6543999925e+01;2.5481894665e+01;
4.6547999925e+01;2.6725332535e+01;
4.6551999925e+01;2.5763715026e+01;
4.6555999925e+01;2.3353628919e+01;
4.6559999925e+01;2.1374482142e+01;
4.6563999925e+01;2.0901333104e+01;
4.6567999925e+01;2.1362801962e+01;
4.6571999925e+01;2.1723756554e+01;
4.6575999925e+01;2.1578784381e+01;
4.6579999925e+01;2.0914827550e+01;
4.6583999925e+01;1.9696318433e+01;
4.6587999925e+01;1.8169328961e+01;
4.6591999925e+01;1.7024648287e+01;
4.6595999925e+01;1.6811790819e+01;
4.6599999925e+01;1.7551599868e+01;
4.6603999925e+01;1.9056034160e+01;
4.6607999925e+01;2.1067502784e+01;
4.6611999925e+01;2.2910856936e+01;
4.6615999925e+01;2.3741878452e+01;
4.6619999925e+01;2.3617778854e+01;
4.6623999925e+01;2.3699743079e+01;
4.6627999925e+01;2.4799838358e+01;
4.6631999925e+01;2.6257563046e+01;
4.6635999925e+01;2.6886098363e+01;
4.6639999925e+01;2.6527183378e+01;
4.6643999925e+01;2.6007304064e+01;
4.6647999925e+01;2.5944631088e+01;
4.6651999925e+01;2.6107419112e+01;
4.6655999925e+01;2.5780577504e+01;
4.6659999925e+01;2.4632295849e+01;
4.6663999925e+01;2.3108532204e+01;
4.6667999925e+01;2.1980431246e+01;
4.6671999925e+01;2.1885139385e+01;
4.6675999925e+01;2.2945331273e+01;
4.6679999925e+01;2.4254706635e+01;
4.6683999925e+01;2.4428095345e+01;
4.6687999925e+01;2.3357061077e+01;
4.6691999925e+01;2.2591512632e+01;
4.6695999925e+01;2.3338350253e+01;
4.6699999925e+01;2.5044634345e+01;
4.6703999925e+01;2.6313157173e+01;
4.6707999925e+01;2.6289520583e+01;
4.6711999925e+01;2.4982686759e+01;
4.6715999925e+01;2.2868897866e+01;
4.6719999925e+01;2.0717169567e+01;
4.6723999924e+01;1.9702609390e+01;
4.6727999924e+01;2.0623870755e+01;
4.6731999924e+01;2.2658034841e+01;
4.6735999924e+01;2.4032259085e+01;
4.6739999924e+01;2.4067674092e+01;
4.6743999925e+01;2.3545433960e+01;
4.6747999924e+01;2.3354409836e+01;
4.6751999924e+01;2.3789357881e+01;
4.6755999924e+01;2.4860473566e+01;
4.6759999924e+01;2.6350143686e+01;
4.6763999925e+01;2.7569537869e+01;
4.6767999924e+01;2.7694912798e+01;
4.6771999924e+01;2.6632428856e+01;
4.6775999924e+01;2.5199180237e+01;
4.6779999924e+01;2.4127744043e+01;
4.6783999924e+01;2.3390536227e+01;
4.6787999925e+01;2.2940716310e+01;
4.6791999924e+01;2.3340603434e+01;
4.6795999924e+01;2.4875329487e+01;
4.6799999924e+01;2.6788829863e+01;
4.6803999924e+01;2.8324828562e+01;
4.6807999925e+01;2.9789099920e+01;
4.6811999924e+01;3.1567214793e+01;
4.6815999924e+01;3.2841340400e+01;
4.6819999924e+01;3.2470192771e+01;
4.6823999924e+01;3.0674604934e+01;
4.6827999924e+01;2.8668933781e+01;
4.6831999924e+01;2.6935867283e+01;
4.6835999924e+01;2.5087175182e+01;
4.6839999924e+01;2.3171302547e+01;
4.6843999924e+01;2.1939580423e+01;
4.6847999924e+01;2.1752015380e+01;
4.6851999924e+01;2.2139508995e+01;
4.6855999924e+01;2.2859630321e+01;
4.6859999924e+01;2.4409945229e+01;
4.6863999924e+01;2.6787694241e+01;
4.6867999924e+01;2.8789750754e+01;
4.6871999924e+01;2.9418394872e+01;
4.6875999924e+01;2.9230318794e+01;
4.6879999924e+01;2.9502848221e+01;
4.6883999924e+01;3.0602756977e+01;
4.6887999924e+01;3.1927345119e+01;
4.6891999924e+01;3.2949272637e+01;
4.6895999924e+01;3.3451906573e+01;
4.6899999924e+01;3.3025404093e+01;
4.6903999924e+01;3.1258525493e+01;
4.6907999924e+01;2.8537403429e+01;
4.6911999924e+01;2.5893040685e+01;
4.6915999924e+01;2.3949236337e+01;
4.6919999924e+01;2.2760957479e+01;
4.6923999924e+01;2.2484363276e+01;
4.6927999924e+01;2.3229059581e+01;
4.6931999924e+01;2.4323487592e+01;
4.6935999924e+01;2.4703591182e+01;
4.6939999924e+01;2.4350348685e+01;
4.6943999924e+01;2.4471338954e+01;
4.6947999924e+01;2.5766367167e+01;
4.6951999924e+01;2.7426682401e+01;
4.6955999924e+01;2.8411970670e+01;
4.6959999924e+01;2.8750946224e+01;
4.6963999924e+01;2.8899337285e+01;
4.6967999924e+01;2.8803070344e+01;
4.6971999924e+01;2.8415528188e+01;
4.6975999924e+01;2.8291837879e+01;
4.6979999924e+01;2.8847337941e+01;
4.6983999924e+01;2.9640614160e+01;
4.6987999924e+01;3.0038927115e+01;
4.6991999924e+01;3.0048698952e+01;
4.6995999924e+01;2.9909463350e+01;
4.6999999924e+01;2.9351028455e+01;
4.7003999924e+01;2.7999038247e+01;
4.7007999924e+01;2.6240971813e+01;
4.7011999924e+01;2.4892038919e+01;
4.7015999924e+01;2.4291813426e+01;
4.7019999924e+01;2.4574141389e+01;
4.7023999924e+01;2.6432043452e+01;
4.7027999924e+01;3.0289841010e+01;
4.7031999924e+01;3.4629875746e+01;
4.7035999924e+01;3.6631020893e+01;
4.7039999924e+01;3.5034589777e+01;
4.7043999924e+01;3.1368284092e+01;
4.7047999924e+01;2.7851574560e+01;
4.7051999924e+01;2.4987491297e+01;
4.7055999924e+01;2.2013898487e+01;
4.7059999924e+01;1.8866990537e+01;
4.7063999924e+01;1.6591609750e+01;
4.7067999924e+01;1.6463981750e+01;
4.7071999924e+01;1.9235236535e+01;
4.7075999924e+01;2.4091056008e+01;
4.7079999924e+01;2.7813126659e+01;
4.7083999924e+01;2.6190681101e+01;
4.7087999924e+01;1.7616243384e+01;
4.7091999924e+01;5.2550320067e+00;
4.7095999924e+01;-5.0933248037e+00;
4.7099999924e+01;-9.1791518070e+00;
4.7103999924e+01;-6.4571829969e+00;
4.7107999924e+01;4.7321432689e-01;
4.7111999924e+01;7.6294943634e+00;
4.7115999924e+01;1.1738248546e+01;
4.7119999924e+01;1.1940193544e+01;
4.7123999924e+01;9.8685825891e+00;
4.7127999924e+01;7.8352263146e+00;
4.7131999924e+01;6.8087007729e+00;
4.7135999924e+01;6.4154871041e+00;
4.7139999924e+01;6.6253381744e+00;
4.7143999924e+01;7.9910341795e+00;
4.7147999924e+01;9.9642338119e+00;
4.7151999924e+01;1.0848624671e+01;
4.7155999924e+01;1.0105553820e+01;
4.7159999924e+01;9.2029231191e+00;
4.7163999924e+01;9.6037813337e+00;
4.7167999924e+01;1.1018322056e+01;
4.7171999924e+01;1.2218652469e+01;
4.7175999924e+01;1.2721673116e+01;
4.7179999924e+01;1.2898629257e+01;
4.7183999924e+01;1.3181845875e+01;
4.7187999924e+01;1.3928119346e+01;
4.7191999924e+01;1.5391752797e+01;
4.7195999924e+01;1.7289849271e+01;
4.7199999924e+01;1.8753878555e+01;
4.7203999924e+01;1.9147874113e+01;
4.7207999924e+01;1.8972048996e+01;
4.7211999924e+01;1.9213649086e+01;
4.7215999924e+01;1.9713872054e+01;
4.7219999924e+01;1.9475983275e+01;
4.7223999924e+01;1.8504108786e+01;
4.7227999924e+01;1.7869398970e+01;
4.7231999924e+01;1.8050899642e+01;
4.7235999924e+01;1.8402843746e+01;
4.7239999924e+01;1.8318954396e+01;
4.7243999924e+01;1.8013110318e+01;
4.7247999924e+01;1.7962752768e+01;
4.7251999923e+01;1.8306444343e+01;
4.7255999924e+01;1.9162057153e+01;
4.7259999924e+01;2.0836210940e+01;
4.7263999924e+01;2.2940898272e+01;
4.7267999924e+01;2.4072484881e+01;
4.7271999924e+01;2.3400200195e+01;
4.7275999924e+01;2.1814832557e+01;
4.7279999924e+01;2.0695705653e+01;
4.7283999924e+01;2.0370849433e+01;
4.7287999924e+01;2.0411192486e+01;
4.7291999924e+01;2.0642426568e+01;
4.7295999923e+01;2.1181172958e+01;
4.7299999924e+01;2.1839488572e+01;
4.7303999924e+01;2.2190109760e+01;
4.7307999924e+01;2.2290545314e+01;
4.7311999924e+01;2.2557061861e+01;
4.7315999924e+01;2.2818243676e+01;
4.7319999924e+01;2.2604464694e+01;
4.7323999924e+01;2.2244255562e+01;
4.7327999924e+01;2.2321518180e+01;
4.7331999924e+01;2.2390676044e+01;
4.7335999924e+01;2.1414458518e+01;
4.7339999923e+01;1.9132280568e+01;
4.7343999924e+01;1.6411115286e+01;
4.7347999924e+01;1.4374175164e+01;
4.7351999924e+01;1.3289885765e+01;
4.7355999924e+01;1.2949148359e+01;
4.7359999924e+01;1.4297098043e+01;
4.7363999923e+01;1.9189262205e+01;
4.7367999923e+01;2.8092442949e+01;
4.7371999923e+01;3.9196992045e+01;
4.7375999923e+01;4.9624448482e+01;
4.7379999923e+01;5.6710745760e+01;
4.7383999923e+01;5.8928309753e+01;
4.7387999923e+01;5.6761369481e+01;
4.7391999923e+01;5.2580239514e+01;
4.7395999923e+01;4.8907642319e+01;
4.7399999923e+01;4.6749512963e+01;
4.7403999923e+01;4.5900995646e+01;
4.7407999923e+01;4.6216658762e+01;
4.7411999923e+01;4.7715949879e+01;
4.7415999923e+01;4.9777105093e+01;
4.7419999923e+01;5.1132424488e+01;
4.7423999923e+01;5.0988232403e+01;
4.7427999923e+01;4.9799223006e+01;
4.7431999923e+01;4.8610827563e+01;
4.7435999923e+01;4.8028067247e+01;
4.7439999923e+01;4.8271964340e+01;
4.7443999923e+01;4.9546541271e+01;
4.7447999923e+01;5.1503914468e+01;
4.7451999923e+01;5.2989276086e+01;
4.7455999923e+01;5.3192859455e+01;
4.7459999923e+01;5.2580473528e+01;
4.7463999923e+01;5.2095889683e+01;
4.7467999923e+01;5.1890642685e+01;
4.7471999923e+01;5.1456823524e+01;
4.7475999923e+01;5.0784330643e+01;
4.7479999923e+01;5.0505679365e+01;
4.7483999923e+01;5.0769201650e+01;
4.7487999923e+01;5.0902381703e+01;
4.7491999923e+01;5.0507572254e+01;
4.7495999923e+01;4.9891120073e+01;
4.7499999923e+01;4.8975682407e+01;
4.7503999923e+01;4.7063081284e+01;
4.7507999923e+01;4.4241800017e+01;
4.7511999923e+01;4.1867136028e+01;
4.7515999923e+01;4.1107681533e+01;
4.7519999923e+01;4.1789815697e+01;
4.7523999923e+01;4.3125941780e+01;
4.7527999923e+01;4.4709218405e+01;
4.7531999923e+01;4.6140241390e+01;
4.7535999923e+01;4.6607245422e+01;
4.7539999923e+01;4.5651758481e+01;
4.7543999923e+01;4.3876445155e+01;
4.7547999923e+01;4.2308781808e+01;
4.7551999923e+01;4.1446759951e+01;
4.7555999923e+01;4.1462561626e+01;
4.7559999923e+01;4.2504750992e+01;
4.7563999923e+01;4.3986795078e+01;
4.7567999923e+01;4.4624455827e+01;
4.7571999923e+01;4.4062444893e+01;
4.7575999923e+01;4.3573876226e+01;
4.7579999923e+01;4.4396246997e+01;
4.7583999923e+01;4.6094953997e+01;
4.7587999923e+01;4.7356381021e+01;
4.7591999923e+01;4.7776895373e+01;
4.7595999923e+01;4.7821031270e+01;
4.7599999923e+01;4.7543908567e+01;
4.7603999923e+01;4.6565002665e+01;
4.7607999923e+01;4.5017183041e+01;
4.7611999923e+01;4.3609947320e+01;
